JOURNAL,YEAR,VOLUME,ISSUE,editor_id,FIRST_NAME,MIDDLE_NAME,LAST_NAME,NAME,TITLE.x,CATEGORY,INST,UNIT,CITY,STATE,COUNTRY,geo.code,COUNTRY_Prior_Class,geo.code_Prior_Class
JAPE,1985,22,1,24,Anthony,David,Bradshaw,Anthony David Bradshaw,Review.Board,SE,,,,,UK,GBR,UK,GBR
JAPE,1986,23,1,24,Anthony,David,Bradshaw,Anthony David Bradshaw,Review.Board,SE,,,,,UK,GBR,UK,GBR
JAPE,1987,24,1,24,Anthony,David,Bradshaw,Anthony David Bradshaw,Review.Board,SE,,,,,UK,GBR,UK,GBR
JAPE,1988,25,1,24,Anthony,David,Bradshaw,Anthony David Bradshaw,Review.Board,SE,,,,,UK,GBR,UK,GBR
JAPE,2006,43,1,65,Andreas,,Erhardt,Andreas Erhardt,Associate.Editor,SE,NA,NA,Basel,NA,Switzerland,CHE,Switzerland,CHE
JAPE,2007,44,1,65,Andreas,,Erhardt,Andreas Erhardt,Associate.Editor,SE,,,,,Switzerland,CHE,Switzerland,CHE
JAPE,2008,45,1,65,Andreas,,Erhardt,Andreas Erhardt,Associate.Editor,SE,,,,,Switzerland,CHE,Switzerland,CHE
JAPE,2009,46,1,65,Andreas,,Erhardt,Andreas Erhardt,Associate.Editor,SE,,,,,Switzerland,CHE,Switzerland,CHE
JAPE,1996,33,1,104,Alison,,Hester,Alison Hester,Review.Board,SE,NA,NA,Aberdeen,NA,UK,GBR,UK,GBR
JAPE,1997,34,1,104,Alison,,Hester,Alison Hester,Review.Board,SE,,,,,UK,GBR,UK,GBR
JAPE,1998,35,1,104,Alison,,Hester,Alison Hester,Review.Board,SE,,,,,UK,GBR,UK,GBR
JAPE,1999,36,1,104,Alison,,Hester,Alison Hester,Review.Board,SE,,,,,UK,GBR,UK,GBR
JAPE,2000,37,1,104,Alison,,Hester,Alison Hester,Review.Board,SE,,,,,UK,GBR,UK,GBR
JAPE,2001,38,1,104,Alison,,Hester,Alison Hester,Review.Board,SE,,,,,UK,GBR,UK,GBR
JAPE,2002,39,1,104,Alison,,Hester,Alison Hester,Review.Board,SE,,,,,UK,GBR,UK,GBR
JAPE,2013,50,1,150,Ailsa,,McKenzie,Ailsa McKenzie,Associate.Editor,SE, Newcastle University,NA,NA,NA,UK,GBR,UK,GBR
JAPE,2014,51,1,150,Ailsa,,McKenzie,Ailsa McKenzie,Associate.Editor,SE,,,,,UK,GBR,UK,GBR
JAPE,2015,52,1,150,Ailsa,,McKenzie,Ailsa McKenzie,Associate.Editor,SE,,,,,UK,GBR,UK,GBR
JAPE,2015,52,1,159,Akira,,Mori,Akira Mori,Associate.Editor,SE, Yokohama National University,NA,NA,NA,Japan,JPN,Japan,JPN
JAPE,2006,43,1,174,Andres,,Punt,Andres Punt,Associate.Editor,SE,NA,NA,Seattle,NA,USA,USA,USA,USA
JAPE,2007,44,1,174,Andres,,Punt,Andres Punt,Associate.Editor,SE,,,,,USA,USA,USA,USA
JAPE,2008,45,1,174,Andres,,Punt,Andres Punt,Associate.Editor,SE,,,,,USA,USA,USA,USA
JAPE,2009,46,1,174,Andres,,Punt,Andres Punt,Associate.Editor,SE,,,,,USA,USA,USA,USA
JAPE,2010,47,1,174,Andres,,Punt,Andres Punt,Associate.Editor,SE, University of Washington,NA,NA,NA,USA,USA,USA,USA
JAPE,2011,48,1,174,Andres,,Punt,Andres Punt,Associate.Editor,SE,,,,,USA,USA,USA,USA
JAPE,2012,49,1,174,Andres,,Punt,Andres Punt,Associate.Editor,SE,,,,,USA,USA,USA,USA
JAPE,2013,50,1,174,Andres,,Punt,Andres Punt,Associate.Editor,SE,,,,,USA,USA,USA,USA
JAPE,2014,51,1,174,Andres,,Punt,Andres Punt,Associate.Editor,SE,,,,,USA,USA,USA,USA
JAPE,2015,52,1,174,Andres,,Punt,Andres Punt,Associate.Editor,SE,,,,,USA,USA,USA,USA
JAPE,1985,22,1,186,Arthur,John,Rutter,Arthur John Rutter,Review.Board,SE,,,,,UK,GBR,UK,GBR
JAPE,1986,23,1,186,Arthur,John,Rutter,Arthur John Rutter,Review.Board,SE,,,,,UK,GBR,UK,GBR
JAPE,1987,24,1,186,Arthur,John,Rutter,Arthur John Rutter,Review.Board,SE,,,,,UK,GBR,UK,GBR
JAPE,1988,25,1,186,Arthur,John,Rutter,Arthur John Rutter,Review.Board,SE,,,,,UK,GBR,UK,GBR
JAPE,2007,44,1,196,Andy,,Sheppard,Andy Sheppard,Associate.Editor,SE, CSIRO,NA,NA,NA,Australia,AUS,Australia,AUS
JAPE,2008,45,1,196,Andy,,Sheppard,Andy Sheppard,Associate.Editor,SE,,,,,Australia,AUS,Australia,AUS
JAPE,2009,46,1,196,Andy,,Sheppard,Andy Sheppard,Associate.Editor,SE,,,,,Australia,AUS,Australia,AUS
JAPE,2010,47,1,196,Andy,,Sheppard,Andy Sheppard,Associate.Editor,SE,,,,,Australia,AUS,Australia,AUS
JAPE,2011,48,1,196,Andy,,Sheppard,Andy Sheppard,Associate.Editor,SE,,,,,Australia,AUS,Australia,AUS
JAPE,2012,49,1,196,Andy,,Sheppard,Andy Sheppard,Associate.Editor,SE,,,,,Australia,AUS,Australia,AUS
JAPE,2013,50,1,196,Andy,,Sheppard,Andy Sheppard,Associate.Editor,SE,,,,,Australia,AUS,Australia,AUS
JAPE,2014,51,1,196,Andy,,Sheppard,Andy Sheppard,Associate.Editor,SE,,,,,Australia,AUS,Australia,AUS
JAPE,2015,52,1,196,Andy,,Sheppard,Andy Sheppard,Associate.Editor,SE,,,,,Australia,AUS,Australia,AUS
JAPE,2013,50,1,209,Angela,,Strecker,Angela Strecker,Associate.Editor,SE, Portland State University,NA,NA,NA,USA,USA,USA,USA
JAPE,2014,51,1,209,Angela,,Strecker,Angela Strecker,Associate.Editor,SE, Portland State University,NA,NA,NA,USA,USA,USA,USA
JAPE,2015,52,1,209,Angela,,Strecker,Angela Strecker,Associate.Editor,SE,,,,,USA,USA,USA,USA
JAPE,1996,33,1,225,Andrew,R,Watkinson,Andrew R Watkinson,Editor,AE, University of East Anglia,School of Biological Sciences,NA,NA,UK,GBR,UK,GBR
JAPE,1997,34,1,225,Andrew,R,Watkinson,Andrew R Watkinson,Editor,AE,,,,,UK,GBR,UK,GBR
JAPE,1998,35,1,225,Andrew,R,Watkinson,Andrew R Watkinson,Editor,AE,,,,,UK,GBR,UK,GBR
JAPE,1999,36,1,225,Andrew,R,Watkinson,Andrew R Watkinson,Editor,AE,,,,,UK,GBR,UK,GBR
JAPE,2000,37,1,225,Andrew,R,Watkinson,Andrew R Watkinson,Editor,AE,,,,,UK,GBR,UK,GBR
JAPE,1985,22,1,242,B,L,Bayne,B L Bayne,Review.Board,SE,,,,,UK,GBR,UK,GBR
JAPE,1986,23,1,242,B,L,Bayne,B L Bayne,Review.Board,SE,,,,,UK,GBR,UK,GBR
JAPE,1987,24,1,242,B,L,Bayne,B L Bayne,Review.Board,SE,,,,,UK,GBR,UK,GBR
JAPE,1988,25,1,242,B,L,Bayne,B L Bayne,Review.Board,SE,,,,,UK,GBR,UK,GBR
JAPE,1989,26,1,242,B,L,Bayne,B L Bayne,Review.Board,SE,,,,,UK,GBR,UK,GBR
JAPE,1990,27,1,242,B,L,Bayne,B L Bayne,Review.Board,SE,,,,,UK,GBR,UK,GBR
JAPE,1991,28,1,242,B,L,Bayne,B L Bayne,Review.Board,SE,,,,,UK,GBR,UK,GBR
JAPE,1992,29,1,242,B,L,Bayne,B L Bayne,Review.Board,SE,NA,NA,Playmouth,NA,UK,GBR,UK,GBR
JAPE,1993,30,1,242,B,L,Bayne,B L Bayne,Review.Board,SE,,,,,UK,GBR,UK,GBR
JAPE,1994,31,1,242,B,L,Bayne,B L Bayne,Review.Board,SE,,,,,UK,GBR,UK,GBR
JAPE,1995,32,1,242,B,L,Bayne,B L Bayne,Review.Board,SE,,,,,UK,GBR,UK,GBR
JAPE,2010,47,1,376,Brian,,Wilsey,Brian Wilsey,Associate.Editor,SE, Iowa State University,NA,NA,NA,USA,USA,USA,USA
JAPE,2011,48,1,376,Brian,,Wilsey,Brian Wilsey,Associate.Editor,SE,,,,,USA,USA,USA,USA
JAPE,2012,49,1,376,Brian,,Wilsey,Brian Wilsey,Associate.Editor,SE,,,,,USA,USA,USA,USA
JAPE,2013,50,1,376,Brian,,Wilsey,Brian Wilsey,Associate.Editor,SE,,,,,USA,USA,USA,USA
JAPE,2014,51,1,376,Brian,,Wilsey,Brian Wilsey,Associate.Editor,SE,,,,,USA,USA,USA,USA
JAPE,2015,52,1,376,Brian,,Wilsey,Brian Wilsey,Associate.Editor,SE,,,,,USA,USA,USA,USA
JAPE,2008,45,1,377,Brenden,,Wintle,Brenden Wintle,Associate.Editor,SE,NA,NA,Melbourne,NA,Australia,AUS,Australia,AUS
JAPE,2009,46,1,377,Brenden,,Wintle,Brenden Wintle,Associate.Editor,SE,,,,,Australia,AUS,Australia,AUS
JAPE,2010,47,1,377,Brenden,,Wintle,Brenden Wintle,Associate.Editor,SE, University of Melbourne,NA,NA,NA,Australia,AUS,Australia,AUS
JAPE,2011,48,1,377,Brenden,,Wintle,Brenden Wintle,Associate.Editor,SE,,,,,Australia,AUS,Australia,AUS
JAPE,2012,49,1,377,Brenden,,Wintle,Brenden Wintle,Associate.Editor,SE,,,,,Australia,AUS,Australia,AUS
JAPE,2013,50,1,377,Brenden,,Wintle,Brenden Wintle,Associate.Editor,SE,,,,,Australia,AUS,Australia,AUS
JAPE,2014,51,1,377,Brenden,,Wintle,Brenden Wintle,Associate.Editor,SE,,,,,Australia,AUS,Australia,AUS
JAPE,2015,52,1,377,Brenden,,Wintle,Brenden Wintle,Associate.Editor,SE,,,,,Australia,AUS,Australia,AUS
JAPE,2013,50,1,390,Christina,,Banks-Leite,Christina Banks-Leite,Associate.Editor,SE, Imperial College London,NA,NA,NA,UK,GBR,UK,GBR
JAPE,2014,51,1,390,Christina,,Banks-Leite,Christina Banks-Leite,Associate.Editor,SE,,,,,UK,GBR,UK,GBR
JAPE,2015,52,1,390,Christina,,Banks-Leite,Christina Banks-Leite,Associate.Editor,SE,,,,,UK,GBR,UK,GBR
JAPE,2015,52,1,391,Christopher,,Baraloto,Christopher Baraloto,Associate.Editor,SE, INRA,NA,NA,NA,French Guiana,GUF,French Guiana,GUF
JAPE,2015,52,1,399,Claudia,,Bieber,Claudia Bieber,Associate.Editor,SE, University of Veterinary Medicine,NA,NA,NA,Australia,AUS,Australia,AUS
JAPE,2000,37,1,435,Christopher,R,Dickman,Christopher R Dickman,Review.Board,SE,University of Sydney ,NA,Sydney,NA,Australia,AUS,Australia,AUS
JAPE,2001,38,1,435,Christopher,R,Dickman,Christopher R Dickman,Review.Board,SE,University of Sydney ,NA,,NA,Australia,AUS,Australia,AUS
JAPE,2002,39,1,435,Christopher,R,Dickman,Christopher R Dickman,Review.Board,SE,University of Sydney ,NA,,NA,Australia,AUS,Australia,AUS
JAPE,2003,40,1,435,Christopher,R,Dickman,Christopher R Dickman,Review.Board,SE,University of Sydney ,NA,,NA,Australia,AUS,Australia,AUS
JAPE,2004,41,1,435,Christopher,R,Dickman,Christopher R Dickman,Review.Board,SE,University of Sydney ,NA,,NA,Australia,AUS,Australia,AUS
JAPE,2005,42,1,435,Christopher,R,Dickman,Christopher R Dickman,Associate.Editor,SE,University of Sydney ,NA,,NA,Australia,AUS,Australia,AUS
JAPE,2006,43,1,435,Christopher,R,Dickman,Christopher R Dickman,Associate.Editor,SE,University of Sydney ,NA,,NA,Australia,AUS,Australia,AUS
JAPE,2007,44,1,435,Christopher,R,Dickman,Christopher R Dickman,Associate.Editor,SE,University of Sydney ,NA,,NA,Australia,AUS,Australia,AUS
JAPE,2008,45,1,435,Christopher,R,Dickman,Christopher R Dickman,Associate.Editor,SE,University of Sydney ,NA,,NA,Australia,AUS,Australia,AUS
JAPE,2009,46,1,435,Christopher,R,Dickman,Christopher R Dickman,Associate.Editor,SE,University of Sydney ,NA,,NA,Australia,AUS,Australia,AUS
JAPE,2010,47,1,435,Christopher,R,Dickman,Christopher R Dickman,Associate.Editor,SE,University of Sydney ,NA,,NA,Australia,AUS,Australia,AUS
JAPE,2011,48,1,435,Christopher,R,Dickman,Christopher R Dickman,Associate.Editor,SE,University of Sydney ,NA,,NA,Australia,AUS,Australia,AUS
JAPE,2012,49,1,435,Christopher,R,Dickman,Christopher R Dickman,Associate.Editor,SE,University of Sydney ,NA,,NA,Australia,AUS,Australia,AUS
JAPE,2013,50,1,435,Christopher,R,Dickman,Christopher R Dickman,Associate.Editor,SE,University of Sydney ,NA,,NA,Australia,AUS,Australia,AUS
JAPE,2014,51,1,435,Christopher,R,Dickman,Christopher R Dickman,Associate.Editor,SE,University of Sydney ,NA,,NA,Australia,AUS,Australia,AUS
JAPE,2015,52,1,435,Christopher,R,Dickman,Christopher R Dickman,Associate.Editor,SE,University of Sydney ,NA,,NA,Australia,AUS,Australia,AUS
JAPE,2009,46,1,437,Christl,,Donnelly,Christl Donnelly,Associate.Editor,SE,NA,NA,London,NA,UK,GBR,UK,GBR
JAPE,2010,47,1,437,Christl,,Donnelly,Christl Donnelly,Associate.Editor,SE, Imperial College London,NA,NA,NA,UK,GBR,UK,GBR
JAPE,2001,38,1,442,Chris,S,Elphick,Chris S Elphick,Review.Board,SE,University of Connecticut ,NA,Storrs,Connecticut,USA,USA,USA,USA
JAPE,2002,39,1,442,Chris,S,Elphick,Chris S Elphick,Review.Board,SE,University of Connecticut ,NA,,NA,USA,USA,USA,USA
JAPE,2003,40,1,442,Chris,S,Elphick,Chris S Elphick,Review.Board,SE,University of Connecticut ,NA,,NA,USA,USA,USA,USA
JAPE,2004,41,1,442,Chris,S,Elphick,Chris S Elphick,Review.Board,SE,University of Connecticut ,NA,,NA,USA,USA,USA,USA
JAPE,2005,42,1,442,Chris,S,Elphick,Chris S Elphick,Associate.Editor,SE,University of Connecticut ,NA,,NA,USA,USA,USA,USA
JAPE,2006,43,1,442,Chris,S,Elphick,Chris S Elphick,Associate.Editor,SE,University of Connecticut ,NA,,NA,USA,USA,USA,USA
JAPE,2007,44,1,442,Chris,S,Elphick,Chris S Elphick,Associate.Editor,SE,University of Connecticut ,NA,,NA,USA,USA,USA,USA
JAPE,2008,45,1,442,Chris,S,Elphick,Chris S Elphick,Associate.Editor,SE,University of Connecticut ,NA,,NA,USA,USA,USA,USA
JAPE,2009,46,1,442,Chris,S,Elphick,Chris S Elphick,Associate.Editor,SE,University of Connecticut ,NA,,NA,USA,USA,USA,USA
JAPE,2010,47,1,442,Chris,S,Elphick,Chris S Elphick,Associate.Editor,SE,University of Connecticut ,NA,,NA,USA,USA,USA,USA
JAPE,2011,48,1,442,Chris,S,Elphick,Chris S Elphick,Associate.Editor,SE,University of Connecticut ,NA,,NA,USA,USA,USA,USA
JAPE,2012,49,1,442,Chris,S,Elphick,Chris S Elphick,Associate.Editor,SE,University of Connecticut ,NA,,NA,USA,USA,USA,USA
JAPE,2013,50,1,442,Chris,S,Elphick,Chris S Elphick,Associate.Editor,SE,University of Connecticut ,NA,,NA,USA,USA,USA,USA
JAPE,2014,51,1,442,Chris,S,Elphick,Chris S Elphick,Associate.Editor,SE,University of Connecticut ,NA,,NA,USA,USA,USA,USA
JAPE,2006,43,1,454,Chris,LJ,Frid,Chris LJ Frid,Associate.Editor,SE,NA,NA,Liverpool,NA,UK,GBR,UK,GBR
JAPE,2007,44,1,454,Chris,LJ,Frid,Chris LJ Frid,Associate.Editor,SE,,,,,UK,GBR,UK,GBR
JAPE,2008,45,1,454,Chris,LJ,Frid,Chris LJ Frid,Associate.Editor,SE,,,,,UK,GBR,UK,GBR
JAPE,2009,46,1,454,Chris,LJ,Frid,Chris LJ Frid,Associate.Editor,SE,,,,,UK,GBR,UK,GBR
JAPE,2010,47,1,454,Chris,LJ,Frid,Chris LJ Frid,Associate.Editor,SE, University of Liverpool,NA,NA,NA,UK,GBR,UK,GBR
JAPE,2011,48,1,454,Chris,LJ,Frid,Chris LJ Frid,Associate.Editor,SE,,,,,UK,GBR,UK,GBR
JAPE,2012,49,1,454,Chris,LJ,Frid,Chris LJ Frid,Associate.Editor,SE,,,,,UK,GBR,UK,GBR
JAPE,2013,50,1,454,Chris,LJ,Frid,Chris LJ Frid,Associate.Editor,SE,,,,,UK,GBR,UK,GBR
JAPE,2014,51,1,454,Chris,LJ,Frid,Chris LJ Frid,Associate.Editor,SE,,,,,UK,GBR,UK,GBR
JAPE,2015,52,1,454,Chris,LJ,Frid,Chris LJ Frid,Associate.Editor,SE,,,,,UK,GBR,UK,GBR
JAPE,1989,26,1,521,Christopher,,Mason,Christopher Mason,Review.Board,SE,,,,,UK,GBR,UK,GBR
JAPE,1990,27,1,521,Christopher,,Mason,Christopher Mason,Review.Board,SE,,,,,UK,GBR,UK,GBR
JAPE,1991,28,1,521,Christopher,,Mason,Christopher Mason,Review.Board,SE,,,,,UK,GBR,UK,GBR
JAPE,1992,29,1,521,Christopher,,Mason,Christopher Mason,Review.Board,SE,NA,NA,Colchester,NA,UK,GBR,UK,GBR
JAPE,1993,30,1,521,Christopher,,Mason,Christopher Mason,Review.Board,SE,,,,,UK,GBR,UK,GBR
JAPE,1994,31,1,521,Christopher,,Mason,Christopher Mason,Review.Board,SE,,,,,UK,GBR,UK,GBR
JAPE,1995,32,1,521,Christopher,,Mason,Christopher Mason,Review.Board,SE,,,,,UK,GBR,UK,GBR
JAPE,1996,33,1,521,Christopher,,Mason,Christopher Mason,Review.Board,SE,,,,,UK,GBR,UK,GBR
JAPE,2007,44,1,593,Chris,,Wilcox,Chris Wilcox,Associate.Editor,SE,NA,NA,Hobart,NA,Australia,AUS,Australia,AUS
JAPE,2008,45,1,593,Chris,,Wilcox,Chris Wilcox,Associate.Editor,SE,,,,,Australia,AUS,Australia,AUS
JAPE,2009,46,1,593,Chris,,Wilcox,Chris Wilcox,Associate.Editor,SE,,,,,Australia,AUS,Australia,AUS
JAPE,2010,47,1,593,Chris,,Wilcox,Chris Wilcox,Associate.Editor,SE, CSIRO Marine and Atmospheric Research,NA,NA,NA,Australia,AUS,Australia,AUS
JAPE,2011,48,1,593,Chris,,Wilcox,Chris Wilcox,Associate.Editor,SE,,,,,Australia,AUS,Australia,AUS
JAPE,2012,49,1,593,Chris,,Wilcox,Chris Wilcox,Associate.Editor,SE,,,,,Australia,AUS,Australia,AUS
JAPE,2011,48,1,608,David,,Angeler,David Angeler,Associate.Editor,SE, Swedish University of Agricultural Sciences,NA,Uppsala,NA,Sweden,SWE,Sweden,SWE
JAPE,2012,49,1,608,David,,Angeler,David Angeler,Associate.Editor,SE,,,,,Sweden,SWE,Sweden,SWE
JAPE,2013,50,1,608,David,,Angeler,David Angeler,Associate.Editor,SE,,,,,Sweden,SWE,Sweden,SWE
JAPE,2014,51,1,608,David,,Angeler,David Angeler,Associate.Editor,SE,,,,,Sweden,SWE,Sweden,SWE
JAPE,2015,52,1,608,David,,Angeler,David Angeler,Associate.Editor,SE,,,,,Sweden,SWE,Sweden,SWE
JAPE,1985,22,1,629,David,E,Bignell,David E Bignell,Review.Board,SE,,,,,UK,GBR,UK,GBR
JAPE,1986,23,1,629,David,E,Bignell,David E Bignell,Review.Board,SE,,,,,UK,GBR,UK,GBR
JAPE,1987,24,1,629,David,E,Bignell,David E Bignell,Review.Board,SE,,,,,UK,GBR,UK,GBR
JAPE,1988,25,1,629,David,E,Bignell,David E Bignell,Review.Board,SE,,,,,UK,GBR,UK,GBR
JAPE,1989,26,1,629,David,E,Bignell,David E Bignell,Review.Board,SE,,,,,UK,GBR,UK,GBR
JAPE,1990,27,1,629,David,E,Bignell,David E Bignell,Review.Board,SE,,,,,UK,GBR,UK,GBR
JAPE,1991,28,1,629,David,E,Bignell,David E Bignell,Review.Board,SE,,,,,UK,GBR,UK,GBR
JAPE,1992,29,1,629,David,E,Bignell,David E Bignell,Review.Board,SE,NA,NA,London,NA,UK,GBR,UK,GBR
JAPE,1993,30,1,629,David,E,Bignell,David E Bignell,Review.Board,SE,,,,,UK,GBR,UK,GBR
JAPE,1994,31,1,629,David,E,Bignell,David E Bignell,Review.Board,SE,,,,,UK,GBR,UK,GBR
JAPE,1995,32,1,629,David,E,Bignell,David E Bignell,Review.Board,SE,,,,,UK,GBR,UK,GBR
JAPE,2015,52,1,673,Don,,Driscoll,Don Driscoll,Associate.Editor,SE, Austrailan National University,NA,NA,NA,Australia,AUS,Australia,AUS
JAPE,2008,45,1,718,Daniel,,Haydon,Daniel Haydon,Associate.Editor,SE,,,,,UK,GBR,UK,GBR
JAPE,2009,46,1,718,Daniel,,Haydon,Daniel Haydon,Associate.Editor,SE,NA,NA,Glasgow,NA,UK,GBR,UK,GBR
JAPE,1993,30,1,722,David,A,Hill,David A Hill,Review.Board,SE,NA,NA,Thetford,NA,UK,GBR,UK,GBR
JAPE,1994,31,1,722,David,A,Hill,David A Hill,Review.Board,SE,,,,,UK,GBR,UK,GBR
JAPE,1995,32,1,722,David,A,Hill,David A Hill,Review.Board,SE,NA,NA,Cambridge,NA,UK,GBR,UK,GBR
JAPE,1996,33,1,722,David,A,Hill,David A Hill,Review.Board,SE,,,,,UK,GBR,UK,GBR
JAPE,1997,34,1,722,David,A,Hill,David A Hill,Review.Board,SE,,,,,UK,GBR,UK,GBR
JAPE,1998,35,1,722,David,A,Hill,David A Hill,Review.Board,SE,,,,,UK,GBR,UK,GBR
JAPE,1999,36,1,722,David,A,Hill,David A Hill,Review.Board,SE,,,,,UK,GBR,UK,GBR
JAPE,2011,48,1,727,Danny,,Hooftman,Danny Hooftman,Associate.Editor,SE, Centre for Ecology and Hydrology,NA,Wallingford,NA,UK,GBR,UK,GBR
JAPE,2012,49,1,727,Danny,,Hooftman,Danny Hooftman,Associate.Editor,SE,,,,,UK,GBR,UK,GBR
JAPE,2013,50,1,727,Danny,,Hooftman,Danny Hooftman,Associate.Editor,SE,,,,,UK,GBR,UK,GBR
JAPE,2014,51,1,727,Danny,,Hooftman,Danny Hooftman,Associate.Editor,SE,,,,,UK,GBR,UK,GBR
JAPE,2015,52,1,727,Danny,,Hooftman,Danny Hooftman,Associate.Editor,SE,,,,,UK,GBR,UK,GBR
JAPE,2007,44,1,747,David,,Kleijn,David Kleijn,Associate.Editor,SE,NA,NA,Nijmegen,NA,The Netherlands,NLD,The Netherlands,NLD
JAPE,2008,45,1,747,David,,Kleijn,David Kleijn,Associate.Editor,SE,,,,,The Netherlands,NLD,The Netherlands,NLD
JAPE,2009,46,1,747,David,,Kleijn,David Kleijn,Associate.Editor,SE,,,,,The Netherlands,NLD,The Netherlands,NLD
JAPE,2010,47,1,747,David,,Kleijn,David Kleijn,Associate.Editor,SE, Wageningen University,NA,NA,NA,The Netherlands,NLD,The Netherlands,NLD
JAPE,2011,48,1,747,David,,Kleijn,David Kleijn,Associate.Editor,SE,,,,,The Netherlands,NLD,The Netherlands,NLD
JAPE,2012,49,1,747,David,,Kleijn,David Kleijn,Associate.Editor,SE,,,,,The Netherlands,NLD,The Netherlands,NLD
JAPE,2013,50,1,747,David,,Kleijn,David Kleijn,Associate.Editor,SE,,,,,The Netherlands,NLD,The Netherlands,NLD
JAPE,2014,51,1,747,David,,Kleijn,David Kleijn,Associate.Editor,SE,,,,,The Netherlands,NLD,The Netherlands,NLD
JAPE,2015,52,1,747,David,,Kleijn,David Kleijn,Associate.Editor,SE,,,,,The Netherlands,NLD,The Netherlands,NLD
JAPE,2010,47,1,755,Doug,,Landis,Doug Landis,Associate.Editor,SE, Michigan State University,NA,NA,NA,USA,USA,USA,USA
JAPE,2011,48,1,755,Doug,,Landis,Doug Landis,Associate.Editor,SE,,,,,USA,USA,USA,USA
JAPE,2012,49,1,755,Doug,,Landis,Doug Landis,Associate.Editor,SE, Michigan State University,NA,NA,NA,USA,USA,USA,USA
JAPE,2013,50,1,755,Doug,,Landis,Doug Landis,Associate.Editor,SE,,,,,USA,USA,USA,USA
JAPE,1996,33,1,785,David,I,McCracken,David I McCracken,Review.Board,SE,NA,NA,Auchincruive,NA,UK,GBR,UK,GBR
JAPE,1997,34,1,785,David,I,McCracken,David I McCracken,Review.Board,SE,,,,,UK,GBR,UK,GBR
JAPE,1998,35,1,785,David,I,McCracken,David I McCracken,Review.Board,SE,,,,,UK,GBR,UK,GBR
JAPE,1999,36,1,785,David,I,McCracken,David I McCracken,Review.Board,SE,,,,,UK,GBR,UK,GBR
JAPE,2000,37,1,785,David,I,McCracken,David I McCracken,Review.Board,SE,,,,,UK,GBR,UK,GBR
JAPE,2001,38,1,785,David,I,McCracken,David I McCracken,Review.Board,SE,,,,,UK,GBR,UK,GBR
JAPE,2002,39,1,785,David,I,McCracken,David I McCracken,Review.Board,SE,,,,,UK,GBR,UK,GBR
JAPE,2003,40,1,785,David,I,McCracken,David I McCracken,Review.Board,SE,,,,,UK,GBR,UK,GBR
JAPE,2004,41,1,785,David,I,McCracken,David I McCracken,Review.Board,SE,,,,,UK,GBR,UK,GBR
JAPE,2005,42,1,785,David,I,McCracken,David I McCracken,Associate.Editor,SE,,,,,UK,GBR,UK,GBR
JAPE,2006,43,1,785,David,I,McCracken,David I McCracken,Associate.Editor,SE,,,,,UK,GBR,UK,GBR
JAPE,2007,44,1,785,David,I,McCracken,David I McCracken,Editor,AE, Scottish Agricultural College,NA,NA,NA,UK,GBR,UK,GBR
JAPE,2008,45,1,785,David,I,McCracken,David I McCracken,Associate.Editor,SE,,,,,UK,GBR,UK,GBR
JAPE,2009,46,1,785,David,I,McCracken,David I McCracken,Associate.Editor,SE,,,,,UK,GBR,UK,GBR
JAPE,2010,47,1,785,David,I,McCracken,David I McCracken,Associate.Editor,SE,,,,,UK,GBR,UK,GBR
JAPE,2011,48,1,785,David,I,McCracken,David I McCracken,Associate.Editor,SE,,,,,UK,GBR,UK,GBR
JAPE,2012,49,1,785,David,I,McCracken,David I McCracken,Associate.Editor,SE,,,,,UK,GBR,UK,GBR
JAPE,2006,43,1,890,Des,,Thompson,Des Thompson,Associate.Editor,SE,NA,NA,Edinburgh,NA,UK,GBR,UK,GBR
JAPE,2007,44,1,890,Des,,Thompson,Des Thompson,Associate.Editor,SE,,,,,UK,GBR,UK,GBR
JAPE,2008,45,1,890,Des,,Thompson,Des Thompson,Associate.Editor,SE,,,,,UK,GBR,UK,GBR
JAPE,2009,46,1,890,Des,,Thompson,Des Thompson,Associate.Editor,SE,,,,,UK,GBR,UK,GBR
JAPE,2010,47,1,890,Des,,Thompson,Des Thompson,Associate.Editor,SE, Scottish Natural Heritage,NA,NA,NA,UK,GBR,UK,GBR
JAPE,2011,48,1,890,Des,,Thompson,Des Thompson,Associate.Editor,SE,,,,,UK,GBR,UK,GBR
JAPE,2012,49,1,890,Des,,Thompson,Des Thompson,Associate.Editor,SE,,,,,UK,GBR,UK,GBR
JAPE,2013,50,1,890,Des,,Thompson,Des Thompson,Associate.Editor,SE, Scottish Natural Heritage,NA,NA,NA,UK,GBR,UK,GBR
JAPE,2014,51,1,890,Des,,Thompson,Des Thompson,Associate.Editor,SE,,,,,UK,GBR,UK,GBR
JAPE,2015,52,1,890,Des,,Thompson,Des Thompson,Associate.Editor,SE,,,,,UK,GBR,UK,GBR
JAPE,1988,25,1,910,David,,Welch,David Welch,Review.Board,SE,,,,,UK,GBR,UK,GBR
JAPE,1989,26,1,910,David,,Welch,David Welch,Review.Board,SE,,,,,UK,GBR,UK,GBR
JAPE,1990,27,1,910,David,,Welch,David Welch,Review.Board,SE,,,,,UK,GBR,UK,GBR
JAPE,1991,28,1,910,David,,Welch,David Welch,Review.Board,SE,,,,,UK,GBR,UK,GBR
JAPE,1992,29,1,910,David,,Welch,David Welch,Review.Board,SE,NA,NA,Banchory,NA,UK,GBR,UK,GBR
JAPE,1993,30,1,910,David,,Welch,David Welch,Review.Board,SE,,,,,UK,GBR,UK,GBR
JAPE,1994,31,1,910,David,,Welch,David Welch,Review.Board,SE,,,,,UK,GBR,UK,GBR
JAPE,1995,32,1,910,David,,Welch,David Welch,Review.Board,SE,,,,,UK,GBR,UK,GBR
JAPE,1996,33,1,910,David,,Welch,David Welch,Review.Board,SE,,,,,UK,GBR,UK,GBR
JAPE,2012,49,1,951,Erika,,Crispo,Erika Crispo,Associate.Editor,SE, University of Calgary,NA,NA,NA,Canada,CAN,Canada,CAN
JAPE,2013,50,1,951,Erika,,Crispo,Erika Crispo,Associate.Editor,SE,,,,,Canada,CAN,Canada,CAN
JAPE,2014,51,1,951,Erika,,Crispo,Erika Crispo,Associate.Editor,SE,,,,,Canada,CAN,Canada,CAN
JAPE,2015,52,1,951,Erika,,Crispo,Erika Crispo,Associate.Editor,SE,,,,,Canada,CAN,Canada,CAN
JAPE,2008,45,1,965,Esteban,,Fernandez-Juricic,Esteban Fernandez-Juricic,Associate.Editor,SE,NA,NA,Long Beach,California,USA,USA,USA,USA
JAPE,2009,46,1,965,Esteban,,Fernandez-Juricic,Esteban Fernandez-Juricic,Associate.Editor,SE,,,,,USA,USA,USA,USA
JAPE,2010,47,1,965,Esteban,,Fernandez-Juricic,Esteban Fernandez-Juricic,Associate.Editor,SE, Purdue University,NA,NA,NA,USA,USA,USA,USA
JAPE,2011,48,1,965,Esteban,,Fernandez-Juricic,Esteban Fernandez-Juricic,Associate.Editor,SE,,,,,USA,USA,USA,USA
JAPE,2012,49,1,965,Esteban,,Fernandez-Juricic,Esteban Fernandez-Juricic,Associate.Editor,SE,,,,,USA,USA,USA,USA
JAPE,2013,50,1,965,Esteban,,Fernandez-Juricic,Esteban Fernandez-Juricic,Associate.Editor,SE,,,,,USA,USA,USA,USA
JAPE,2014,51,1,965,Esteban,,Fernandez-Juricic,Esteban Fernandez-Juricic,Associate.Editor,SE,,,,,USA,USA,USA,USA
JAPE,2015,52,1,965,Esteban,,Fernandez-Juricic,Esteban Fernandez-Juricic,Associate.Editor,SE,,,,,USA,USA,USA,USA
JAPE,2002,39,1,1004,Eleanor,Jane,Milner-Gulland,Eleanor Jane Milner-Gulland,Review.Board,SE,NA,NA,London,NA,UK,GBR,UK,GBR
JAPE,2003,40,1,1004,Eleanor,Jane,Milner-Gulland,Eleanor Jane Milner-Gulland,Review.Board,SE,,,,,UK,GBR,UK,GBR
JAPE,2004,41,1,1004,Eleanor,Jane,Milner-Gulland,Eleanor Jane Milner-Gulland,Review.Board,SE,,,,,UK,GBR,UK,GBR
JAPE,2005,42,1,1004,Eleanor,Jane,Milner-Gulland,Eleanor Jane Milner-Gulland,Associate.Editor,SE,,,,,UK,GBR,UK,GBR
JAPE,2006,43,1,1004,Eleanor,Jane,Milner-Gulland,Eleanor Jane Milner-Gulland,Associate.Editor,SE,,,,,UK,GBR,UK,GBR
JAPE,2007,44,1,1004,Eleanor,Jane,Milner-Gulland,Eleanor Jane Milner-Gulland,Associate.Editor,SE,,,,,UK,GBR,UK,GBR
JAPE,2008,45,1,1004,Eleanor,Jane,Milner-Gulland,Eleanor Jane Milner-Gulland,Editor,AE, Imperial College,NA,NA,NA,UK,GBR,UK,GBR
JAPE,2009,46,1,1004,Eleanor,Jane,Milner-Gulland,Eleanor Jane Milner-Gulland,Editor,AE,,,,,UK,GBR,UK,GBR
JAPE,2010,47,1,1004,Eleanor,Jane,Milner-Gulland,Eleanor Jane Milner-Gulland,Editor,AE,,,,,UK,GBR,UK,GBR
JAPE,2011,48,1,1004,Eleanor,Jane,Milner-Gulland,Eleanor Jane Milner-Gulland,Editor,AE,,,,,UK,GBR,UK,GBR
JAPE,2012,49,1,1004,Eleanor,Jane,Milner-Gulland,Eleanor Jane Milner-Gulland,Editor-Executive.Editor,EIC,,,,,UK,GBR,UK,GBR
JAPE,2013,50,1,1004,Eleanor,Jane,Milner-Gulland,Eleanor Jane Milner-Gulland,Editor-Executive.Editor,EIC,,,,,UK,GBR,UK,GBR
JAPE,2014,51,1,1004,Eleanor,Jane,Milner-Gulland,Eleanor Jane Milner-Gulland,Editor-Executive.Editor,EIC,,,,,UK,GBR,UK,GBR
JAPE,2010,47,1,1006,Eric,,Morgan,Eric Morgan,Associate.Editor,SE, University of Bristol,NA,NA,NA,UK,GBR,UK,GBR
JAPE,2011,48,1,1006,Eric,,Morgan,Eric Morgan,Associate.Editor,SE,,,,,UK,GBR,UK,GBR
JAPE,2012,49,1,1006,Eric,,Morgan,Eric Morgan,Associate.Editor,SE,,,,,UK,GBR,UK,GBR
JAPE,2013,50,1,1006,Eric,,Morgan,Eric Morgan,Associate.Editor,SE,,,,,UK,GBR,UK,GBR
JAPE,2014,51,1,1006,Eric,,Morgan,Eric Morgan,Associate.Editor,SE,,,,,UK,GBR,UK,GBR
JAPE,2007,44,1,1079,Fangliang,,He,Fangliang He,Associate.Editor,SE,NA,NA,Alberta,NA,Canada,CAN,Canada,CAN
JAPE,2008,45,1,1079,Fangliang,,He,Fangliang He,Associate.Editor,SE,,,,,Canada,CAN,Canada,CAN
JAPE,2009,46,1,1079,Fangliang,,He,Fangliang He,Associate.Editor,SE,,,,,Canada,CAN,Canada,CAN
JAPE,2010,47,1,1079,Fangliang,,He,Fangliang He,Associate.Editor,SE, University of Alberta,NA,NA,NA,Canada,CAN,Canada,CAN
JAPE,2015,52,1,1161,Guillaume,,Chapron,Guillaume Chapron,Associate.Editor,SE, University of Agricultural Sciences,NA,NA,NA,Sweden,SWE,Sweden,SWE
JAPE,2000,37,1,1209,Glenn,R,Iason,Glenn R Iason,Review.Board,SE,NA,NA,Aberdeen,NA,UK,GBR,UK,GBR
JAPE,2001,38,1,1209,Glenn,R,Iason,Glenn R Iason,Review.Board,SE,,,,,UK,GBR,UK,GBR
JAPE,2002,39,1,1209,Glenn,R,Iason,Glenn R Iason,Review.Board,SE,,,,,UK,GBR,UK,GBR
JAPE,2003,40,1,1209,Glenn,R,Iason,Glenn R Iason,Review.Board,SE,,,,,UK,GBR,UK,GBR
JAPE,2004,41,1,1209,Glenn,R,Iason,Glenn R Iason,Review.Board,SE,,,,,UK,GBR,UK,GBR
JAPE,2015,52,1,1259,Gavin,,Siriwardena,Gavin Siriwardena,Associate.Editor,SE, British Trust for Ornithology,NA,NA,NA,UK,GBR,UK,GBR
JAPE,2005,42,1,1260,Graham,,Smith,Graham Smith,Editorial.Board,SE,NA,NA,York,NA,UK,GBR,UK,GBR
JAPE,2006,43,1,1260,Graham,,Smith,Graham Smith,Editorial.Board,SE,,,,,UK,GBR,UK,GBR
JAPE,2010,47,1,1290,Harald,,Bugmann,Harald Bugmann,Associate.Editor,SE, Swiss Federal Institute of Technology Zurich,NA,NA,NA,Switzerland,CHE,Switzerland,CHE
JAPE,2011,48,1,1290,Harald,,Bugmann,Harald Bugmann,Associate.Editor,SE,,,,,Switzerland,CHE,Switzerland,CHE
JAPE,2012,49,1,1290,Harald,,Bugmann,Harald Bugmann,Associate.Editor,SE,,,,,Switzerland,CHE,Switzerland,CHE
JAPE,2013,50,1,1290,Harald,,Bugmann,Harald Bugmann,Associate.Editor,SE,,,,,Switzerland,CHE,Switzerland,CHE
JAPE,2014,51,1,1290,Harald,,Bugmann,Harald Bugmann,Associate.Editor,SE,,,,,Switzerland,CHE,Switzerland,CHE
JAPE,2015,52,1,1290,Harald,,Bugmann,Harald Bugmann,Associate.Editor,SE,,,,,Switzerland,CHE,Switzerland,CHE
JAPE,1992,29,1,1316,Hugh,AP,Ingram,Hugh AP Ingram,Editor,EIC, University of Dundee,Department of Biological Scences,NA,NA,UK,GBR,UK,GBR
JAPE,1993,30,1,1316,Hugh,AP,Ingram,Hugh AP Ingram,Editor,EIC,,,,,UK,GBR,UK,GBR
JAPE,1994,31,1,1316,Hugh,AP,Ingram,Hugh AP Ingram,Editor,EIC,,,,,UK,GBR,UK,GBR
JAPE,1995,32,1,1316,Hugh,AP,Ingram,Hugh AP Ingram,Editor,EIC,,,,,UK,GBR,UK,GBR
JAPE,1996,33,1,1316,Hugh,AP,Ingram,Hugh AP Ingram,Editor,AE,,,,,UK,GBR,UK,GBR
JAPE,2013,50,1,1339,Hamish,,McCallum,Hamish McCallum,Associate.Editor,SE, Griffith University,NA,NA,NA,Australia,AUS,Australia,AUS
JAPE,2014,51,1,1339,Hamish,,McCallum,Hamish McCallum,Associate.Editor,SE,,,,,Australia,AUS,Australia,AUS
JAPE,2015,52,1,1339,Hamish,,McCallum,Hamish McCallum,Associate.Editor,SE,,,,,Australia,AUS,Australia,AUS
JAPE,2015,52,1,1343,Henrik,,Osterblom,Henrik Osterblom,Associate.Editor,SE, Stockholm Resilience Centre,NA,NA,NA,Sweden,SWE,Sweden,SWE
JAPE,1989,26,1,1368,Henry,,Thomas,Henry Thomas,Review.Board,SE,,,,,UK,GBR,UK,GBR
JAPE,1990,27,1,1368,Henry,,Thomas,Henry Thomas,Review.Board,SE,,,,,UK,GBR,UK,GBR
JAPE,1991,28,1,1368,Henry,,Thomas,Henry Thomas,Review.Board,SE,,,,,UK,GBR,UK,GBR
JAPE,1992,29,1,1368,Henry,,Thomas,Henry Thomas,Review.Board,SE,NA,NA,Aberystwyth,NA,UK,GBR,UK,GBR
JAPE,1993,30,1,1368,Henry,,Thomas,Henry Thomas,Review.Board,SE,,,,,UK,GBR,UK,GBR
JAPE,1994,31,1,1368,Henry,,Thomas,Henry Thomas,Review.Board,SE,,,,,UK,GBR,UK,GBR
JAPE,1995,32,1,1368,Henry,,Thomas,Henry Thomas,Review.Board,SE,,,,,UK,GBR,UK,GBR
JAPE,1996,33,1,1368,Henry,,Thomas,Henry Thomas,Review.Board,SE,,,,,UK,GBR,UK,GBR
JAPE,1997,34,1,1368,Henry,,Thomas,Henry Thomas,Review.Board,SE,,,,,UK,GBR,UK,GBR
JAPE,2014,51,1,1403,Ian,,Kaplan,Ian Kaplan,Associate.Editor,SE, Purdue University,NA,NA,NA,USA,USA,USA,USA
JAPE,2015,52,1,1403,Ian,,Kaplan,Ian Kaplan,Associate.Editor,SE,,,,,USA,USA,USA,USA
JAPE,1988,25,1,1420,Ian,F,Spellerberg,Ian F Spellerberg,Review.Board,SE,,,,,UK,GBR,UK,GBR
JAPE,1989,26,1,1420,Ian,F,Spellerberg,Ian F Spellerberg,Review.Board,SE,,,,,UK,GBR,UK,GBR
JAPE,1990,27,1,1420,Ian,F,Spellerberg,Ian F Spellerberg,Review.Board,SE,,,,,UK,GBR,UK,GBR
JAPE,1991,28,1,1420,Ian,F,Spellerberg,Ian F Spellerberg,Review.Board,SE,,,,,UK,GBR,UK,GBR
JAPE,1992,29,1,1420,Ian,F,Spellerberg,Ian F Spellerberg,Review.Board,SE,NA,NA,Southampton,NA,UK,GBR,UK,GBR
JAPE,1993,30,1,1420,Ian,F,Spellerberg,Ian F Spellerberg,Review.Board,SE,,,,,UK,GBR,UK,GBR
JAPE,1994,31,1,1420,Ian,F,Spellerberg,Ian F Spellerberg,Review.Board,SE,NA,NA,Canterbury,NA,New Zealand,NZL,New Zealand,NZL
JAPE,1995,32,1,1420,Ian,F,Spellerberg,Ian F Spellerberg,Review.Board,SE,,,,,New Zealand,NZL,New Zealand,NZL
JAPE,1996,33,1,1420,Ian,F,Spellerberg,Ian F Spellerberg,Review.Board,SE,,,,,New Zealand,NZL,New Zealand,NZL
JAPE,2006,43,1,1421,Ingolf,,Steffan-Dewenter,Ingolf Steffan-Dewenter,Associate.Editor,SE,NA,NA,Gottingen,NA,Germany,DEU,Germany,DEU
JAPE,2007,44,1,1421,Ingolf,,Steffan-Dewenter,Ingolf Steffan-Dewenter,Associate.Editor,SE,,,,,Germany,DEU,Germany,DEU
JAPE,2008,45,1,1421,Ingolf,,Steffan-Dewenter,Ingolf Steffan-Dewenter,Associate.Editor,SE,,,,,Germany,DEU,Germany,DEU
JAPE,2009,46,1,1421,Ingolf,,Steffan-Dewenter,Ingolf Steffan-Dewenter,Associate.Editor,SE,NA,NA,Bayreuth,NA,Germany,DEU,Germany,DEU
JAPE,2010,47,1,1421,Ingolf,,Steffan-Dewenter,Ingolf Steffan-Dewenter,Associate.Editor,SE, University of Bayreuth,NA,NA,NA,Germany,DEU,Germany,DEU
JAPE,2011,48,1,1421,Ingolf,,Steffan-Dewenter,Ingolf Steffan-Dewenter,Associate.Editor,SE,,,,,Germany,DEU,Germany,DEU
JAPE,2012,49,1,1421,Ingolf,,Steffan-Dewenter,Ingolf Steffan-Dewenter,Associate.Editor,SE,,,,,Germany,DEU,Germany,DEU
JAPE,2013,50,1,1421,Ingolf,,Steffan-Dewenter,Ingolf Steffan-Dewenter,Associate.Editor,SE, University of Wurzburg,NA,NA,NA,Germany,DEU,Germany,DEU
JAPE,2014,51,1,1421,Ingolf,,Steffan-Dewenter,Ingolf Steffan-Dewenter,Associate.Editor,SE,,,,,Germany,DEU,Germany,DEU
JAPE,2003,40,1,1447,Jan,P,Bakker,Jan P Bakker,Review.Board,SE,University of Groningen ,NA,Haren,NA,The Netherlands,NLD,The Netherlands,NLD
JAPE,2004,41,1,1447,Jan,P,Bakker,Jan P Bakker,Review.Board,SE,University of Groningen ,NA,,NA,The Netherlands,NLD,The Netherlands,NLD
JAPE,2005,42,1,1447,Jan,P,Bakker,Jan P Bakker,Editorial.Board,SE,University of Groningen ,NA,,NA,The Netherlands,NLD,The Netherlands,NLD
JAPE,2006,43,1,1447,Jan,P,Bakker,Jan P Bakker,Editorial.Board,SE,University of Groningen ,NA,,NA,The Netherlands,NLD,The Netherlands,NLD
JAPE,2008,45,1,1452,Jos,,Barlow,Jos Barlow,Associate.Editor,SE,NA,NA,Lancaster,NA,UK,GBR,UK,GBR
JAPE,2009,46,1,1452,Jos,,Barlow,Jos Barlow,Associate.Editor,SE,,,,,UK,GBR,UK,GBR
JAPE,2010,47,1,1452,Jos,,Barlow,Jos Barlow,Associate.Editor,SE, Lancaster University,NA,NA,NA,UK,GBR,UK,GBR
JAPE,2011,48,1,1452,Jos,,Barlow,Jos Barlow,Associate.Editor,SE,,,,,UK,GBR,UK,GBR
JAPE,2012,49,1,1452,Jos,,Barlow,Jos Barlow,Editor,AE,,,,,UK,GBR,UK,GBR
JAPE,2013,50,1,1452,Jos,,Barlow,Jos Barlow,Editor,AE,,,,,UK,GBR,UK,GBR
JAPE,2014,51,1,1452,Jos,,Barlow,Jos Barlow,Editor,AE,,,,,UK,GBR,UK,GBR
JAPE,2015,52,1,1452,Jos,,Barlow,Jos Barlow,Editor,AE,,,,,UK,GBR,UK,GBR
JAPE,2013,50,1,1470,Julia,,Blanchard,Julia Blanchard,Associate.Editor,SE, University of Sheffield,NA,NA,NA,UK,GBR,UK,GBR
JAPE,2014,51,1,1470,Julia,,Blanchard,Julia Blanchard,Associate.Editor,SE,,,,,UK,GBR,UK,GBR
JAPE,2015,52,1,1470,Julia,,Blanchard,Julia Blanchard,Associate.Editor,SE,,,,,UK,GBR,UK,GBR
JAPE,2006,43,1,1481,Justin,S,Brashares,Justin S Brashares,Associate.Editor,SE,"University of California, Berkely ",NA,Berkeley,California,USA,USA,USA,USA
JAPE,2007,44,1,1481,Justin,S,Brashares,Justin S Brashares,Associate.Editor,SE,"University of California, Berkely ",NA,,NA,USA,USA,USA,USA
JAPE,2010,47,1,1481,Justin,S,Brashares,Justin S Brashares,Associate.Editor,SE,"University of California, Berkely ",NA,Berkeley,NA,USA,USA,USA,USA
JAPE,2000,37,1,1490,James,M,Bullock,James M Bullock,Review.Board,SE,NA,NA,Furzebrook,NA,UK,GBR,UK,GBR
JAPE,2001,38,1,1490,James,M,Bullock,James M Bullock,Review.Board,SE,,,,,UK,GBR,UK,GBR
JAPE,2002,39,1,1490,James,M,Bullock,James M Bullock,Review.Board,SE,,,,,UK,GBR,UK,GBR
JAPE,2003,40,1,1490,James,M,Bullock,James M Bullock,Review.Board,SE,,,,,UK,GBR,UK,GBR
JAPE,2007,44,1,1494,Javier,,Bustamante,Javier Bustamante,Associate.Editor,SE,NA,NA,Seville,NA,Spain,ESP,Spain,ESP
JAPE,2008,45,1,1494,Javier,,Bustamante,Javier Bustamante,Associate.Editor,SE,,,,,Spain,ESP,Spain,ESP
JAPE,2009,46,1,1494,Javier,,Bustamante,Javier Bustamante,Associate.Editor,SE,,,,,Spain,ESP,Spain,ESP
JAPE,1985,22,1,1521,J,P,Cooper,J P Cooper,Review.Board,SE,,,,,UK,GBR,UK,GBR
JAPE,1986,23,1,1521,J,P,Cooper,J P Cooper,Review.Board,SE,,,,,UK,GBR,UK,GBR
JAPE,1987,24,1,1521,J,P,Cooper,J P Cooper,Review.Board,SE,,,,,UK,GBR,UK,GBR
JAPE,2006,43,1,1522,Joan,,Cossentine,Joan Cossentine,Associate.Editor,SE,NA,NA,Summerland,NA,Canada,CAN,Canada,CAN
JAPE,2007,44,1,1522,Joan,,Cossentine,Joan Cossentine,Associate.Editor,SE,,,,,Canada,CAN,Canada,CAN
JAPE,2008,45,1,1522,Joan,,Cossentine,Joan Cossentine,Associate.Editor,SE, Agriculture and Agri-Food,NA,NA,NA,Canada,CAN,Canada,CAN
JAPE,2009,46,1,1522,Joan,,Cossentine,Joan Cossentine,Associate.Editor,SE,,,,,Canada,CAN,Canada,CAN
JAPE,2010,47,1,1522,Joan,,Cossentine,Joan Cossentine,Associate.Editor,SE, Pacific Agri-Food Research Centre,NA,NA,NA,Canada,CAN,Canada,CAN
JAPE,2011,48,1,1522,Joan,,Cossentine,Joan Cossentine,Associate.Editor,SE,,,,,Canada,CAN,Canada,CAN
JAPE,2012,49,1,1522,Joan,,Cossentine,Joan Cossentine,Associate.Editor,SE,,,,,Canada,CAN,Canada,CAN
JAPE,1985,22,1,1531,John,Patrick,Croxall,John Patrick Croxall,Review.Board,SE,,,,,UK,GBR,UK,GBR
JAPE,1986,23,1,1531,John,Patrick,Croxall,John Patrick Croxall,Review.Board,SE,,,,,UK,GBR,UK,GBR
JAPE,1987,24,1,1531,John,Patrick,Croxall,John Patrick Croxall,Review.Board,SE,,,,,UK,GBR,UK,GBR
JAPE,1988,25,1,1531,John,Patrick,Croxall,John Patrick Croxall,Review.Board,SE,,,,,UK,GBR,UK,GBR
JAPE,1989,26,1,1531,John,Patrick,Croxall,John Patrick Croxall,Review.Board,SE,,,,,UK,GBR,UK,GBR
JAPE,1990,27,1,1531,John,Patrick,Croxall,John Patrick Croxall,Review.Board,SE,,,,,UK,GBR,UK,GBR
JAPE,1991,28,1,1531,John,Patrick,Croxall,John Patrick Croxall,Review.Board,SE,,,,,UK,GBR,UK,GBR
JAPE,1992,29,1,1531,John,Patrick,Croxall,John Patrick Croxall,Review.Board,SE,NA,NA,Cambridge,NA,UK,GBR,UK,GBR
JAPE,1993,30,1,1531,John,Patrick,Croxall,John Patrick Croxall,Review.Board,SE,,,,,UK,GBR,UK,GBR
JAPE,1994,31,1,1531,John,Patrick,Croxall,John Patrick Croxall,Review.Board,SE,,,,,UK,GBR,UK,GBR
JAPE,1995,32,1,1531,John,Patrick,Croxall,John Patrick Croxall,Review.Board,SE,,,,,UK,GBR,UK,GBR
JAPE,2008,45,1,1554,Johan,T,DuToit,Johan T DuToit,Associate.Editor,SE,Utah State University ,NA,,Utah,USA,USA,USA,USA
JAPE,2009,46,1,1554,Johan,T,DuToit,Johan T DuToit,Associate.Editor,SE,Utah State University ,NA,,NA,USA,USA,USA,USA
JAPE,2010,47,1,1554,Johan,T,DuToit,Johan T DuToit,Associate.Editor,SE,Utah State University ,NA,,NA,USA,USA,USA,USA
JAPE,2011,48,1,1554,Johan,T,DuToit,Johan T DuToit,Associate.Editor,SE,Utah State University ,NA,,NA,USA,USA,USA,USA
JAPE,2012,49,1,1554,Johan,T,DuToit,Johan T DuToit,Associate.Editor,SE,Utah State University ,NA,,NA,USA,USA,USA,USA
JAPE,2013,50,1,1554,Johan,T,DuToit,Johan T DuToit,Associate.Editor,SE,Utah State University ,NA,,NA,USA,USA,USA,USA
JAPE,2014,51,1,1554,Johan,T,DuToit,Johan T DuToit,Associate.Editor,SE,Utah State University ,NA,,NA,USA,USA,USA,USA
JAPE,2015,52,1,1554,Johan,T,DuToit,Johan T DuToit,Associate.Editor,SE,Utah State University ,NA,,NA,USA,USA,USA,USA
JAPE,2014,51,1,1572,John,,Finn,John Finn,Associate.Editor,SE, Teagasc,NA,NA,NA,Ireland,IRL,Ireland,IRL
JAPE,2015,52,1,1572,John,,Finn,John Finn,Associate.Editor,SE,,,,,Ireland,IRL,Ireland,IRL
JAPE,2010,47,1,1573,Jennifer,,Firn,Jennifer Firn,Associate.Editor,SE, CISRO Sustainable Ecosystems,NA,NA,NA,Australia,AUS,Australia,AUS
JAPE,2011,48,1,1573,Jennifer,,Firn,Jennifer Firn,Associate.Editor,SE,,,,,Australia,AUS,Australia,AUS
JAPE,2012,49,1,1573,Jennifer,,Firn,Jennifer Firn,Associate.Editor,SE,,,,,Australia,AUS,Australia,AUS
JAPE,2013,50,1,1573,Jennifer,,Firn,Jennifer Firn,Associate.Editor,SE,,,,,Australia,AUS,Australia,AUS
JAPE,2014,51,1,1573,Jennifer,,Firn,Jennifer Firn,Associate.Editor,SE,,,,,Australia,AUS,Australia,AUS
JAPE,2015,52,1,1573,Jennifer,,Firn,Jennifer Firn,Associate.Editor,SE,,,,,Australia,AUS,Australia,AUS
JAPE,2013,50,1,1578,Jacqui,,Frair,Jacqui Frair,Associate.Editor,SE, University of New York,NA,NA,NA,USA,USA,USA,USA
JAPE,2014,51,1,1578,Jacqui,,Frair,Jacqui Frair,Associate.Editor,SE,,,,,USA,USA,USA,USA
JAPE,2015,52,1,1578,Jacqui,,Frair,Jacqui Frair,Associate.Editor,SE,,,,,USA,USA,USA,USA
JAPE,2005,42,1,1597,Jennifer,,Gill,Jennifer Gill,Associate.Editor,SE,NA,NA,Norwich,NA,UK,GBR,UK,GBR
JAPE,2006,43,1,1597,Jennifer,,Gill,Jennifer Gill,Associate.Editor,SE,,,,,UK,GBR,UK,GBR
JAPE,2007,44,1,1597,Jennifer,,Gill,Jennifer Gill,Associate.Editor,SE,,,,,UK,GBR,UK,GBR
JAPE,2008,45,1,1597,Jennifer,,Gill,Jennifer Gill,Associate.Editor,SE,,,,,UK,GBR,UK,GBR
JAPE,2009,46,1,1597,Jennifer,,Gill,Jennifer Gill,Associate.Editor,SE,,,,,UK,GBR,UK,GBR
JAPE,2010,47,1,1597,Jennifer,,Gill,Jennifer Gill,Associate.Editor,SE, University of East Angolia,NA,NA,NA,UK,GBR,UK,GBR
JAPE,2011,48,1,1597,Jennifer,,Gill,Jennifer Gill,Associate.Editor,SE,,,,,UK,GBR,UK,GBR
JAPE,2012,49,1,1597,Jennifer,,Gill,Jennifer Gill,Associate.Editor,SE,,,,,UK,GBR,UK,GBR
JAPE,2015,52,1,1631,Jani,,Heino,Jani Heino,Associate.Editor,SE, Finnish Environment Institute,NA,NA,NA,Finland,FIN,Finland,FIN
JAPE,2015,52,1,1655,Jeremy,,James,Jeremy James,Associate.Editor,SE, University of California,NA,NA,NA,USA,USA,USA,USA
JAPE,2008,45,1,1659,Julia,,Jones,Julia Jones,Associate.Editor,SE,NA,NA,Bangor,NA,UK,GBR,UK,GBR
JAPE,2009,46,1,1659,Julia,,Jones,Julia Jones,Associate.Editor,SE,,,,,UK,GBR,UK,GBR
JAPE,2010,47,1,1659,Julia,,Jones,Julia Jones,Associate.Editor,SE, Bangor University,NA,NA,NA,UK,GBR,UK,GBR
JAPE,2011,48,1,1659,Julia,,Jones,Julia Jones,Editor,AE,,,,,UK,GBR,UK,GBR
JAPE,2013,50,1,1659,Julia,,Jones,Julia Jones,Associate.Editor,SE,,,,,UK,GBR,UK,GBR
JAPE,2014,51,1,1659,Julia,,Jones,Julia Jones,Associate.Editor,SE,,,,,UK,GBR,UK,GBR
JAPE,2015,52,1,1659,Julia,,Jones,Julia Jones,Associate.Editor,SE,,,,,UK,GBR,UK,GBR
JAPE,2006,43,1,1708,Jack,J,Lennon,Jack J Lennon,Associate.Editor,SE,NA,NA,Aberdeen,NA,UK,GBR,UK,GBR
JAPE,2007,44,1,1708,Jack,J,Lennon,Jack J Lennon,Associate.Editor,SE,,,,,UK,GBR,UK,GBR
JAPE,2008,45,1,1708,Jack,J,Lennon,Jack J Lennon,Associate.Editor,SE,,,,,UK,GBR,UK,GBR
JAPE,2009,46,1,1708,Jack,J,Lennon,Jack J Lennon,Associate.Editor,SE,,,,,UK,GBR,UK,GBR
JAPE,2010,47,1,1708,Jack,J,Lennon,Jack J Lennon,Associate.Editor,SE, Macaulay Institute,NA,Aberdeen,NA,UK,GBR,UK,GBR
JAPE,2011,48,1,1708,Jack,J,Lennon,Jack J Lennon,Associate.Editor,SE,,,,,UK,GBR,UK,GBR
JAPE,2006,43,1,1709,Jan,,Leps,Jan Leps,Associate.Editor,SE,NA,NA,Ceske Budejovice,NA,Czech Republic,CZE,Czech Republic,CZE
JAPE,2007,44,1,1709,Jan,,Leps,Jan Leps,Associate.Editor,SE,,,,,Czech Republic,CZE,Czech Republic,CZE
JAPE,2008,45,1,1709,Jan,,Leps,Jan Leps,Associate.Editor,SE,,,,,Czech Republic,CZE,Czech Republic,CZE
JAPE,2009,46,1,1709,Jan,,Leps,Jan Leps,Associate.Editor,SE,,,,,Czech Republic,CZE,Czech Republic,CZE
JAPE,2010,47,1,1709,Jan,,Leps,Jan Leps,Associate.Editor,SE, University of South Bohemia,NA,NA,NA,Czech Republic,CZE,Czech Republic,CZE
JAPE,2011,48,1,1709,Jan,,Leps,Jan Leps,Associate.Editor,SE,,,,,Czech Republic,CZE,Czech Republic,CZE
JAPE,2012,49,1,1709,Jan,,Leps,Jan Leps,Associate.Editor,SE,,,,,Czech Republic,CZE,Czech Republic,CZE
JAPE,2015,52,1,1712,Jin-tian,,Li,Jin-tian Li,Associate.Editor,SE, Sun Yat-Sen University,NA,NA,NA,China,CHN,Chile,CHL
JAPE,2008,45,1,1748,Jason,,Matthiopoulos,Jason Matthiopoulos,Associate.Editor,SE,NA,NA,St. Andrews,NA,UK,GBR,UK,GBR
JAPE,2009,46,1,1748,Jason,,Matthiopoulos,Jason Matthiopoulos,Associate.Editor,SE,,,,,UK,GBR,UK,GBR
JAPE,2010,47,1,1748,Jason,,Matthiopoulos,Jason Matthiopoulos,Associate.Editor,SE, University of St. Andrews,NA,NA,NA,UK,GBR,UK,GBR
JAPE,2011,48,1,1748,Jason,,Matthiopoulos,Jason Matthiopoulos,Associate.Editor,SE,,,,,UK,GBR,UK,GBR
JAPE,2012,49,1,1748,Jason,,Matthiopoulos,Jason Matthiopoulos,Associate.Editor,SE,,,,,UK,GBR,UK,GBR
JAPE,2013,50,1,1748,Jason,,Matthiopoulos,Jason Matthiopoulos,Associate.Editor,SE,,,,,UK,GBR,UK,GBR
JAPE,2014,51,1,1748,Jason,,Matthiopoulos,Jason Matthiopoulos,Associate.Editor,SE,,,,,UK,GBR,UK,GBR
JAPE,2009,46,1,1757,Jane,,Memmott,Jane Memmott,Editor-Executive.Editor,EIC, University of Bristol,NA,NA,NA,UK,GBR,UK,GBR
JAPE,2010,47,1,1757,Jane,,Memmott,Jane Memmott,Editor-Executive.Editor,EIC,,,,,UK,GBR,UK,GBR
JAPE,2011,48,1,1757,Jane,,Memmott,Jane Memmott,Editor-Executive.Editor,EIC,,,,,UK,GBR,UK,GBR
JAPE,1988,25,1,1767,John,,Miles,John Miles,Editor,EIC,,,,,UK,GBR,UK,GBR
JAPE,1989,26,1,1767,John,,Miles,John Miles,Editor,EIC,,,,,UK,GBR,UK,GBR
JAPE,1990,27,1,1767,John,,Miles,John Miles,Editor,EIC,,,,,UK,GBR,UK,GBR
JAPE,1991,28,1,1767,John,,Miles,John Miles,Editor,EIC,,,,,UK,GBR,UK,GBR
JAPE,2013,50,1,1770,Jeroen,,Minderman,Jeroen Minderman,Associate.Editor,SE, University of Stirling,NA,NA,NA,UK,GBR,UK,GBR
JAPE,2014,51,1,1770,Jeroen,,Minderman,Jeroen Minderman,Associate.Editor,SE,,,,,UK,GBR,UK,GBR
JAPE,2015,52,1,1770,Jeroen,,Minderman,Jeroen Minderman,Associate.Editor,SE,,,,,UK,GBR,UK,GBR
JAPE,1985,22,1,1773,John,Lennox,Monteith,John Lennox Monteith,Review.Board,SE,,,,,UK,GBR,UK,GBR
JAPE,1986,23,1,1773,John,Lennox,Monteith,John Lennox Monteith,Review.Board,SE,,,,,UK,GBR,UK,GBR
JAPE,1987,24,1,1773,John,Lennox,Monteith,John Lennox Monteith,Review.Board,SE,,,,,UK,GBR,UK,GBR
JAPE,2015,52,1,1774,Joslin,,Moore,Joslin Moore,Associate.Editor,SE, University of Melbourne,NA,NA,NA,Australia,AUS,Australia,AUS
JAPE,2015,52,1,1778,Jorg,,Muller,Jorg Muller,Associate.Editor,SE, Bavarian Forest National Park,NA,NA,NA,Germany,DEU,Germany,DEU
JAPE,2001,38,1,1786,James,D,Nichols,James D Nichols,Review.Board,SE,US Geological Survey ,NA,Laurel,Maryland,USA,USA,USA,USA
JAPE,2002,39,1,1786,James,D,Nichols,James D Nichols,Review.Board,SE,US Geological Survey ,NA,,NA,USA,USA,USA,USA
JAPE,2003,40,1,1786,James,D,Nichols,James D Nichols,Review.Board,SE,US Geological Survey ,NA,,NA,USA,USA,USA,USA
JAPE,2004,41,1,1786,James,D,Nichols,James D Nichols,Review.Board,SE,US Geological Survey ,NA,,NA,USA,USA,USA,USA
JAPE,2005,42,1,1786,James,D,Nichols,James D Nichols,Editorial.Board,SE,US Geological Survey ,NA,,NA,USA,USA,USA,USA
JAPE,2006,43,1,1786,James,D,Nichols,James D Nichols,Editorial.Board,SE,US Geological Survey ,NA,,NA,USA,USA,USA,USA
JAPE,2010,47,1,1793,Juliet,,Osborne,Juliet Osborne,Associate.Editor,SE, Rothamsted Research,NA,NA,NA,UK,GBR,UK,GBR
JAPE,2011,48,1,1793,Juliet,,Osborne,Juliet Osborne,Associate.Editor,SE,,,,,UK,GBR,UK,GBR
JAPE,2012,49,1,1793,Juliet,,Osborne,Juliet Osborne,Associate.Editor,SE,,,,,UK,GBR,UK,GBR
JAPE,2013,50,1,1793,Juliet,,Osborne,Juliet Osborne,Associate.Editor,SE,,,,,UK,GBR,UK,GBR
JAPE,2014,51,1,1793,Juliet,,Osborne,Juliet Osborne,Associate.Editor,SE,,,,,UK,GBR,UK,GBR
JAPE,2008,45,1,1831,Jonathan,,Rhodes,Jonathan Rhodes,Associate.Editor,SE,,,,,Australia,AUS,Australia,AUS
JAPE,2009,46,1,1831,Jonathan,,Rhodes,Jonathan Rhodes,Associate.Editor,SE,,,,,Australia,AUS,Australia,AUS
JAPE,2010,47,1,1831,Jonathan,,Rhodes,Jonathan Rhodes,Associate.Editor,SE, University of Queensland,NA,NA,NA,Australia,AUS,Australia,AUS
JAPE,2011,48,1,1831,Jonathan,,Rhodes,Jonathan Rhodes,Associate.Editor,SE,,,,,Australia,AUS,Australia,AUS
JAPE,2012,49,1,1831,Jonathan,,Rhodes,Jonathan Rhodes,Associate.Editor,SE,,,,,Australia,AUS,Australia,AUS
JAPE,2013,50,1,1831,Jonathan,,Rhodes,Jonathan Rhodes,Associate.Editor,SE,,,,,Australia,AUS,Australia,AUS
JAPE,2014,51,1,1831,Jonathan,,Rhodes,Jonathan Rhodes,Associate.Editor,SE,,,,,Australia,AUS,Australia,AUS
JAPE,2015,52,1,1831,Jonathan,,Rhodes,Jonathan Rhodes,Associate.Editor,SE,,,,,Australia,AUS,Australia,AUS
JAPE,2015,52,1,1841,Jason,,Rohr,Jason Rohr,Associate.Editor,SE, University of South Florida,NA,NA,NA,USA,USA,USA,USA
JAPE,2007,44,1,1848,J,Andrew,Royle,J Andrew Royle,Associate.Editor,SE,US Geological Survey ,NA,,NA,USA,USA,USA,USA
JAPE,2008,45,1,1848,J,Andrew,Royle,J Andrew Royle,Associate.Editor,SE,US Geological Survey Patuzent,NA,,NA,USA,USA,USA,USA
JAPE,2009,46,1,1848,J,Andrew,Royle,J Andrew Royle,Associate.Editor,SE,US Geological Survey ,NA,,NA,USA,USA,USA,USA
JAPE,2010,47,1,1848,J,Andrew,Royle,J Andrew Royle,Associate.Editor,SE, USGS Patuxent Wildlife Research Center,NA,NA,NA,USA,USA,USA,USA
JAPE,2011,48,1,1848,J,Andrew,Royle,J Andrew Royle,Associate.Editor,SE,US Geological Survey ,NA,,NA,USA,USA,USA,USA
JAPE,2012,49,1,1848,J,Andrew,Royle,J Andrew Royle,Associate.Editor,SE,US Geological Survey ,NA,,NA,USA,USA,USA,USA
JAPE,1985,22,1,1884,Janet,I,Sprent,Janet I Sprent,Review.Board,SE,,,,,UK,GBR,UK,GBR
JAPE,1986,23,1,1884,Janet,I,Sprent,Janet I Sprent,Review.Board,SE,,,,,UK,GBR,UK,GBR
JAPE,1987,24,1,1884,Janet,I,Sprent,Janet I Sprent,Review.Board,SE,,,,,UK,GBR,UK,GBR
JAPE,1988,25,1,1884,Janet,I,Sprent,Janet I Sprent,Review.Board,SE,,,,,UK,GBR,UK,GBR
JAPE,1989,26,1,1884,Janet,I,Sprent,Janet I Sprent,Review.Board,SE,,,,,UK,GBR,UK,GBR
JAPE,1990,27,1,1884,Janet,I,Sprent,Janet I Sprent,Review.Board,SE,,,,,UK,GBR,UK,GBR
JAPE,1991,28,1,1884,Janet,I,Sprent,Janet I Sprent,Review.Board,SE,,,,,UK,GBR,UK,GBR
JAPE,1992,29,1,1884,Janet,I,Sprent,Janet I Sprent,Review.Board,SE,NA,NA,Dundee,NA,UK,GBR,UK,GBR
JAPE,1993,30,1,1884,Janet,I,Sprent,Janet I Sprent,Review.Board,SE,,,,,UK,GBR,UK,GBR
JAPE,1994,31,1,1884,Janet,I,Sprent,Janet I Sprent,Review.Board,SE,,,,,UK,GBR,UK,GBR
JAPE,1995,32,1,1884,Janet,I,Sprent,Janet I Sprent,Review.Board,SE,,,,,UK,GBR,UK,GBR
JAPE,1996,33,1,1884,Janet,I,Sprent,Janet I Sprent,Review.Board,SE,,,,,UK,GBR,UK,GBR
JAPE,1997,34,1,1884,Janet,I,Sprent,Janet I Sprent,Review.Board,SE,,,,,UK,GBR,UK,GBR
JAPE,1996,33,1,1913,Jo,,Treweek,Jo Treweek,Review.Board,SE,NA,NA,Furzebrook,NA,UK,GBR,UK,GBR
JAPE,1997,34,1,1913,Jo,,Treweek,Jo Treweek,Review.Board,SE,,,,,UK,GBR,UK,GBR
JAPE,1998,35,1,1913,Jo,,Treweek,Jo Treweek,Review.Board,SE,,,,,UK,GBR,UK,GBR
JAPE,1999,36,1,1913,Jo,,Treweek,Jo Treweek,Review.Board,SE,NA,NA,Monks Wood,NA,UK,GBR,UK,GBR
JAPE,2000,37,1,1913,Jo,,Treweek,Jo Treweek,Review.Board,SE,NA,NA,Monks Wood,NA,UK,GBR,UK,GBR
JAPE,2006,43,1,2025,K,Ullas,Karanth,K Ullas Karanth,Associate.Editor,SE,Wildlife Conservation Society ,NA,Bangalore,NA,India,IND,India,IND
JAPE,2007,44,1,2025,K,Ullas,Karanth,K Ullas Karanth,Associate.Editor,SE,Wildlife Conservation Society ,NA,,NA,India,IND,India,IND
JAPE,2008,45,1,2025,K,Ullas,Karanth,K Ullas Karanth,Associate.Editor,SE,Wildlife Conservation Society ,NA,,NA,India,IND,India,IND
JAPE,2009,46,1,2025,K,Ullas,Karanth,K Ullas Karanth,Associate.Editor,SE,Wildlife Conservation Society ,NA,,NA,India,IND,India,IND
JAPE,2010,47,1,2025,K,Ullas,Karanth,K Ullas Karanth,Associate.Editor,SE,Wildlife Conservation Society ,NA,,NA,India,IND,India,IND
JAPE,2011,48,1,2025,K,Ullas,Karanth,K Ullas Karanth,Associate.Editor,SE,Wildlife Conservation Society ,NA,,NA,India,IND,India,IND
JAPE,2012,49,1,2025,K,Ullas,Karanth,K Ullas Karanth,Associate.Editor,SE,Wildlife Conservation Society ,NA,,NA,India,IND,India,IND
JAPE,2010,47,1,2125,Lesley,,Batty,Lesley Batty,Associate.Editor,SE, Unviersity of Birmingham,NA,NA,NA,UK,GBR,UK,GBR
JAPE,2011,48,1,2125,Lesley,,Batty,Lesley Batty,Associate.Editor,SE,,,,,UK,GBR,UK,GBR
JAPE,2012,49,1,2125,Lesley,,Batty,Lesley Batty,Associate.Editor,SE,,,,,UK,GBR,UK,GBR
JAPE,2013,50,1,2125,Lesley,,Batty,Lesley Batty,Associate.Editor,SE,,,,,UK,GBR,UK,GBR
JAPE,1997,34,1,2145,Les,Green,Firbank,Les Green Firbank,Review.Board,SE,NA,NA,Merlewood,NA,UK,GBR,UK,GBR
JAPE,1998,35,1,2145,Les,Green,Firbank,Les Green Firbank,Review.Board,SE,,,,,UK,GBR,UK,GBR
JAPE,1999,36,1,2145,Les,Green,Firbank,Les Green Firbank,Review.Board,SE,,,,,UK,GBR,UK,GBR
JAPE,2000,37,1,2145,Les,Green,Firbank,Les Green Firbank,Review.Board,SE,NA,NA,Merlewood,NA,UK,GBR,UK,GBR
JAPE,2001,38,1,2145,Les,Green,Firbank,Les Green Firbank,Review.Board,SE,,,,,UK,GBR,UK,GBR
JAPE,2002,39,1,2145,Les,Green,Firbank,Les Green Firbank,Review.Board,SE,,,,,UK,GBR,UK,GBR
JAPE,2015,52,1,2244,Lara,,Souza,Lara Souza,Associate.Editor,SE, Oklahoma University,NA,NA,NA,USA,USA,USA,USA
JAPE,1996,33,1,2250,Les,Green,Underhill,Les Green Underhill,Review.Board,SE,NA,NA,Cape Town,NA,South Africa,ZAF,South Africa,ZAF
JAPE,1997,34,1,2250,Les,Green,Underhill,Les Green Underhill,Review.Board,SE,,,,,South Africa,ZAF,South Africa,ZAF
JAPE,1998,35,1,2250,Les,Green,Underhill,Les Green Underhill,Review.Board,SE,,,,,South Africa,ZAF,South Africa,ZAF
JAPE,1999,36,1,2250,Les,Green,Underhill,Les Green Underhill,Review.Board,SE,,,,,South Africa,ZAF,South Africa,ZAF
JAPE,2000,37,1,2250,Les,Green,Underhill,Les Green Underhill,Review.Board,SE,NA,NA,Cape Town,NA,South Africa,ZAF,South Africa,ZAF
JAPE,2011,48,1,2280,Mel,,Austen,Mel Austen,Associate.Editor,SE, Plymouth Marine Laboratory,NA,Playmouth,NA,UK,GBR,UK,GBR
JAPE,2012,49,1,2280,Mel,,Austen,Mel Austen,Associate.Editor,SE,,,,,UK,GBR,UK,GBR
JAPE,2012,49,1,2294,Malcom,,Bennett,Malcom Bennett,Associate.Editor,SE,,,,,UK,GBR,UK,GBR
JAPE,2012,49,1,2303,Michael,,Bode,Michael Bode,Associate.Editor,SE, University of Melbourne,NA,NA,NA,Australia,AUS,Australia,AUS
JAPE,2013,50,1,2303,Michael,,Bode,Michael Bode,Associate.Editor,SE,,,,,Australia,AUS,Australia,AUS
JAPE,2014,51,1,2303,Michael,,Bode,Michael Bode,Associate.Editor,SE,,,,,Australia,AUS,Australia,AUS
JAPE,2006,43,1,2322,Marc,,Cadotte,Marc Cadotte,Associate.Editor,SE,NA,NA,Knoxville,NA,USA,USA,USA,USA
JAPE,2007,44,1,2322,Marc,,Cadotte,Marc Cadotte,Associate.Editor,SE,,,,,USA,USA,USA,USA
JAPE,2008,45,1,2322,Marc,,Cadotte,Marc Cadotte,Associate.Editor,SE,,,,,USA,USA,USA,USA
JAPE,2010,47,1,2322,Marc,,Cadotte,Marc Cadotte,Editor,AE, University of Toronto,NA,NA,NA,USA,USA,USA,USA
JAPE,2011,48,1,2322,Marc,,Cadotte,Marc Cadotte,Editor,AE,,,,,USA,USA,USA,USA
JAPE,2012,49,1,2322,Marc,,Cadotte,Marc Cadotte,Editor,AE,,,,,USA,USA,USA,USA
JAPE,2013,50,1,2322,Marc,,Cadotte,Marc Cadotte,Editor,AE,,,,,USA,USA,USA,USA
JAPE,2014,51,1,2322,Marc,,Cadotte,Marc Cadotte,Editor,AE,,,,,USA,USA,USA,USA
JAPE,2015,52,1,2322,Marc,,Cadotte,Marc Cadotte,Editor-Executive.Editor,EIC,,,,,USA,USA,USA,USA
JAPE,2008,45,1,2378,Morten,,Frederiksen,Morten Frederiksen,Associate.Editor,SE,NA,NA,Roakslide,NA,Denmark,DNK,Denmark,DNK
JAPE,2009,46,1,2378,Morten,,Frederiksen,Morten Frederiksen,Associate.Editor,SE,,,,,Denmark,DNK,Denmark,DNK
JAPE,2010,47,1,2378,Morten,,Frederiksen,Morten Frederiksen,Associate.Editor,SE, National Environmental Research Institute,NA,NA,NA,Denmark,DNK,Denmark,DNK
JAPE,2011,48,1,2378,Morten,,Frederiksen,Morten Frederiksen,Associate.Editor,SE,,,,,Denmark,DNK,Denmark,DNK
JAPE,2012,49,1,2378,Morten,,Frederiksen,Morten Frederiksen,Associate.Editor,SE,,,,,Denmark,DNK,Denmark,DNK
JAPE,2013,50,1,2378,Morten,,Frederiksen,Morten Frederiksen,Associate.Editor,SE,,,,,Denmark,DNK,Denmark,DNK
JAPE,2014,51,1,2378,Morten,,Frederiksen,Morten Frederiksen,Associate.Editor,SE,,,,,Denmark,DNK,Denmark,DNK
JAPE,2015,52,1,2404,Mattew,,Hayward,Mattew Hayward,Associate.Editor,SE, Bangor University,NA,NA,NA,UK,GBR,UK,GBR
JAPE,2007,44,1,2407,Mark,,Hebblewhite,Mark Hebblewhite,Associate.Editor,SE,NA,NA,Montana,NA,USA,USA,USA,USA
JAPE,2008,45,1,2407,Mark,,Hebblewhite,Mark Hebblewhite,Associate.Editor,SE,,,,,USA,USA,USA,USA
JAPE,2009,46,1,2407,Mark,,Hebblewhite,Mark Hebblewhite,Associate.Editor,SE,,,,,USA,USA,USA,USA
JAPE,2010,47,1,2407,Mark,,Hebblewhite,Mark Hebblewhite,Associate.Editor,SE, University of Montana,NA,NA,NA,USA,USA,USA,USA
JAPE,2011,48,1,2407,Mark,,Hebblewhite,Mark Hebblewhite,Associate.Editor,SE,,,,,USA,USA,USA,USA
JAPE,2012,49,1,2407,Mark,,Hebblewhite,Mark Hebblewhite,Associate.Editor,SE,,,,,USA,USA,USA,USA
JAPE,1988,25,1,2410,Mark,O,Hill,Mark O Hill,Review.Board,SE,,,,,UK,GBR,UK,GBR
JAPE,1989,26,1,2410,Mark,O,Hill,Mark O Hill,Review.Board,SE,,,,,UK,GBR,UK,GBR
JAPE,1990,27,1,2410,Mark,O,Hill,Mark O Hill,Review.Board,SE,,,,,UK,GBR,UK,GBR
JAPE,1991,28,1,2410,Mark,O,Hill,Mark O Hill,Review.Board,SE,,,,,UK,GBR,UK,GBR
JAPE,1992,29,1,2410,Mark,O,Hill,Mark O Hill,Review.Board,SE,NA,NA,Monks Wood,NA,UK,GBR,UK,GBR
JAPE,1993,30,1,2410,Mark,O,Hill,Mark O Hill,Review.Board,SE,,,,,UK,GBR,UK,GBR
JAPE,1994,31,1,2410,Mark,O,Hill,Mark O Hill,Review.Board,SE,,,,,UK,GBR,UK,GBR
JAPE,1995,32,1,2410,Mark,O,Hill,Mark O Hill,Review.Board,SE,,,,,UK,GBR,UK,GBR
JAPE,1996,33,1,2410,Mark,O,Hill,Mark O Hill,Review.Board,SE,,,,,UK,GBR,UK,GBR
JAPE,1997,34,1,2410,Mark,O,Hill,Mark O Hill,Review.Board,SE,,,,,UK,GBR,UK,GBR
JAPE,1998,35,1,2410,Mark,O,Hill,Mark O Hill,Review.Board,SE,,,,,UK,GBR,UK,GBR
JAPE,1999,36,1,2410,Mark,O,Hill,Mark O Hill,Review.Board,SE,,,,,UK,GBR,UK,GBR
JAPE,2000,37,1,2410,Mark,O,Hill,Mark O Hill,Review.Board,SE,,,,,UK,GBR,UK,GBR
JAPE,2001,38,1,2410,Mark,O,Hill,Mark O Hill,Review.Board,SE,,,,,UK,GBR,UK,GBR
JAPE,2002,39,1,2410,Mark,O,Hill,Mark O Hill,Review.Board,SE,,,,,UK,GBR,UK,GBR
JAPE,2003,40,1,2410,Mark,O,Hill,Mark O Hill,Review.Board,SE,,,,,UK,GBR,UK,GBR
JAPE,2004,41,1,2410,Mark,O,Hill,Mark O Hill,Review.Board,SE,,,,,UK,GBR,UK,GBR
JAPE,2005,42,1,2410,Mark,O,Hill,Mark O Hill,Editorial.Board,SE,,,,,UK,GBR,UK,GBR
JAPE,2006,43,1,2410,Mark,O,Hill,Mark O Hill,Editorial.Board,SE,,,,,UK,GBR,UK,GBR
JAPE,2008,45,1,2468,Michael,A,McCarthy,Michael A McCarthy,Associate.Editor,SE,"Royal Botanic Gardens, Melbourne ",NA,Melbourne,NA,Australia,AUS,Australia,AUS
JAPE,2009,46,1,2468,Michael,A,McCarthy,Michael A McCarthy,Associate.Editor,SE,"Royal Botanic Gardens, Melbourne ",NA,,NA,Australia,AUS,Australia,AUS
JAPE,2010,47,1,2468,Michael,A,McCarthy,Michael A McCarthy,Associate.Editor,SE,"Royal Botanic Gardens, Melbourne University of Melbourne",NA,,NA,Australia,AUS,Australia,AUS
JAPE,2011,48,1,2468,Michael,A,McCarthy,Michael A McCarthy,Associate.Editor,SE,"Royal Botanic Gardens, Melbourne ",NA,,NA,Australia,AUS,Australia,AUS
JAPE,1985,22,1,2484,Michael,Green,Morris,Michael Green Morris,Review.Board,SE,,,,,UK,GBR,UK,GBR
JAPE,1986,23,1,2484,Michael,Green,Morris,Michael Green Morris,Review.Board,SE,,,,,UK,GBR,UK,GBR
JAPE,1987,24,1,2484,Michael,Green,Morris,Michael Green Morris,Review.Board,SE,,,,,UK,GBR,UK,GBR
JAPE,1988,25,1,2484,Michael,Green,Morris,Michael Green Morris,Review.Board,SE,,,,,UK,GBR,UK,GBR
JAPE,1989,26,1,2484,Michael,Green,Morris,Michael Green Morris,Review.Board,SE,,,,,UK,GBR,UK,GBR
JAPE,1990,27,1,2484,Michael,Green,Morris,Michael Green Morris,Review.Board,SE,,,,,UK,GBR,UK,GBR
JAPE,1991,28,1,2484,Michael,Green,Morris,Michael Green Morris,Review.Board,SE,,,,,UK,GBR,UK,GBR
JAPE,1992,29,1,2484,Michael,Green,Morris,Michael Green Morris,Review.Board,SE,NA,NA,Wareham,NA,UK,GBR,UK,GBR
JAPE,1993,30,1,2484,Michael,Green,Morris,Michael Green Morris,Review.Board,SE,NA,NA,Fuzerbrook,NA,UK,GBR,UK,GBR
JAPE,1994,31,1,2484,Michael,Green,Morris,Michael Green Morris,Review.Board,SE,,,,,UK,GBR,UK,GBR
JAPE,1995,32,1,2484,Michael,Green,Morris,Michael Green Morris,Review.Board,SE,,,,,UK,GBR,UK,GBR
JAPE,1996,33,1,2513,Mike,W,Pienkowski,Mike W Pienkowski,Editor-Executive.Editor,EIC,NA,NA,Peterborough,NA,UK,GBR,UK,GBR
JAPE,1997,34,1,2513,Mike,W,Pienkowski,Mike W Pienkowski,Editor-Executive.Editor,EIC,,,,,UK,GBR,UK,GBR
JAPE,1998,35,1,2513,Mike,W,Pienkowski,Mike W Pienkowski,Editor-Executive.Editor,EIC,,,,,UK,GBR,UK,GBR
JAPE,1999,36,1,2513,Mike,W,Pienkowski,Mike W Pienkowski,Editor-Executive.Editor,EIC,,,,,UK,GBR,UK,GBR
JAPE,2000,37,1,2513,Mike,W,Pienkowski,Mike W Pienkowski,Editor,AE,,,,,UK,GBR,UK,GBR
JAPE,2010,47,1,2517,Michael,,Pocock,Michael Pocock,Associate.Editor,SE, University of Bristol,NA,NA,NA,UK,GBR,UK,GBR
JAPE,2011,48,1,2517,Michael,,Pocock,Michael Pocock,Associate.Editor,SE,,,,,UK,GBR,UK,GBR
JAPE,2012,49,1,2517,Michael,,Pocock,Michael Pocock,Associate.Editor,SE,,,,,UK,GBR,UK,GBR
JAPE,2013,50,1,2517,Michael,,Pocock,Michael Pocock,Associate.Editor,SE,,,,,UK,GBR,UK,GBR
JAPE,2014,51,1,2517,Michael,,Pocock,Michael Pocock,Associate.Editor,SE,,,,,UK,GBR,UK,GBR
JAPE,2015,52,1,2517,Michael,,Pocock,Michael Pocock,Associate.Editor,SE, Centre for Ecology & Hydrology,NA,Wallingford,NA,UK,GBR,UK,GBR
JAPE,2006,43,1,2598,Matthew,J,Walpole,Matthew J Walpole,Associate.Editor,SE,NA,NA,Cambridge,NA,UK,GBR,UK,GBR
JAPE,2007,44,1,2598,Matthew,J,Walpole,Matthew J Walpole,Associate.Editor,SE,,,,,UK,GBR,UK,GBR
JAPE,2008,45,1,2598,Matthew,J,Walpole,Matthew J Walpole,Associate.Editor,SE,,,,,UK,GBR,UK,GBR
JAPE,2009,46,1,2598,Matthew,J,Walpole,Matthew J Walpole,Associate.Editor,SE,,,,,UK,GBR,UK,GBR
JAPE,2007,44,1,2608,Mark,,Whittingham,Mark Whittingham,Associate.Editor,SE,NA,NA,Newcastle upon Tyne,NA,UK,GBR,UK,GBR
JAPE,2008,45,1,2608,Mark,,Whittingham,Mark Whittingham,Associate.Editor,SE,,,,,UK,GBR,UK,GBR
JAPE,2009,46,1,2608,Mark,,Whittingham,Mark Whittingham,Associate.Editor,SE,,,,,UK,GBR,UK,GBR
JAPE,2010,47,1,2608,Mark,,Whittingham,Mark Whittingham,Editor,AE, Newcastle University,NA,NA,NA,UK,GBR,UK,GBR
JAPE,2011,48,1,2608,Mark,,Whittingham,Mark Whittingham,Editor,AE,,,,,UK,GBR,UK,GBR
JAPE,2012,49,1,2608,Mark,,Whittingham,Mark Whittingham,Editor,AE,,,,,UK,GBR,UK,GBR
JAPE,2013,50,1,2608,Mark,,Whittingham,Mark Whittingham,Editor,AE,,,,,UK,GBR,UK,GBR
JAPE,2014,51,1,2608,Mark,,Whittingham,Mark Whittingham,Editor,AE,,,,,UK,GBR,UK,GBR
JAPE,2015,52,1,2608,Mark,,Whittingham,Mark Whittingham,Editor,AE,,,,,UK,GBR,UK,GBR
JAPE,2000,37,1,2625,Nigel,D,Barlow,Nigel D Barlow,Review.Board,SE,AgResearch ,NA,Lincoln,NA,New Zealand,NZL,New Zealand,NZL
JAPE,2001,38,1,2625,Nigel,D,Barlow,Nigel D Barlow,Editor,AE,AgResearch ,NA,Lincoln,NA,New Zealand,NZL,New Zealand,NZL
JAPE,2002,39,1,2625,Nigel,D,Barlow,Nigel D Barlow,Editor,AE,AgResearch ,NA,NA,NA,New Zealand,NZL,New Zealand,NZL
JAPE,1986,23,1,2629,Nigel,,Bonner,Nigel Bonner,Review.Board,SE,,,,,UK,GBR,UK,GBR
JAPE,1987,24,1,2629,Nigel,,Bonner,Nigel Bonner,Review.Board,SE,,,,,UK,GBR,UK,GBR
JAPE,1988,25,1,2629,Nigel,,Bonner,Nigel Bonner,Review.Board,SE,,,,,UK,GBR,UK,GBR
JAPE,1989,26,1,2629,Nigel,,Bonner,Nigel Bonner,Review.Board,SE,,,,,UK,GBR,UK,GBR
JAPE,1990,27,1,2629,Nigel,,Bonner,Nigel Bonner,Review.Board,SE,,,,,UK,GBR,UK,GBR
JAPE,1991,28,1,2629,Nigel,,Bonner,Nigel Bonner,Review.Board,SE,,,,,UK,GBR,UK,GBR
JAPE,1992,29,1,2629,Nigel,,Bonner,Nigel Bonner,Review.Board,SE,NA,NA,Cambridge,NA,UK,GBR,UK,GBR
JAPE,1993,30,1,2629,Nigel,,Bonner,Nigel Bonner,Review.Board,SE,,,,,UK,GBR,UK,GBR
JAPE,1994,31,1,2629,Nigel,,Bonner,Nigel Bonner,Review.Board,SE,,,,,UK,GBR,UK,GBR
JAPE,1995,32,1,2629,Nigel,,Bonner,Nigel Bonner,Review.Board,SE,,,,,UK,GBR,UK,GBR
JAPE,2009,46,1,2640,Nicholas,,Dulvy,Nicholas Dulvy,Associate.Editor,SE,NA,NA,Vancouver,NA,Canada,CAN,Canada,CAN
JAPE,2010,47,1,2640,Nicholas,,Dulvy,Nicholas Dulvy,Associate.Editor,SE, Simon Fraser University,NA,NA,Vancouver,Canada,CAN,Canada,CAN
JAPE,2011,48,1,2640,Nicholas,,Dulvy,Nicholas Dulvy,Associate.Editor,SE,,,,,Canada,CAN,Canada,CAN
JAPE,2012,49,1,2640,Nicholas,,Dulvy,Nicholas Dulvy,Associate.Editor,SE,,,,,Canada,CAN,Canada,CAN
JAPE,2013,50,1,2640,Nicholas,,Dulvy,Nicholas Dulvy,Associate.Editor,SE,,,,,Canada,CAN,Canada,CAN
JAPE,2001,38,1,2670,Nicholas,J,Mills,Nicholas J Mills,Review.Board,SE,"University of California, Berkely ",NA,Berkeley,California,USA,USA,USA,USA
JAPE,2002,39,1,2670,Nicholas,J,Mills,Nicholas J Mills,Review.Board,SE,"University of California, Berkely ",NA,,NA,USA,USA,USA,USA
JAPE,2003,40,1,2670,Nicholas,J,Mills,Nicholas J Mills,Review.Board,SE,"University of California, Berkely ",NA,,NA,USA,USA,USA,USA
JAPE,2004,41,1,2670,Nicholas,J,Mills,Nicholas J Mills,Review.Board,SE,"University of California, Berkely ",NA,,NA,USA,USA,USA,USA
JAPE,2005,42,1,2670,Nicholas,J,Mills,Nicholas J Mills,Editorial.Board,SE,"University of California, Berkely ",NA,,NA,USA,USA,USA,USA
JAPE,2006,43,1,2670,Nicholas,J,Mills,Nicholas J Mills,Editorial.Board,SE,"University of California, Berkely ",NA,,NA,USA,USA,USA,USA
JAPE,2008,45,1,2679,Nathalie,,Pettorelli,Nathalie Pettorelli,Associate.Editor,SE,NA,NA,London,NA,UK,GBR,UK,GBR
JAPE,2009,46,1,2679,Nathalie,,Pettorelli,Nathalie Pettorelli,Associate.Editor,SE,,,,,UK,GBR,UK,GBR
JAPE,2010,47,1,2679,Nathalie,,Pettorelli,Nathalie Pettorelli,Associate.Editor,SE, Zoological Society of London,NA,NA,NA,UK,GBR,UK,GBR
JAPE,2011,48,1,2679,Nathalie,,Pettorelli,Nathalie Pettorelli,Associate.Editor,SE,,,,,UK,GBR,UK,GBR
JAPE,2012,49,1,2679,Nathalie,,Pettorelli,Nathalie Pettorelli,Associate.Editor,SE,,,,,UK,GBR,UK,GBR
JAPE,2013,50,1,2679,Nathalie,,Pettorelli,Nathalie Pettorelli,Associate.Editor,SE,,,,,UK,GBR,UK,GBR
JAPE,2014,51,1,2679,Nathalie,,Pettorelli,Nathalie Pettorelli,Associate.Editor,SE,,,,,UK,GBR,UK,GBR
JAPE,1990,27,1,2703,Nigel,,Webb,Nigel Webb,Editor,EIC,,,,,UK,GBR,UK,GBR
JAPE,1991,28,1,2703,Nigel,,Webb,Nigel Webb,Editor,EIC,,,,,UK,GBR,UK,GBR
JAPE,1992,29,1,2703,Nigel,,Webb,Nigel Webb,Editor,EIC, Institute of Terrestrial Ecology,Furzebrook Research Station,Wareham,NA,UK,GBR,UK,GBR
JAPE,1993,30,1,2703,Nigel,,Webb,Nigel Webb,Editor,EIC,,,,,UK,GBR,UK,GBR
JAPE,1994,31,1,2703,Nigel,,Webb,Nigel Webb,Editor,EIC,,,,,UK,GBR,UK,GBR
JAPE,1995,32,1,2703,Nigel,,Webb,Nigel Webb,Editor,EIC,,,,,UK,GBR,UK,GBR
JAPE,1996,33,1,2703,Nigel,,Webb,Nigel Webb,Editor,AE,,,,,UK,GBR,UK,GBR
JAPE,1998,35,1,2703,Nigel,,Webb,Nigel Webb,Review.Board,SE,,,,,UK,GBR,UK,GBR
JAPE,1999,36,1,2703,Nigel,,Webb,Nigel Webb,Review.Board,SE,,,,,UK,GBR,UK,GBR
JAPE,2000,37,1,2703,Nigel,,Webb,Nigel Webb,Review.Board,SE,,,,,UK,GBR,UK,GBR
JAPE,2001,38,1,2703,Nigel,,Webb,Nigel Webb,Review.Board,SE,,,,,UK,GBR,UK,GBR
JAPE,2002,39,1,2703,Nigel,,Webb,Nigel Webb,Review.Board,SE,,,,,UK,GBR,UK,GBR
JAPE,2010,47,1,2726,Owen,,Lewis,Owen Lewis,Associate.Editor,SE, University of Oxford,NA,NA,NA,UK,GBR,UK,GBR
JAPE,2011,48,1,2726,Owen,,Lewis,Owen Lewis,Associate.Editor,SE,,,,,UK,GBR,UK,GBR
JAPE,2012,49,1,2726,Owen,,Lewis,Owen Lewis,Associate.Editor,SE,,,,,UK,GBR,UK,GBR
JAPE,2013,50,1,2726,Owen,,Lewis,Owen Lewis,Associate.Editor,SE,,,,,UK,GBR,UK,GBR
JAPE,2014,51,1,2726,Owen,,Lewis,Owen Lewis,Associate.Editor,SE,,,,,UK,GBR,UK,GBR
JAPE,2015,52,1,2726,Owen,,Lewis,Owen Lewis,Associate.Editor,SE,,,,,UK,GBR,UK,GBR
JAPE,2010,47,1,2757,Paul,,Armsworth,Paul Armsworth,Associate.Editor,SE, The University of Tenessee,NA,NA,NA,USA,USA,USA,USA
JAPE,2011,48,1,2757,Paul,,Armsworth,Paul Armsworth,Associate.Editor,SE,,,,,USA,USA,USA,USA
JAPE,2012,49,1,2757,Paul,,Armsworth,Paul Armsworth,Associate.Editor,SE,,,,,USA,USA,USA,USA
JAPE,2013,50,1,2757,Paul,,Armsworth,Paul Armsworth,Associate.Editor,SE,,,,,USA,USA,USA,USA
JAPE,2014,51,1,2757,Paul,,Armsworth,Paul Armsworth,Associate.Editor,SE,,,,,USA,USA,USA,USA
JAPE,2012,49,1,2771,Paulo,,Brando,Paulo Brando,Associate.Editor,SE, Instituto de Pesquisa Ambiental da Amazonia,NA,NA,NA,Brazil,BRA,Brazil,BRA
JAPE,2013,50,1,2771,Paulo,,Brando,Paulo Brando,Associate.Editor,SE,,,,,Brazil,BRA,Brazil,BRA
JAPE,2014,51,1,2771,Paulo,,Brando,Paulo Brando,Associate.Editor,SE,,,,,Brazil,BRA,Brazil,BRA
JAPE,2015,52,1,2771,Paulo,,Brando,Paulo Brando,Associate.Editor,SE,,,,,Brazil,BRA,Brazil,BRA
JAPE,2005,42,1,2813,Paul,,Giller,Paul Giller,Editor,AE, University College Cork,NA,NA,NA,Ireland,IRL,Ireland,IRL
JAPE,2006,43,1,2813,Paul,,Giller,Paul Giller,Editor-Executive.Editor,EIC,,,,,Ireland,IRL,Ireland,IRL
JAPE,2007,44,1,2813,Paul,,Giller,Paul Giller,Editor-Executive.Editor,EIC,,,,,Ireland,IRL,Ireland,IRL
JAPE,2008,45,1,2813,Paul,,Giller,Paul Giller,Editor-Executive.Editor,EIC,,,,,Ireland,IRL,Ireland,IRL
JAPE,2003,40,1,2827,Pall,,Hersteinsson,Pall Hersteinsson,Review.Board,SE,NA,NA,Reykjavik,NA,Iceland,ISL,Iceland,ISL
JAPE,2004,41,1,2827,Pall,,Hersteinsson,Pall Hersteinsson,Review.Board,SE,,,,,Iceland,ISL,Iceland,ISL
JAPE,2005,42,1,2827,Pall,,Hersteinsson,Pall Hersteinsson,Editorial.Board,SE,,,,,Iceland,ISL,Iceland,ISL
JAPE,2006,43,1,2827,Pall,,Hersteinsson,Pall Hersteinsson,Editorial.Board,SE,,,,,Iceland,ISL,Iceland,ISL
JAPE,2005,42,1,2836,Phil,,Hulme,Phil Hulme,Editor,AE, CEH Banchory,NA,Aberdeenshire,NA,UK,GBR,UK,GBR
JAPE,2006,43,1,2836,Phil,,Hulme,Phil Hulme,Editor,AE,,,,,UK,GBR,UK,GBR
JAPE,2007,44,1,2836,Phil,,Hulme,Phil Hulme,Editor,AE,,,,,UK,GBR,UK,GBR
JAPE,2008,45,1,2836,Phil,,Hulme,Phil Hulme,Editor,AE, Lincoln University,NA,NA,NA,New Zealand,NZL,UK,GBR
JAPE,2009,46,1,2836,Phil,,Hulme,Phil Hulme,Editor,AE,,,,,UK,GBR,UK,GBR
JAPE,2010,47,1,2836,Phil,,Hulme,Phil Hulme,Editor,AE,,,,,UK,GBR,UK,GBR
JAPE,2011,48,1,2836,Phil,,Hulme,Phil Hulme,Editor,AE,,,,,UK,GBR,UK,GBR
JAPE,2012,49,1,2836,Phil,,Hulme,Phil Hulme,Editor,AE,,,,,UK,GBR,UK,GBR
JAPE,2013,50,1,2836,Phil,,Hulme,Phil Hulme,Editor,AE,,,,,UK,GBR,UK,GBR
JAPE,2014,51,1,2836,Phil,,Hulme,Phil Hulme,Editor,AE,,,,,UK,GBR,UK,GBR
JAPE,1988,25,1,2840,Paul,Gordon,Jarvis,Paul Gordon Jarvis,Review.Board,SE,,,,,UK,GBR,UK,GBR
JAPE,1989,26,1,2840,Paul,Gordon,Jarvis,Paul Gordon Jarvis,Review.Board,SE,,,,,UK,GBR,UK,GBR
JAPE,1990,27,1,2840,Paul,Gordon,Jarvis,Paul Gordon Jarvis,Review.Board,SE,,,,,UK,GBR,UK,GBR
JAPE,1991,28,1,2840,Paul,Gordon,Jarvis,Paul Gordon Jarvis,Review.Board,SE,,,,,UK,GBR,UK,GBR
JAPE,1992,29,1,2840,Paul,Gordon,Jarvis,Paul Gordon Jarvis,Review.Board,SE,NA,NA,Edinburgh,NA,UK,GBR,UK,GBR
JAPE,1993,30,1,2840,Paul,Gordon,Jarvis,Paul Gordon Jarvis,Review.Board,SE,,,,,UK,GBR,UK,GBR
JAPE,1994,31,1,2840,Paul,Gordon,Jarvis,Paul Gordon Jarvis,Review.Board,SE,,,,,UK,GBR,UK,GBR
JAPE,1995,32,1,2840,Paul,Gordon,Jarvis,Paul Gordon Jarvis,Review.Board,SE,,,,,UK,GBR,UK,GBR
JAPE,1996,33,1,2840,Paul,Gordon,Jarvis,Paul Gordon Jarvis,Review.Board,SE,,,,,UK,GBR,UK,GBR
JAPE,1997,34,1,2840,Paul,Gordon,Jarvis,Paul Gordon Jarvis,Review.Board,SE,,,,,UK,GBR,UK,GBR
JAPE,2012,49,1,2844,Paul,,Kardol,Paul Kardol,Associate.Editor,SE, Swedish University of Agricultural Sciences,NA,NA,NA,Sweden,SWE,Sweden,SWE
JAPE,2013,50,1,2844,Paul,,Kardol,Paul Kardol,Associate.Editor,SE,,,,,Sweden,SWE,Sweden,SWE
JAPE,2014,51,1,2844,Paul,,Kardol,Paul Kardol,Associate.Editor,SE,,,,,Sweden,SWE,Sweden,SWE
JAPE,2015,52,1,2844,Paul,,Kardol,Paul Kardol,Associate.Editor,SE,,,,,Sweden,SWE,Sweden,SWE
JAPE,2008,45,1,2860,Paul,,Lukacs,Paul Lukacs,Associate.Editor,SE,NA,NA,Fort Collins,Colorado,USA,USA,USA,USA
JAPE,2009,46,1,2860,Paul,,Lukacs,Paul Lukacs,Associate.Editor,SE,,,,,USA,USA,USA,USA
JAPE,2010,47,1,2860,Paul,,Lukacs,Paul Lukacs,Associate.Editor,SE, Colorado Division of Wildlife,NA,NA,NA,USA,USA,USA,USA
JAPE,2011,48,1,2860,Paul,,Lukacs,Paul Lukacs,Associate.Editor,SE,,,,,USA,USA,USA,USA
JAPE,2012,49,1,2860,Paul,,Lukacs,Paul Lukacs,Associate.Editor,SE,,,,,USA,USA,USA,USA
JAPE,2013,50,1,2860,Paul,,Lukacs,Paul Lukacs,Associate.Editor,SE,,,,,USA,USA,USA,USA
JAPE,2014,51,1,2860,Paul,,Lukacs,Paul Lukacs,Associate.Editor,SE,,,,,USA,USA,USA,USA
JAPE,2015,52,1,2860,Paul,,Lukacs,Paul Lukacs,Associate.Editor,SE,,,,,USA,USA,USA,USA
JAPE,2015,52,1,2863,Peter,,Manning,Peter Manning,Associate.Editor,SE, University of Bern,NA,NA,NA,Switzerland,CHE,Switzerland,CHE
JAPE,1986,23,1,2910,Peter,,Rothery,Peter Rothery,Review.Board,SE,,,,,UK,GBR,UK,GBR
JAPE,1987,24,1,2910,Peter,,Rothery,Peter Rothery,Review.Board,SE,,,,,UK,GBR,UK,GBR
JAPE,1988,25,1,2910,Peter,,Rothery,Peter Rothery,Review.Board,SE,,,,,UK,GBR,UK,GBR
JAPE,1989,26,1,2910,Peter,,Rothery,Peter Rothery,Review.Board,SE,,,,,UK,GBR,UK,GBR
JAPE,1990,27,1,2910,Peter,,Rothery,Peter Rothery,Review.Board,SE,,,,,UK,GBR,UK,GBR
JAPE,1991,28,1,2910,Peter,,Rothery,Peter Rothery,Review.Board,SE,,,,,UK,GBR,UK,GBR
JAPE,1992,29,1,2910,Peter,,Rothery,Peter Rothery,Review.Board,SE,NA,NA,Cambridge,NA,UK,GBR,UK,GBR
JAPE,1993,30,1,2910,Peter,,Rothery,Peter Rothery,Review.Board,SE,,,,,UK,GBR,UK,GBR
JAPE,1994,31,1,2910,Peter,,Rothery,Peter Rothery,Review.Board,SE,,,,,UK,GBR,UK,GBR
JAPE,1995,32,1,2910,Peter,,Rothery,Peter Rothery,Review.Board,SE,,,,,UK,GBR,UK,GBR
JAPE,1996,33,1,2910,Peter,,Rothery,Peter Rothery,Review.Board,SE,,,,,UK,GBR,UK,GBR
JAPE,1997,34,1,2910,Peter,,Rothery,Peter Rothery,Review.Board,SE,,,,,UK,GBR,UK,GBR
JAPE,1998,35,1,2910,Peter,,Rothery,Peter Rothery,Review.Board,SE,,,,,UK,GBR,UK,GBR
JAPE,1999,36,1,2910,Peter,,Rothery,Peter Rothery,Review.Board,SE,,,,,UK,GBR,UK,GBR
JAPE,2000,37,1,2910,Peter,,Rothery,Peter Rothery,Review.Board,SE,,,,,UK,GBR,UK,GBR
JAPE,2001,38,1,2910,Peter,,Rothery,Peter Rothery,Review.Board,SE,,,,,UK,GBR,UK,GBR
JAPE,2002,39,1,2910,Peter,,Rothery,Peter Rothery,Review.Board,SE,,,,,UK,GBR,UK,GBR
JAPE,2003,40,1,2910,Peter,,Rothery,Peter Rothery,Review.Board,SE,,,,,UK,GBR,UK,GBR
JAPE,2004,41,1,2910,Peter,,Rothery,Peter Rothery,Review.Board,SE,,,,,UK,GBR,UK,GBR
JAPE,2005,42,1,2910,Peter,,Rothery,Peter Rothery,Editorial.Board,SE,,,,,UK,GBR,UK,GBR
JAPE,2006,43,1,2910,Peter,,Rothery,Peter Rothery,Editorial.Board,SE,,,,,UK,GBR,UK,GBR
JAPE,2005,42,1,2923,Philip,A,Stephens,Philip A Stephens,Associate.Editor,SE,NA,NA,Bristol,NA,UK,GBR,UK,GBR
JAPE,2006,43,1,2923,Philip,A,Stephens,Philip A Stephens,Associate.Editor,SE,,,,,UK,GBR,UK,GBR
JAPE,2007,44,1,2923,Philip,A,Stephens,Philip A Stephens,Editor,AE, University of Bristol,NA,NA,NA,UK,GBR,UK,GBR
JAPE,2008,45,1,2923,Philip,A,Stephens,Philip A Stephens,Associate.Editor,SE,NA,NA,Durham,NA,UK,GBR,UK,GBR
JAPE,2009,46,1,2923,Philip,A,Stephens,Philip A Stephens,Associate.Editor,SE,,,,,UK,GBR,UK,GBR
JAPE,2010,47,1,2923,Philip,A,Stephens,Philip A Stephens,Associate.Editor,SE, Durham University,NA,NA,NA,UK,GBR,UK,GBR
JAPE,2011,48,1,2923,Philip,A,Stephens,Philip A Stephens,Associate.Editor,SE,,,,,UK,GBR,UK,GBR
JAPE,2012,49,1,2923,Philip,A,Stephens,Philip A Stephens,Associate.Editor,SE,,,,,UK,GBR,UK,GBR
JAPE,2013,50,1,2923,Philip,A,Stephens,Philip A Stephens,Associate.Editor,SE,,,,,UK,GBR,UK,GBR
JAPE,2014,51,1,2923,Philip,A,Stephens,Philip A Stephens,Associate.Editor,SE,,,,,UK,GBR,UK,GBR
JAPE,2015,52,1,2923,Philip,A,Stephens,Philip A Stephens,Editor,AE, Portland State University,NA,NA,NA,UK,GBR,UK,GBR
JAPE,2006,43,1,2936,Paul,M,Thompson,Paul M Thompson,Associate.Editor,SE,NA,NA,Aberdeen,NA,UK,GBR,UK,GBR
JAPE,2007,44,1,2936,Paul,M,Thompson,Paul M Thompson,Associate.Editor,SE,,,,,UK,GBR,UK,GBR
JAPE,2008,45,1,2936,Paul,M,Thompson,Paul M Thompson,Associate.Editor,SE,,,,,UK,GBR,UK,GBR
JAPE,2009,46,1,2936,Paul,M,Thompson,Paul M Thompson,Associate.Editor,SE,,,,,UK,GBR,UK,GBR
JAPE,2008,45,1,2964,Quentin,,Paynter,Quentin Paynter,Associate.Editor,SE,NA,NA,Auckland,NA,New Zealand,NZL,New Zealand,NZL
JAPE,2009,46,1,2964,Quentin,,Paynter,Quentin Paynter,Associate.Editor,SE,,,,,New Zealand,NZL,New Zealand,NZL
JAPE,2010,47,1,2964,Quentin,,Paynter,Quentin Paynter,Associate.Editor,SE, Landcare Research Ltd,NA,NA,NA,New Zealand,NZL,New Zealand,NZL
JAPE,2011,48,1,2964,Quentin,,Paynter,Quentin Paynter,Associate.Editor,SE,,,,,New Zealand,NZL,New Zealand,NZL
JAPE,2012,49,1,2964,Quentin,,Paynter,Quentin Paynter,Associate.Editor,SE,,,,,New Zealand,NZL,New Zealand,NZL
JAPE,2013,50,1,2964,Quentin,,Paynter,Quentin Paynter,Associate.Editor,SE,,,,,New Zealand,NZL,New Zealand,NZL
JAPE,2014,51,1,2964,Quentin,,Paynter,Quentin Paynter,Associate.Editor,SE,,,,,New Zealand,NZL,New Zealand,NZL
JAPE,2015,52,1,2964,Quentin,,Paynter,Quentin Paynter,Associate.Editor,SE,,,,,New Zealand,NZL,New Zealand,NZL
JAPE,1989,26,1,3020,Ralph,T,Clarke,Ralph T Clarke,Review.Board,SE,,,,,UK,GBR,UK,GBR
JAPE,1990,27,1,3020,Ralph,T,Clarke,Ralph T Clarke,Review.Board,SE,,,,,UK,GBR,UK,GBR
JAPE,1991,28,1,3020,Ralph,T,Clarke,Ralph T Clarke,Review.Board,SE,,,,,UK,GBR,UK,GBR
JAPE,1992,29,1,3020,Ralph,T,Clarke,Ralph T Clarke,Review.Board,SE,NA,NA,Wareham,NA,UK,GBR,UK,GBR
JAPE,1993,30,1,3020,Ralph,T,Clarke,Ralph T Clarke,Review.Board,SE,NA,NA,Furzebrook,NA,UK,GBR,UK,GBR
JAPE,1994,31,1,3020,Ralph,T,Clarke,Ralph T Clarke,Review.Board,SE,,,,,UK,GBR,UK,GBR
JAPE,1995,32,1,3020,Ralph,T,Clarke,Ralph T Clarke,Review.Board,SE,,,,,UK,GBR,UK,GBR
JAPE,1996,33,1,3020,Ralph,T,Clarke,Ralph T Clarke,Review.Board,SE,,,,,UK,GBR,UK,GBR
JAPE,1997,34,1,3020,Ralph,T,Clarke,Ralph T Clarke,Review.Board,SE,,,,,UK,GBR,UK,GBR
JAPE,1985,22,1,3048,Ron,W,Edwards,Ron W Edwards,Review.Board,SE,,,,,UK,GBR,UK,GBR
JAPE,1986,23,1,3048,Ron,W,Edwards,Ron W Edwards,Review.Board,SE,,,,,UK,GBR,UK,GBR
JAPE,1987,24,1,3048,Ron,W,Edwards,Ron W Edwards,Review.Board,SE,,,,,UK,GBR,UK,GBR
JAPE,1988,25,1,3048,Ron,W,Edwards,Ron W Edwards,Review.Board,SE,,,,,UK,GBR,UK,GBR
JAPE,2000,37,1,3063,Robert,P,Freckleton,Robert P Freckleton,Review.Board,SE,NA,NA,Norwich,NA,UK,GBR,UK,GBR
JAPE,2001,38,1,3063,Robert,P,Freckleton,Robert P Freckleton,Review.Board,SE,NA,NA,Oxford,NA,UK,GBR,UK,GBR
JAPE,2002,39,1,3063,Robert,P,Freckleton,Robert P Freckleton,Review.Board,SE,,,,,UK,GBR,UK,GBR
JAPE,2003,40,1,3063,Robert,P,Freckleton,Robert P Freckleton,Review.Board,SE,,,,,UK,GBR,UK,GBR
JAPE,2004,41,1,3063,Robert,P,Freckleton,Robert P Freckleton,Review.Board,SE,,,,,UK,GBR,UK,GBR
JAPE,2005,42,1,3063,Robert,P,Freckleton,Robert P Freckleton,Editor-Executive.Editor,EIC, University of Oxford,NA,NA,NA,UK,GBR,UK,GBR
JAPE,2006,43,1,3063,Robert,P,Freckleton,Robert P Freckleton,Editor,AE,,,,,UK,GBR,UK,GBR
JAPE,2007,44,1,3063,Robert,P,Freckleton,Robert P Freckleton,Editor,AE, University of Sheffield,NA,NA,NA,UK,GBR,UK,GBR
JAPE,2008,45,1,3063,Robert,P,Freckleton,Robert P Freckleton,Editor,AE,,,,,UK,GBR,UK,GBR
JAPE,2009,46,1,3063,Robert,P,Freckleton,Robert P Freckleton,Editor,AE,,,,,UK,GBR,UK,GBR
JAPE,1996,33,1,3075,Rhys,E,Green,Rhys E Green,Review.Board,SE,NA,NA,Edinburgh,NA,UK,GBR,UK,GBR
JAPE,1997,34,1,3075,Rhys,E,Green,Rhys E Green,Review.Board,SE,,,,,UK,GBR,UK,GBR
JAPE,1998,35,1,3075,Rhys,E,Green,Rhys E Green,Review.Board,SE,,,,,UK,GBR,UK,GBR
JAPE,1999,36,1,3075,Rhys,E,Green,Rhys E Green,Review.Board,SE,,,,,UK,GBR,UK,GBR
JAPE,2000,37,1,3075,Rhys,E,Green,Rhys E Green,Review.Board,SE,NA,NA,Cambridge,NA,UK,GBR,UK,GBR
JAPE,2001,38,1,3075,Rhys,E,Green,Rhys E Green,Review.Board,SE,,,,,UK,GBR,UK,GBR
JAPE,2002,39,1,3075,Rhys,E,Green,Rhys E Green,Review.Board,SE,,,,,UK,GBR,UK,GBR
JAPE,2007,44,1,3081,Rosie,,Hails,Rosie Hails,Associate.Editor,SE,NA,NA,Oxford,NA,UK,GBR,UK,GBR
JAPE,2008,45,1,3081,Rosie,,Hails,Rosie Hails,Associate.Editor,SE,,,,,UK,GBR,UK,GBR
JAPE,2009,46,1,3081,Rosie,,Hails,Rosie Hails,Associate.Editor,SE,,,,,UK,GBR,UK,GBR
JAPE,2010,47,1,3081,Rosie,,Hails,Rosie Hails,Associate.Editor,SE, Centre for Ecology & Hydrology,NA,Oxford,NA,UK,GBR,UK,GBR
JAPE,2011,48,1,3081,Rosie,,Hails,Rosie Hails,Associate.Editor,SE,,,,,UK,GBR,UK,GBR
JAPE,2012,49,1,3081,Rosie,,Hails,Rosie Hails,Associate.Editor,SE,,,,,UK,GBR,UK,GBR
JAPE,2013,50,1,3081,Rosie,,Hails,Rosie Hails,Associate.Editor,SE,,,,,UK,GBR,UK,GBR
JAPE,2014,51,1,3081,Rosie,,Hails,Rosie Hails,Associate.Editor,SE,,,,,UK,GBR,UK,GBR
JAPE,2015,52,1,3081,Rosie,,Hails,Rosie Hails,Associate.Editor,SE,,,,,UK,GBR,UK,GBR
JAPE,1988,25,1,3143,Rob,H,Marrs,Rob H Marrs,Review.Board,SE,,,,,UK,GBR,UK,GBR
JAPE,1989,26,1,3143,Rob,H,Marrs,Rob H Marrs,Review.Board,SE,,,,,UK,GBR,UK,GBR
JAPE,1990,27,1,3143,Rob,H,Marrs,Rob H Marrs,Review.Board,SE,,,,,UK,GBR,UK,GBR
JAPE,1991,28,1,3143,Rob,H,Marrs,Rob H Marrs,Review.Board,SE,,,,,UK,GBR,UK,GBR
JAPE,1992,29,1,3143,Rob,H,Marrs,Rob H Marrs,Review.Board,SE,NA,NA,Liverpool,NA,UK,GBR,UK,GBR
JAPE,1993,30,1,3143,Rob,H,Marrs,Rob H Marrs,Review.Board,SE,,,,,UK,GBR,UK,GBR
JAPE,1994,31,1,3143,Rob,H,Marrs,Rob H Marrs,Review.Board,SE,,,,,UK,GBR,UK,GBR
JAPE,1995,32,1,3143,Rob,H,Marrs,Rob H Marrs,Review.Board,SE,,,,,UK,GBR,UK,GBR
JAPE,1996,33,1,3143,Rob,H,Marrs,Rob H Marrs,Review.Board,SE,,,,,UK,GBR,UK,GBR
JAPE,1997,34,1,3143,Rob,H,Marrs,Rob H Marrs,Review.Board,SE,,,,,UK,GBR,UK,GBR
JAPE,1998,35,1,3143,Rob,H,Marrs,Rob H Marrs,Review.Board,SE,,,,,UK,GBR,UK,GBR
JAPE,1999,36,1,3143,Rob,H,Marrs,Rob H Marrs,Review.Board,SE,,,,,UK,GBR,UK,GBR
JAPE,1985,22,1,3150,Roger,,Mead,Roger Mead,Review.Board,SE,,,,,UK,GBR,UK,GBR
JAPE,1986,23,1,3150,Roger,,Mead,Roger Mead,Review.Board,SE,,,,,UK,GBR,UK,GBR
JAPE,1987,24,1,3150,Roger,,Mead,Roger Mead,Review.Board,SE,,,,,UK,GBR,UK,GBR
JAPE,2015,52,1,3170,Ralph,Mac,Nally,Ralph Mac Nally,Associate.Editor,SE, University of Canberra,NA,NA,NA,Australia,AUS,Australia,AUS
JAPE,2001,38,1,3187,Robert,J,Paxton,Robert J Paxton,Review.Board,SE,University of T_bingen ,NA,Tubingen,NA,Germany,DEU,Germany,DEU
JAPE,2002,39,1,3187,Robert,J,Paxton,Robert J Paxton,Review.Board,SE,University of T_bingen ,NA,,NA,Germany,DEU,Germany,DEU
JAPE,2003,40,1,3187,Robert,J,Paxton,Robert J Paxton,Review.Board,SE,University of T_bingen ,NA,,NA,Germany,DEU,Germany,DEU
JAPE,2004,41,1,3187,Robert,J,Paxton,Robert J Paxton,Review.Board,SE,University of T_bingen ,NA,,NA,Germany,DEU,Germany,DEU
JAPE,2005,42,1,3187,Robert,J,Paxton,Robert J Paxton,Editorial.Board,SE,University of T_bingen ,NA,Belfast,NA,UK,GBR,Germany,DEU
JAPE,2006,43,1,3187,Robert,J,Paxton,Robert J Paxton,Editorial.Board,SE,University of T_bingen ,NA,,NA,Germany,DEU,Germany,DEU
JAPE,2006,43,1,3198,Richard,F,Pywell,Richard F Pywell,Associate.Editor,SE,NA,NA,Cambridge,NA,UK,GBR,UK,GBR
JAPE,2007,44,1,3198,Richard,F,Pywell,Richard F Pywell,Associate.Editor,SE,,,,,UK,GBR,UK,GBR
JAPE,2004,41,1,3211,Roy,,Sanderson,Roy Sanderson,Review.Board,SE,NA,NA,Newcastle upon Tyne,NA,UK,GBR,UK,GBR
JAPE,2005,42,1,3211,Roy,,Sanderson,Roy Sanderson,Editorial.Board,SE,,,,,UK,GBR,UK,GBR
JAPE,2006,43,1,3211,Roy,,Sanderson,Roy Sanderson,Editorial.Board,SE,,,,,UK,GBR,UK,GBR
JAPE,1985,22,1,3222,Roy,W,Snaydon,Roy W Snaydon,Review.Board,SE,,,,,UK,GBR,UK,GBR
JAPE,1986,23,1,3222,Roy,W,Snaydon,Roy W Snaydon,Review.Board,SE,,,,,UK,GBR,UK,GBR
JAPE,1987,24,1,3222,Roy,W,Snaydon,Roy W Snaydon,Review.Board,SE,,,,,UK,GBR,UK,GBR
JAPE,1988,25,1,3222,Roy,W,Snaydon,Roy W Snaydon,Review.Board,SE,,,,,UK,GBR,UK,GBR
JAPE,1989,26,1,3222,Roy,W,Snaydon,Roy W Snaydon,Review.Board,SE,,,,,UK,GBR,UK,GBR
JAPE,1990,27,1,3222,Roy,W,Snaydon,Roy W Snaydon,Review.Board,SE,,,,,UK,GBR,UK,GBR
JAPE,1991,28,1,3222,Roy,W,Snaydon,Roy W Snaydon,Review.Board,SE,,,,,UK,GBR,UK,GBR
JAPE,1992,29,1,3222,Roy,W,Snaydon,Roy W Snaydon,Review.Board,SE,NA,NA,Reading,NA,UK,GBR,UK,GBR
JAPE,1993,30,1,3222,Roy,W,Snaydon,Roy W Snaydon,Review.Board,SE,,,,,UK,GBR,UK,GBR
JAPE,1994,31,1,3222,Roy,W,Snaydon,Roy W Snaydon,Review.Board,SE,,,,,UK,GBR,UK,GBR
JAPE,1995,32,1,3222,Roy,W,Snaydon,Roy W Snaydon,Review.Board,SE,,,,,UK,GBR,UK,GBR
JAPE,1996,33,1,3222,Roy,W,Snaydon,Roy W Snaydon,Review.Board,SE,,,,,UK,GBR,UK,GBR
JAPE,1997,34,1,3222,Roy,W,Snaydon,Roy W Snaydon,Review.Board,SE,,,,,UK,GBR,UK,GBR
JAPE,1998,35,1,3222,Roy,W,Snaydon,Roy W Snaydon,Review.Board,SE,,,,,UK,GBR,UK,GBR
JAPE,1999,36,1,3222,Roy,W,Snaydon,Roy W Snaydon,Review.Board,SE,,,,,UK,GBR,UK,GBR
JAPE,2011,48,1,3242,Richard,,Wadsworth,Richard Wadsworth,Associate.Editor,SE, Centre for Ecology and Hydrology,NA,Abbots Ripton,NA,UK,GBR,UK,GBR
JAPE,2010,47,1,3272,Shelley,,Arnott,Shelley Arnott,Associate.Editor,SE, Queens University,NA,NA,Ontario,Canada,CAN,Canada,CAN
JAPE,2011,48,1,3272,Shelley,,Arnott,Shelley Arnott,Associate.Editor,SE,,,,,Canada,CAN,Canada,CAN
JAPE,2012,49,1,3272,Shelley,,Arnott,Shelley Arnott,Associate.Editor,SE,,,,,Canada,CAN,Canada,CAN
JAPE,2013,50,1,3272,Shelley,,Arnott,Shelley Arnott,Associate.Editor,SE,,,,,Canada,CAN,Canada,CAN
JAPE,2014,51,1,3272,Shelley,,Arnott,Shelley Arnott,Associate.Editor,SE,,,,,Canada,CAN,Canada,CAN
JAPE,2015,52,1,3272,Shelley,,Arnott,Shelley Arnott,Associate.Editor,SE,,,,,Canada,CAN,Canada,CAN
JAPE,2015,52,1,3277,Silke,,Bauer,Silke Bauer,Associate.Editor,SE, NIOO,NA,NA,NA,The Netherlands,NLD,The Netherlands,NLD
JAPE,2015,52,1,3314,Sarah,,Diamond,Sarah Diamond,Associate.Editor,SE, Case Western Reserve University,NA,NA,NA,USA,USA,USA,USA
JAPE,2001,38,1,3408,Suzanne,J,Milton,Suzanne J Milton,Review.Board,SE,University of Cape Town ,NA,Stellenbosch,NA,South Africa,ZAF,South Africa,ZAF
JAPE,2002,39,1,3408,Suzanne,J,Milton,Suzanne J Milton,Review.Board,SE,University of Cape Town ,NA,,NA,South Africa,ZAF,South Africa,ZAF
JAPE,2003,40,1,3408,Suzanne,J,Milton,Suzanne J Milton,Review.Board,SE,University of Cape Town ,NA,,NA,South Africa,ZAF,South Africa,ZAF
JAPE,2004,41,1,3408,Suzanne,J,Milton,Suzanne J Milton,Review.Board,SE,University of Cape Town ,NA,,NA,South Africa,ZAF,South Africa,ZAF
JAPE,2005,42,1,3408,Suzanne,J,Milton,Suzanne J Milton,Associate.Editor,SE,University of Cape Town ,NA,,NA,South Africa,ZAF,South Africa,ZAF
JAPE,2006,43,1,3408,Suzanne,J,Milton,Suzanne J Milton,Associate.Editor,SE,University of Cape Town ,NA,,NA,South Africa,ZAF,South Africa,ZAF
JAPE,2007,44,1,3408,Suzanne,J,Milton,Suzanne J Milton,Associate.Editor,SE,University of Cape Town ,NA,,NA,South Africa,ZAF,South Africa,ZAF
JAPE,1996,33,1,3422,Steve,J,Ormerod,Steve J Ormerod,Review.Board,SE,NA,NA,Cardiff,NA,UK,GBR,UK,GBR
JAPE,1997,34,1,3422,Steve,J,Ormerod,Steve J Ormerod,Review.Board,SE,,,,,UK,GBR,UK,GBR
JAPE,1998,35,1,3422,Steve,J,Ormerod,Steve J Ormerod,Review.Board,SE,,,,,UK,GBR,UK,GBR
JAPE,1999,36,1,3422,Steve,J,Ormerod,Steve J Ormerod,Review.Board,SE,,,,,UK,GBR,UK,GBR
JAPE,2000,37,1,3422,Steve,J,Ormerod,Steve J Ormerod,Editor-Executive.Editor,EIC, Cardiff University,School of Biosciencies,NA,NA,UK,GBR,UK,GBR
JAPE,2001,38,1,3422,Steve,J,Ormerod,Steve J Ormerod,Editor-Executive.Editor,EIC,,,,,UK,GBR,UK,GBR
JAPE,2002,39,1,3422,Steve,J,Ormerod,Steve J Ormerod,Editor-Executive.Editor,EIC,,,,,UK,GBR,UK,GBR
JAPE,2003,40,1,3422,Steve,J,Ormerod,Steve J Ormerod,Editor-Executive.Editor,EIC,,,,,UK,GBR,UK,GBR
JAPE,2004,41,1,3422,Steve,J,Ormerod,Steve J Ormerod,Editor-Executive.Editor,EIC,,,,,UK,GBR,UK,GBR
JAPE,2001,38,1,3456,Stephen,P,Rushton,Stephen P Rushton,Review.Board,SE,NA,NA,Newcastle upon Tyne,NA,UK,GBR,UK,GBR
JAPE,2002,39,1,3456,Stephen,P,Rushton,Stephen P Rushton,Editor,AE, University of Newcastle upon Tuyne,NA,NA,NA,UK,GBR,UK,GBR
JAPE,2002,39,1,3456,Stephen,P,Rushton,Stephen P Rushton,Review.Board,SE,,,,,UK,GBR,UK,GBR
JAPE,2003,40,1,3456,Stephen,P,Rushton,Stephen P Rushton,Editor,AE,,,,,UK,GBR,UK,GBR
JAPE,2004,41,1,3456,Stephen,P,Rushton,Stephen P Rushton,Editor,AE,,,,,UK,GBR,UK,GBR
JAPE,2005,42,1,3456,Stephen,P,Rushton,Stephen P Rushton,Editor,AE,,,,,UK,GBR,UK,GBR
JAPE,2012,49,1,3461,Santiago,,Saura,Santiago Saura,Associate.Editor,SE, Universidad Politecnica de Madrid,NA,NA,NA,Spain,ESP,Spain,ESP
JAPE,2013,50,1,3461,Santiago,,Saura,Santiago Saura,Associate.Editor,SE,,,,,Spain,ESP,Spain,ESP
JAPE,2014,51,1,3461,Santiago,,Saura,Santiago Saura,Associate.Editor,SE,,,,,Spain,ESP,Spain,ESP
JAPE,2006,43,1,3486,Simon,,Thirgood,Simon Thirgood,Editor,AE, The Macaulay Institute,NA,NA,NA,UK,GBR,UK,GBR
JAPE,2007,44,1,3486,Simon,,Thirgood,Simon Thirgood,Editor,AE,,,,,UK,GBR,UK,GBR
JAPE,2008,45,1,3486,Simon,,Thirgood,Simon Thirgood,Editor,AE,,,,,UK,GBR,UK,GBR
JAPE,2009,46,1,3486,Simon,,Thirgood,Simon Thirgood,Editor,AE,,,,,UK,GBR,UK,GBR
JAPE,2012,49,1,3495,Steve,,Votier,Steve Votier,Associate.Editor,SE, University of Plymouth,NA,NA,NA,UK,GBR,UK,GBR
JAPE,2013,50,1,3495,Steve,,Votier,Steve Votier,Associate.Editor,SE,,,,,UK,GBR,UK,GBR
JAPE,2014,51,1,3495,Steve,,Votier,Steve Votier,Associate.Editor,SE, University of Exeter,NA,NA,NA,UK,GBR,UK,GBR
JAPE,2015,52,1,3495,Steve,,Votier,Steve Votier,Associate.Editor,SE,,,,,UK,GBR,UK,GBR
JAPE,2013,50,1,3498,Shiqiang,,Wan,Shiqiang Wan,Associate.Editor,SE, Henan University,NA,NA,NA,China,CHN,China,CHN
JAPE,2014,51,1,3498,Shiqiang,,Wan,Shiqiang Wan,Associate.Editor,SE,,,,,China,CHN,China,CHN
JAPE,2015,52,1,3498,Shiqiang,,Wan,Shiqiang Wan,Associate.Editor,SE,,,,,China,CHN,China,CHN
JAPE,2015,52,1,3503,Steve,,Wills,Steve Wills,Associate.Editor,SE,NA,NA,Durham,NA,UK,GBR,UK,GBR
JAPE,2015,52,1,3536,Tim,,Diekotter,Tim Diekotter,Associate.Editor,SE, Justus Liebig Universitat,NA,NA,NA,Germany,DEU,Germany,DEU
JAPE,1985,22,1,3569,Tom,C,Hutchinson,Tom C Hutchinson,Review.Board,SE,Trent University ,NA,,NA,Canada,CAN,Canada,CAN
JAPE,1986,23,1,3569,Tom,C,Hutchinson,Tom C Hutchinson,Review.Board,SE,Trent University ,NA,,NA,Canada,CAN,Canada,CAN
JAPE,1987,24,1,3569,Tom,C,Hutchinson,Tom C Hutchinson,Review.Board,SE,Trent University ,NA,,NA,Canada,CAN,Canada,CAN
JAPE,1988,25,1,3569,Tom,C,Hutchinson,Tom C Hutchinson,Review.Board,SE,Trent University ,NA,,NA,Canada,CAN,Canada,CAN
JAPE,1989,26,1,3569,Tom,C,Hutchinson,Tom C Hutchinson,Review.Board,SE,Trent University ,NA,,NA,Canada,CAN,Canada,CAN
JAPE,1990,27,1,3569,Tom,C,Hutchinson,Tom C Hutchinson,Review.Board,SE,Trent University ,NA,,NA,Canada,CAN,Canada,CAN
JAPE,1991,28,1,3569,Tom,C,Hutchinson,Tom C Hutchinson,Review.Board,SE,Trent University ,NA,,NA,Canada,CAN,Canada,CAN
JAPE,1992,29,1,3569,Tom,C,Hutchinson,Tom C Hutchinson,Review.Board,SE,Trent University ,NA,Trent,NA,Canada,CAN,Canada,CAN
JAPE,1993,30,1,3569,Tom,C,Hutchinson,Tom C Hutchinson,Review.Board,SE,Trent University ,NA,,NA,Canada,CAN,Canada,CAN
JAPE,1994,31,1,3569,Tom,C,Hutchinson,Tom C Hutchinson,Review.Board,SE,Trent University ,NA,,NA,Canada,CAN,Canada,CAN
JAPE,1995,32,1,3569,Tom,C,Hutchinson,Tom C Hutchinson,Review.Board,SE,Trent University ,NA,,NA,Canada,CAN,Canada,CAN
JAPE,1996,33,1,3569,Tom,C,Hutchinson,Tom C Hutchinson,Review.Board,SE,Trent University ,NA,,NA,Canada,CAN,Canada,CAN
JAPE,2013,50,1,3619,Tomas,,Part,Tomas Part,Associate.Editor,SE, Swedish University of Agricultural Sciences,NA,NA,NA,Sweden,SWE,Sweden,SWE
JAPE,2014,51,1,3619,Tomas,,Part,Tomas Part,Associate.Editor,SE,,,,,Sweden,SWE,Sweden,SWE
JAPE,2015,52,1,3619,Tomas,,Part,Tomas Part,Associate.Editor,SE,,,,,Sweden,SWE,Sweden,SWE
JAPE,1985,22,1,3630,T,M,Roberts,T M Roberts,Editor,EIC,,,,,UK,GBR,UK,GBR
JAPE,1986,23,1,3630,T,M,Roberts,T M Roberts,Editor,EIC,,,,,UK,GBR,UK,GBR
JAPE,1987,24,1,3630,T,M,Roberts,T M Roberts,Editor,EIC,,,,,UK,GBR,UK,GBR
JAPE,2015,52,1,3639,Tadeu,,Siqueira,Tadeu Siqueira,Associate.Editor,SE, Sao Paulo State University,NA,NA,NA,Brazil,BRA,Brazil,BRA
JAPE,2003,40,1,3648,Teja,,Tscharntke,Teja Tscharntke,Review.Board,SE,NA,NA,Gottingen,NA,Germany,DEU,Germany,DEU
JAPE,2004,41,1,3648,Teja,,Tscharntke,Teja Tscharntke,Review.Board,SE,,,,,Germany,DEU,Germany,DEU
JAPE,2005,42,1,3648,Teja,,Tscharntke,Teja Tscharntke,Editorial.Board,SE,,,,,Germany,DEU,Germany,DEU
JAPE,2006,43,1,3648,Teja,,Tscharntke,Teja Tscharntke,Editorial.Board,SE,,,,,Germany,DEU,Germany,DEU
JAPE,2013,50,1,3681,Vincent,,Devictor,Vincent Devictor,Associate.Editor,SE, CNRS,NA,NA,NA,France,FRA,France,FRA
JAPE,2014,51,1,3681,Vincent,,Devictor,Vincent Devictor,Associate.Editor,SE,,,,,France,FRA,France,FRA
JAPE,2015,52,1,3681,Vincent,,Devictor,Vincent Devictor,Associate.Editor,SE,,,,,France,FRA,France,FRA
JAPE,2015,52,1,3703,Verena,,Trenkel,Verena Trenkel,Associate.Editor,SE, IFREMER,NA,NA,NA,France,FRA,France,FRA
JAPE,1985,22,1,3714,William,C,Block,William C Block,Editor,EIC,,,,,UK,GBR,UK,GBR
JAPE,1986,23,1,3714,William,C,Block,William C Block,Editor,EIC,,,,,UK,GBR,UK,GBR
JAPE,1987,24,1,3714,William,C,Block,William C Block,Editor,EIC,,,,,UK,GBR,UK,GBR
JAPE,1988,25,1,3714,William,C,Block,William C Block,Editor,EIC,,,,,UK,GBR,UK,GBR
JAPE,1989,26,1,3714,William,C,Block,William C Block,Editor,EIC,,,,,UK,GBR,UK,GBR
JAPE,1988,25,1,3730,W,,Day,W Day,Review.Board,SE,,,,,UK,GBR,UK,GBR
JAPE,1989,26,1,3730,W,,Day,W Day,Review.Board,SE,,,,,UK,GBR,UK,GBR
JAPE,1990,27,1,3730,W,,Day,W Day,Review.Board,SE,,,,,UK,GBR,UK,GBR
JAPE,1991,28,1,3730,W,,Day,W Day,Review.Board,SE,,,,,UK,GBR,UK,GBR
JAPE,1992,29,1,3730,W,,Day,W Day,Review.Board,SE,NA,NA,Silsoe,NA,UK,GBR,UK,GBR
JAPE,1993,30,1,3730,W,,Day,W Day,Review.Board,SE,,,,,UK,GBR,UK,GBR
JAPE,1994,31,1,3730,W,,Day,W Day,Review.Board,SE,,,,,UK,GBR,UK,GBR
JAPE,1995,32,1,3730,W,,Day,W Day,Review.Board,SE,,,,,UK,GBR,UK,GBR
JAPE,1996,33,1,3730,W,,Day,W Day,Review.Board,SE,,,,,UK,GBR,UK,GBR
JAPE,1997,34,1,3766,W,M,Lonsdale,W M Lonsdale,Review.Board,SE,CSIRO European Laboratory ,NA,Montpellier,NA,France,FRA,France,FRA
JAPE,1998,35,1,3766,W,M,Lonsdale,W M Lonsdale,Review.Board,SE,CSIRO European Laboratory ,NA,NA,NA,France,FRA,France,FRA
JAPE,1999,36,1,3766,W,M,Lonsdale,W M Lonsdale,Review.Board,SE,NA,NA,Canberra,NA,Australia,AUS,Australia,AUS
JAPE,2000,37,1,3766,W,M,Lonsdale,W M Lonsdale,Review.Board,SE,CSIRO European Laboratory ,NA,NA,NA,Australia,AUS,Australia,AUS
JAPE,2001,38,1,3766,W,M,Lonsdale,W M Lonsdale,Review.Board,SE,CSIRO European Laboratory ,NA,NA,NA,Australia,AUS,Australia,AUS
JAPE,2002,39,1,3766,W,M,Lonsdale,W M Lonsdale,Review.Board,SE,CSIRO European Laboratory ,NA,NA,NA,Australia,AUS,Australia,AUS
JAPE,2007,44,1,3772,William,,Montevecchi,William Montevecchi,Associate.Editor,SE,NA,NA,Newfoundland,NA,Canada,CAN,Canada,CAN
JAPE,2008,45,1,3772,William,,Montevecchi,William Montevecchi,Associate.Editor,SE,,,,,Canada,CAN,Canada,CAN
JAPE,2009,46,1,3772,William,,Montevecchi,William Montevecchi,Associate.Editor,SE,,,,,Canada,CAN,Canada,CAN
JAPE,2010,47,1,3772,William,,Montevecchi,William Montevecchi,Associate.Editor,SE, Memorial University of Newfoundland,NA,NA,NA,Canada,CAN,Canada,CAN
JAPE,2011,48,1,3772,William,,Montevecchi,William Montevecchi,Associate.Editor,SE,,,,,Canada,CAN,Canada,CAN
JAPE,2012,49,1,3772,William,,Montevecchi,William Montevecchi,Associate.Editor,SE,,,,,Canada,CAN,Canada,CAN
JAPE,1985,22,1,3784,Wendy,A,Rees,Wendy A Rees,Review.Board,SE,Mount Makulu Research Station ,NA,NA,NA,Zambia,ZMB,Zambia,ZMB
JAPE,1986,23,1,3784,Wendy,A,Rees,Wendy A Rees,Review.Board,SE,Mount Makulu Research Station ,NA,NA,NA,Zambia,ZMB,Zambia,ZMB
JAPE,1987,24,1,3784,Wendy,A,Rees,Wendy A Rees,Review.Board,SE,Mount Makulu Research Station ,NA,NA,NA,Zambia,ZMB,Zambia,ZMB
JAPE,1988,25,1,3784,Wendy,A,Rees,Wendy A Rees,Review.Board,SE,Mount Makulu Research Station ,NA,NA,NA,Zambia,ZMB,Zambia,ZMB
JAPE,2006,43,1,3814,Wim,H,VanDerPutten,Wim H VanDerPutten,Associate.Editor,SE,Netherlands Institute of Ecology; Wageningen University and Research Centre ,NA,Heteren,NA,The Netherlands,NLD,The Netherlands,NLD
JAPE,2007,44,1,3814,Wim,H,VanDerPutten,Wim H VanDerPutten,Associate.Editor,SE,Netherlands Institute of Ecology; Wageningen University and Research Centre ,NA,,NA,The Netherlands,NLD,The Netherlands,NLD
JAPE,2008,45,1,3814,Wim,H,VanDerPutten,Wim H VanDerPutten,Associate.Editor,SE,Netherlands Institute of Ecology; Wageningen University and Research Centre ,NA,,NA,The Netherlands,NLD,The Netherlands,NLD
JAPE,2009,46,1,3814,Wim,H,VanDerPutten,Wim H VanDerPutten,Associate.Editor,SE,Netherlands Institute of Ecology; Wageningen University and Research Centre ,NA,,NA,The Netherlands,NLD,The Netherlands,NLD
JAPE,2011,48,1,3814,Wim,H,VanDerPutten,Wim H VanDerPutten,Associate.Editor,SE,Netherlands Institute of Ecology; Wageningen University and Research Centre The Netherlands Institute of Ecology,NA,,NA,The Netherlands,NLD,The Netherlands,NLD
JAPE,2005,42,1,3829,Yvonne,,Buckley,Yvonne Buckley,Associate.Editor,SE,NA,NA,Brisbane,NA,Australia,AUS,Australia,AUS
JAPE,2006,43,1,3829,Yvonne,,Buckley,Yvonne Buckley,Associate.Editor,SE,,,,,Australia,AUS,Australia,AUS
JAPE,2007,44,1,3829,Yvonne,,Buckley,Yvonne Buckley,Associate.Editor,SE,,,,,Australia,AUS,Australia,AUS
JAPE,2008,45,1,3829,Yvonne,,Buckley,Yvonne Buckley,Associate.Editor,SE,,,,,Australia,AUS,Australia,AUS
JAPE,2009,46,1,3829,Yvonne,,Buckley,Yvonne Buckley,Associate.Editor,SE,,,,,Australia,AUS,Australia,AUS
JAPE,2010,47,1,3829,Yvonne,,Buckley,Yvonne Buckley,Associate.Editor,SE, University of Queensland,NA,NA,NA,Australia,AUS,Australia,AUS
JAPE,2011,48,1,3829,Yvonne,,Buckley,Yvonne Buckley,Associate.Editor,SE,,,,,Australia,AUS,Australia,AUS
JAPE,2012,49,1,3829,Yvonne,,Buckley,Yvonne Buckley,Associate.Editor,SE,,,,,Australia,AUS,Australia,AUS
JAPE,2013,50,1,3829,Yvonne,,Buckley,Yvonne Buckley,Associate.Editor,SE,,,,,Australia,AUS,Australia,AUS
JAPE,2015,52,1,3830,Yong,,Cao,Yong Cao,Associate.Editor,SE, University of Illinois,NA,NA,NA,USA,USA,USA,USA
JAPE,2008,45,1,3833,Yann,,Clough,Yann Clough,Associate.Editor,SE,NA,NA,Gottingen,NA,Germany,DEU,Germany,DEU
JAPE,2009,46,1,3833,Yann,,Clough,Yann Clough,Associate.Editor,SE,,,,,Germany,DEU,Germany,DEU
JAPE,2010,47,1,3833,Yann,,Clough,Yann Clough,Associate.Editor,SE, Gottingen University,NA,NA,NA,Germany,DEU,Germany,DEU
JAPE,2011,48,1,3833,Yann,,Clough,Yann Clough,Associate.Editor,SE,,,,,Germany,DEU,Germany,DEU
JAPE,2012,49,1,3833,Yann,,Clough,Yann Clough,Associate.Editor,SE,,,,,Germany,DEU,Germany,DEU
JAPE,2013,50,1,3833,Yann,,Clough,Yann Clough,Associate.Editor,SE,,,,,Germany,DEU,Germany,DEU
JAPE,2014,51,1,3833,Yann,,Clough,Yann Clough,Associate.Editor,SE,,,,,Germany,DEU,Germany,DEU
JAPE,2015,52,1,3833,Yann,,Clough,Yann Clough,Associate.Editor,SE, CEC Lund,NA,NA,NA,Sweden,SWE,Germany,DEU
JAPE,2002,39,1,3881,Jacques,,Baudry,Jacques Baudry,Review.Board,SE,NA,NA,Rennes,NA,France,FRA,France,FRA
JAPE,2003,40,1,3881,Jacques,,Baudry,Jacques Baudry,Review.Board,SE,,,,,France,FRA,France,FRA
JAPE,2004,41,1,3881,Jacques,,Baudry,Jacques Baudry,Review.Board,SE,,,,,France,FRA,France,FRA
JAPE,2005,42,1,3881,Jacques,,Baudry,Jacques Baudry,Editorial.Board,SE,,,,,France,FRA,France,FRA
JAPE,2006,43,1,3881,Jacques,,Baudry,Jacques Baudry,Editorial.Board,SE,,,,,France,FRA,France,FRA
JAPE,2014,51,1,3882,Joseph,,Bennett,Joseph Bennett,Associate.Editor,SE, University of Queensland,NA,NA,NA,Australia,AUS,Australia,AUS
JAPE,2015,52,1,3882,Joseph,,Bennett,Joseph Bennett,Associate.Editor,SE,,,,,Australia,AUS,Australia,AUS
JAPE,2001,38,1,3898,Jon,,Marshall,Jon Marshall,Editor,AE, University of Bristol,Department of Agricultural Sciences,NA,NA,UK,GBR,UK,GBR
JAPE,2002,39,1,3898,Jon,,Marshall,Jon Marshall,Editor,AE, Marshall Agroecology,NA,Somerset,NA,UK,GBR,UK,GBR
JAPE,2003,40,1,3898,Jon,,Marshall,Jon Marshall,Editor,AE,,,,,UK,GBR,UK,GBR
JAPE,2004,41,1,3898,Jon,,Marshall,Jon Marshall,Editor,AE,,,,,UK,GBR,UK,GBR
JAPE,2006,43,1,3904,John,S,Richardson,John S Richardson,Associate.Editor,SE,University of British Columbia ,NA,Vancouver,NA,Canada,CAN,Canada,CAN
JAPE,2007,44,1,3904,John,S,Richardson,John S Richardson,Associate.Editor,SE,University of British Columbia ,NA,,NA,Canada,CAN,Canada,CAN
JAPE,2008,45,1,3904,John,S,Richardson,John S Richardson,Associate.Editor,SE,University of British Columbia ,NA,,NA,Canada,CAN,Canada,CAN
JAPE,2009,46,1,3904,John,S,Richardson,John S Richardson,Associate.Editor,SE,University of British Columbia ,NA,,NA,Canada,CAN,Canada,CAN
JAPE,2010,47,1,3904,John,S,Richardson,John S Richardson,Associate.Editor,SE,University of British Columbia ,NA,,NA,Canada,CAN,Canada,CAN
JAPE,2011,48,1,3904,John,S,Richardson,John S Richardson,Associate.Editor,SE,University of British Columbia ,NA,,NA,Canada,CAN,Canada,CAN
JAPE,2012,49,1,3904,John,S,Richardson,John S Richardson,Associate.Editor,SE,University of British Columbia ,NA,,NA,Canada,CAN,Canada,CAN
JAPE,2002,39,1,3914,Jeremy,,Wilson,Jeremy Wilson,Review.Board,SE,NA,NA,Edinburgh,NA,UK,GBR,UK,GBR
JAPE,2003,40,1,3914,Jeremy,,Wilson,Jeremy Wilson,Review.Board,SE,,,,,UK,GBR,UK,GBR
JAPE,2004,41,1,3914,Jeremy,,Wilson,Jeremy Wilson,Review.Board,SE,,,,,UK,GBR,UK,GBR
JAPE,2005,42,1,3914,Jeremy,,Wilson,Jeremy Wilson,Associate.Editor,SE,,,,,UK,GBR,UK,GBR
JAPE,2006,43,1,3914,Jeremy,,Wilson,Jeremy Wilson,Associate.Editor,SE,,,,,UK,GBR,UK,GBR
JAPE,2007,44,1,3914,Jeremy,,Wilson,Jeremy Wilson,Associate.Editor,SE,,,,,UK,GBR,UK,GBR
JAPE,2010,47,1,3914,Jeremy,,Wilson,Jeremy Wilson,Associate.Editor,SE, Royal Society for the Protection of Bitds,NA,NA,NA,UK,GBR,UK,GBR
JAPE,2011,48,1,3914,Jeremy,,Wilson,Jeremy Wilson,Associate.Editor,SE,,,,,UK,GBR,UK,GBR
JAPE,2012,49,1,3914,Jeremy,,Wilson,Jeremy Wilson,Associate.Editor,SE,,,,,UK,GBR,UK,GBR
JAPE,2013,50,1,3914,Jeremy,,Wilson,Jeremy Wilson,Associate.Editor,SE,,,,,UK,GBR,UK,GBR
JAPE,2014,51,1,3914,Jeremy,,Wilson,Jeremy Wilson,Associate.Editor,SE,,,,,UK,GBR,UK,GBR
JAPE,2015,52,1,3914,Jeremy,,Wilson,Jeremy Wilson,Associate.Editor,SE,,,,,UK,GBR,UK,GBR
JAPE,2013,50,1,3930,Richard,,Fuller,Richard Fuller,Associate.Editor,SE, University of Queensland,NA,NA,NA,Australia,AUS,Australia,AUS
JAPE,2014,51,1,3930,Richard,,Fuller,Richard Fuller,Associate.Editor,SE,,,,,Australia,AUS,Australia,AUS
JAPE,2015,52,1,3930,Richard,,Fuller,Richard Fuller,Associate.Editor,SE,,,,,Australia,AUS,Australia,AUS