JOURNAL,YEAR,VOLUME,ISSUE,editor_id,FIRST_NAME,MIDDLE_NAME,LAST_NAME,NAME,TITLE.x,CATEGORY,INST,UNIT,CITY,STATE,COUNTRY,geo.code
JZOOL,1985,205,1,3918,Marcia,A,Edwards,Marcia A Edwards,EIC,EIC,,,,,UK,GBR
JZOOL,1986,208,1,3918,Marcia,A,Edwards,Marcia A Edwards,Editor,EIC,,,,,UK,GBR
JZOOL,1987,211,1,3918,Marcia,A,Edwards,Marcia A Edwards,Editor,EIC,,,,,UK,GBR
JZOOL,1988,214,1,3918,Marcia,A,Edwards,Marcia A Edwards,Editor,EIC,,,,,UK,GBR
JZOOL,1989,216,1,384,C,,Arme,C Arme,Publications.Committee,SE,,,,,UK,GBR
JZOOL,1989,216,1,2983,R,J,Berry,R J Berry,Publications.Committee,SE,,,,,UK,GBR
JZOOL,1989,216,1,3717,W,N,Bonner,W N Bonner,Publications.Committee,SE,,,,,UK,GBR
JZOOL,1989,216,1,2777,P,J,Butler,P J Butler,Publications.Committee,SE,,,,,UK,GBR
JZOOL,1989,216,1,419,C,K,Catchpole,C K Catchpole,Publications.Committee,SE,,,,,UK,GBR
JZOOL,1989,216,1,35,A,JE,Cave,A JE Cave,Publications.Committee,SE,,,,,UK,GBR
JZOOL,1989,216,1,2332,M,J,Coe,M J Coe,Publications.Committee,SE,,,,,UK,GBR
JZOOL,1989,216,1,3918,Marcia,A,Edwards,Marcia A Edwards,Editor,EIC,,,,,UK,GBR
JZOOL,1989,216,1,72,A,A,Fincham,A A Fincham,Publications.Committee,SE,,,,,UK,GBR
JZOOL,1989,216,1,277,B,Green,Gardiner,B Green Gardiner,Publications.Committee,SE,,,,,UK,GBR
JZOOL,1989,216,1,1761,J,B,Messenger,J B Messenger,Publications.Committee,SE,,,,,UK,GBR
JZOOL,1989,216,1,2955,P,J,Whitfield,P J Whitfield,Publications.Committee,SE,,,,,UK,GBR
JZOOL,1990,220,1,384,C,,Arme,C Arme,Publications.Committee,SE,,,,,UK,GBR
JZOOL,1990,220,1,2983,R,J,Berry,R J Berry,Publications.Committee,SE,,,,,UK,GBR
JZOOL,1990,220,1,3717,W,N,Bonner,W N Bonner,Publications.Committee,SE,,,,,UK,GBR
JZOOL,1990,220,1,35,A,JE,Cave,A JE Cave,Publications.Committee,SE,,,,,UK,GBR
JZOOL,1990,220,1,2332,M,J,Coe,M J Coe,Publications.Committee,SE,,,,,UK,GBR
JZOOL,1990,220,1,1531,J,P,Croxall,J P Croxall,Publications.Committee,SE,,,,,UK,GBR
JZOOL,1990,220,1,3918,Marcia,A,Edwards,Marcia A Edwards,Editor,EIC,,,,,UK,GBR
JZOOL,1990,220,1,277,B,Green,Gardiner,B Green Gardiner,Publications.Committee,SE,,,,,UK,GBR
JZOOL,1990,220,1,1761,J,B,Messenger,J B Messenger,Publications.Committee,SE,,,,,UK,GBR
JZOOL,1990,220,1,2899,P,S,Rainbow,P S Rainbow,Publications.Committee,SE,,,,,UK,GBR
JZOOL,1990,220,1,2955,P,J,Whitfield,P J Whitfield,Publications.Committee,SE,,,,,UK,GBR
JZOOL,1991,223,1,2983,R,J,Berry,R J Berry,Publications.Committee,SE,,,,,UK,GBR
JZOOL,1991,223,1,3717,W,N,Bonner,W N Bonner,Publications.Committee,SE,,,,,UK,GBR
JZOOL,1991,223,1,35,A,JE,Cave,A JE Cave,Publications.Committee,SE,,,,,UK,GBR
JZOOL,1991,223,1,2332,M,J,Coe,M J Coe,Publications.Committee,SE,,,,,UK,GBR
JZOOL,1991,223,1,1531,J,P,Croxall,J P Croxall,Publications.Committee,SE,,,,,UK,GBR
JZOOL,1991,223,1,3918,Marcia,A,Edwards,Marcia A Edwards,Editor,EIC,,,,,UK,GBR
JZOOL,1991,223,1,277,B,Green,Gardiner,B Green Gardiner,Publications.Committee,SE,,,,,UK,GBR
JZOOL,1991,223,1,1614,J,,Gurnell,J Gurnell,Publications.Committee,SE,,,,,UK,GBR
JZOOL,1991,223,1,1761,J,B,Messenger,J B Messenger,Publications.Committee,SE,,,,,UK,GBR
JZOOL,1991,223,1,2899,P,S,Rainbow,P S Rainbow,Publications.Committee,SE,,,,,UK,GBR
JZOOL,1991,223,1,3232,R,C,Tinsley,R C Tinsley,Publications.Committee,SE,,,,,UK,GBR
JZOOL,1992,226,1,2983,R,J,Berry,R J Berry,Publications.Committee,SE,,,,,UK,GBR
JZOOL,1992,226,1,3717,W,N,Bonner,W N Bonner,Publications.Committee,SE,,,,,UK,GBR
JZOOL,1992,226,1,35,A,JE,Cave,A JE Cave,Publications.Committee,SE,,,,,UK,GBR
JZOOL,1992,226,1,2332,M,J,Coe,M J Coe,Publications.Committee,SE,,,,,UK,GBR
JZOOL,1992,226,1,1531,J,P,Croxall,J P Croxall,Publications.Committee,SE,,,,,UK,GBR
JZOOL,1992,226,1,3918,Marcia,A,Edwards,Marcia A Edwards,Editor,EIC,,,,,UK,GBR
JZOOL,1992,226,1,277,B,Green,Gardiner,B Green Gardiner,Publications.Committee,SE,,,,,UK,GBR
JZOOL,1992,226,1,1614,J,,Gurnell,J Gurnell,Publications.Committee,SE,,,,,UK,GBR
JZOOL,1992,226,1,2491,Marion,,Nixon,Marion Nixon,Publications.Committee,SE,,,,,UK,GBR
JZOOL,1992,226,1,2899,P,S,Rainbow,P S Rainbow,Publications.Committee,SE,,,,,UK,GBR
JZOOL,1992,226,1,3232,R,C,Tinsley,R C Tinsley,Publications.Committee,SE,,,,,UK,GBR
JZOOL,1993,229,1,2983,R,J,Berry,R J Berry,Publications.Committee,SE,,,,,UK,GBR
JZOOL,1993,229,1,3717,W,N,Bonner,W N Bonner,Publications.Committee,SE,,,,,UK,GBR
JZOOL,1993,229,1,1155,G,A,Boxshall,G A Boxshall,Publications.Committee,SE,,,,,UK,GBR
JZOOL,1993,229,1,35,A,JE,Cave,A JE Cave,Publications.Committee,SE,,,,,UK,GBR
JZOOL,1993,229,1,1531,J,P,Croxall,J P Croxall,Publications.Committee,SE,,,,,UK,GBR
JZOOL,1993,229,1,3918,Marcia,A,Edwards,Marcia A Edwards,Editor,EIC,,,,,UK,GBR
JZOOL,1993,229,1,277,B,Green,Gardiner,B Green Gardiner,Publications.Committee,SE,,,,,UK,GBR
JZOOL,1993,229,1,1614,J,,Gurnell,J Gurnell,Publications.Committee,SE,,,,,UK,GBR
JZOOL,1993,229,1,2826,P,J,Herring,P J Herring,Publications.Committee,SE,,,,,UK,GBR
JZOOL,1993,229,1,2491,Marion,,Nixon,Marion Nixon,Publications.Committee,SE,,,,,UK,GBR
JZOOL,1993,229,1,2899,P,S,Rainbow,P S Rainbow,Publications.Committee,SE,,,,,UK,GBR
JZOOL,1993,229,1,3232,R,C,Tinsley,R C Tinsley,Publications.Committee,SE,,,,,UK,GBR
JZOOL,1994,232,1,2983,R,J,Berry,R J Berry,Publications.Committee,SE,,,,,UK,GBR
JZOOL,1994,232,1,3717,W,N,Bonner,W N Bonner,Publications.Committee,SE,,,,,UK,GBR
JZOOL,1994,232,1,1155,G,A,Boxshall,G A Boxshall,Publications.Committee,SE,,,,,UK,GBR
JZOOL,1994,232,1,419,C,K,Catchpole,C K Catchpole,Publications.Committee,SE,,,,,UK,GBR
JZOOL,1994,232,1,35,A,JE,Cave,A JE Cave,Publications.Committee,SE,,,,,UK,GBR
JZOOL,1994,232,1,1531,J,P,Croxall,J P Croxall,Publications.Committee,SE,,,,,UK,GBR
JZOOL,1994,232,1,3918,Marcia,A,Edwards,Marcia A Edwards,Editor,EIC,,,,,UK,GBR
JZOOL,1994,232,1,1614,J,,Gurnell,J Gurnell,Publications.Committee,SE,,,,,UK,GBR
JZOOL,1994,232,1,2826,P,J,Herring,P J Herring,Publications.Committee,SE,,,,,UK,GBR
JZOOL,1994,232,1,2491,Marion,,Nixon,Marion Nixon,Publications.Committee,SE,,,,,UK,GBR
JZOOL,1994,232,1,2899,P,S,Rainbow,P S Rainbow,Publications.Committee,SE,,,,,UK,GBR
JZOOL,1994,232,1,3232,R,C,Tinsley,R C Tinsley,Publications.Committee,SE,,,,,UK,GBR
JZOOL,1995,235,1,3264,S,D,Albon,S D Albon,Publications.Committee,SE,,,,,UK,GBR
JZOOL,1995,235,1,2983,R,J,Berry,R J Berry,Publications.Committee,SE,,,,,UK,GBR
JZOOL,1995,235,1,1155,G,A,Boxshall,G A Boxshall,Publications.Committee,SE,,,,,UK,GBR
JZOOL,1995,235,1,2313,M,W,Bruford,M W Bruford,Publications.Committee,SE,,,,,UK,GBR
JZOOL,1995,235,1,419,C,K,Catchpole,C K Catchpole,Publications.Committee,SE,,,,,UK,GBR
JZOOL,1995,235,1,35,A,JE,Cave,A JE Cave,Publications.Committee,SE,,,,,UK,GBR
JZOOL,1995,235,1,1515,Juliet,,Clutton-Brock,Juliet Clutton-Brock,Editor,EIC,,,,,UK,GBR
JZOOL,1995,235,1,1614,J,,Gurnell,J Gurnell,Publications.Committee,SE,,,,,UK,GBR
JZOOL,1995,235,1,2826,P,J,Herring,P J Herring,Publications.Committee,SE,,,,,UK,GBR
JZOOL,1995,235,1,2491,Marion,,Nixon,Marion Nixon,Publications.Committee,SE,,,,,UK,GBR
JZOOL,1995,235,1,3232,R,C,Tinsley,R C Tinsley,Publications.Committee,SE,,,,,UK,GBR
JZOOL,1996,238,1,2983,R,J,Berry,R J Berry,Editorial.Board,SE,,,,,UK,GBR
JZOOL,1996,238,1,1515,Juliet,,Clutton-Brock,Juliet Clutton-Brock,Editor,EIC,,,,,UK,GBR
JZOOL,1996,238,1,3050,R,W,Elwood,R W Elwood,Editorial.Board,SE,Queens University of Belfast,,,,N. Ireland,IRL
JZOOL,1996,238,1,2802,P,R,Evans,P R Evans,Editorial.Board,SE,,,,,UK,GBR
JZOOL,1996,238,1,3545,T,F,Flannery,T F Flannery,Editorial.Board,SE,Australian Museum,,,,Australia,AUS
JZOOL,1996,238,1,2823,P,H,Harvey,P H Harvey,Editorial.Board,SE,,,,,UK,GBR
JZOOL,1996,238,1,3092,R,R,Hofmann,R R Hofmann,Editorial.Board,SE,IZW,,,,Germany,DEU
JZOOL,1996,238,1,2046,Katharina,,Mangold,Katharina Mangold,Editorial.Board,SE,,,,,France,FRA
JZOOL,1996,238,1,329,B,,Morton,B Morton,Editorial.Board,SE,,,,,Hong Kong,HKG
JZOOL,1996,238,1,1876,J,D,Skinner,J D Skinner,Editorial.Board,SE,University of Pretoria,,,,South Africa,ZAF
JZOOL,1996,238,1,1422,I,R,Swingland,I R Swingland,Editorial.Board,SE,,,,,UK,GBR
JZOOL,1997,241,1,2983,R,J,Berry,R J Berry,Editorial.Board,SE,,,,,UK,GBR
JZOOL,1997,241,1,419,C,K,Catchpole,C K Catchpole,Editorial.Board,SE,,,,,UK,GBR
JZOOL,1997,241,1,1515,Juliet,,Clutton-Brock,Juliet Clutton-Brock,Editor,EIC,,,,,UK,GBR
JZOOL,1997,241,1,3050,R,W,Elwood,R W Elwood,Editorial.Board,SE,Queens University of Belfast,,,,N. Ireland,IRL
JZOOL,1997,241,1,2802,P,R,Evans,P R Evans,Editorial.Board,SE,,,,,UK,GBR
JZOOL,1997,241,1,3545,T,F,Flannery,T F Flannery,Editorial.Board,SE,Australian Museum,,,,Australia,AUS
JZOOL,1997,241,1,2823,P,H,Harvey,P H Harvey,Editorial.Board,SE,,,,,UK,GBR
JZOOL,1997,241,1,3092,R,R,Hofmann,R R Hofmann,Editorial.Board,SE,IZW,,,,Germany,DEU
JZOOL,1997,241,1,2046,Katharina,,Mangold,Katharina Mangold,Editorial.Board,SE,,,,,France,FRA
JZOOL,1997,241,1,329,B,,Morton,B Morton,Editorial.Board,SE,,,,,Hong Kong,HKG
JZOOL,1997,241,1,3632,T,J,Roper,T J Roper,Editorial.Board,SE,,,,,UK,GBR
JZOOL,1997,241,1,1876,J,D,Skinner,J D Skinner,Editorial.Board,SE,University of Pretoria,,,,South Africa,ZAF
JZOOL,1997,241,1,1422,I,R,Swingland,I R Swingland,Editorial.Board,SE,,,,,UK,GBR
JZOOL,1998,244,1,2983,R,J,Berry,R J Berry,Editorial.Board,SE,,,,,UK,GBR
JZOOL,1998,244,1,419,C,K,Catchpole,C K Catchpole,Editorial.Board,SE,,,,,UK,GBR
JZOOL,1998,244,1,1515,Juliet,,Clutton-Brock,Juliet Clutton-Brock,Editor,EIC,,,,,UK,GBR
JZOOL,1998,244,1,3050,R,W,Elwood,R W Elwood,Editorial.Board,SE,Queens University of Belfast,,,,N. Ireland,IRL
JZOOL,1998,244,1,2802,P,R,Evans,P R Evans,Editorial.Board,SE,,,,,UK,GBR
JZOOL,1998,244,1,3545,T,F,Flannery,T F Flannery,Editorial.Board,SE,Australian Museum,,,,Australia,AUS
JZOOL,1998,244,1,2823,P,H,Harvey,P H Harvey,Editorial.Board,SE,,,,,UK,GBR
JZOOL,1998,244,1,3092,R,R,Hofmann,R R Hofmann,Editorial.Board,SE,IZW,,,,Germany,DEU
JZOOL,1998,244,1,2046,Katharina,,Mangold,Katharina Mangold,Editorial.Board,SE,,,,,France,FRA
JZOOL,1998,244,1,329,B,,Morton,B Morton,Editorial.Board,SE,,,,,Hong Kong,HKG
JZOOL,1998,244,1,3632,T,J,Roper,T J Roper,Editorial.Board,SE,,,,,UK,GBR
JZOOL,1998,244,1,1876,J,D,Skinner,J D Skinner,Editorial.Board,SE,University of Pretoria,,,,South Africa,ZAF
JZOOL,1998,244,1,1422,I,R,Swingland,I R Swingland,Editorial.Board,SE,,,,,UK,GBR
JZOOL,1999,247,1,2983,R,J,Berry,R J Berry,Editorial.Board,SE,,,,,UK,GBR
JZOOL,1999,247,1,419,C,K,Catchpole,C K Catchpole,Editorial.Board,SE,,,,,UK,GBR
JZOOL,1999,247,1,1515,Juliet,,Clutton-Brock,Juliet Clutton-Brock,Editor,EIC,,,,,UK,GBR
JZOOL,1999,247,1,3050,R,W,Elwood,R W Elwood,Editorial.Board,SE,Queens University of Belfast,,,,N. Ireland,IRL
JZOOL,1999,247,1,2802,P,R,Evans,P R Evans,Editorial.Board,SE,,,,,UK,GBR
JZOOL,1999,247,1,3545,T,F,Flannery,T F Flannery,Editorial.Board,SE,Australian Museum,,,,Australia,AUS
JZOOL,1999,247,1,2388,Martyn,,Gorman,Martyn Gorman,Short.Communications.Editor,SPECIAL,,,,,UK,GBR
JZOOL,1999,247,1,2823,P,H,Harvey,P H Harvey,Editorial.Board,SE,,,,,UK,GBR
JZOOL,1999,247,1,3092,R,R,Hofmann,R R Hofmann,Editorial.Board,SE,IZW,,,,Germany,DEU
JZOOL,1999,247,1,2046,Katharina,,Mangold,Katharina Mangold,Editorial.Board,SE,,,,,France,FRA
JZOOL,1999,247,1,329,B,,Morton,B Morton,Editorial.Board,SE,,,,,Hong Kong,HKG
JZOOL,1999,247,1,3632,T,J,Roper,T J Roper,Editorial.Board,SE,,,,,UK,GBR
JZOOL,1999,247,1,1876,J,D,Skinner,J D Skinner,Editorial.Board,SE,University of Pretoria,,,,South Africa,ZAF
JZOOL,1999,247,1,1422,I,R,Swingland,I R Swingland,Editorial.Board,SE,,,,,UK,GBR
JZOOL,2000,250,1,2983,R,J,Berry,R J Berry,Editorial.Board,SE,,,,,UK,GBR
JZOOL,2000,250,1,1391,Ian,,Boyd,Ian Boyd,Editor,AE,,,,,UK,GBR
JZOOL,2000,250,1,419,C,K,Catchpole,C K Catchpole,Editorial.Board,SE,,,,,UK,GBR
JZOOL,2000,250,1,3050,R,W,Elwood,R W Elwood,Editorial.Board,SE,Queens University of Belfast,,,,N. Ireland,IRL
JZOOL,2000,250,1,2802,P,R,Evans,P R Evans,Editorial.Board,SE,,,,,UK,GBR
JZOOL,2000,250,1,3545,T,F,Flannery,T F Flannery,Editorial.Board,SE,Australian Museum,,,,Australia,AUS
JZOOL,2000,250,1,2388,Martyn,,Gorman,Martyn Gorman,Short.Communications.Editor,SPECIAL,,,,,UK,GBR
JZOOL,2000,250,1,3560,Tim,,Halliday,Tim Halliday,Editor,AE,,,,,UK,GBR
JZOOL,2000,250,1,2823,P,H,Harvey,P H Harvey,Editorial.Board,SE,,,,,UK,GBR
JZOOL,2000,250,1,3092,R,R,Hofmann,R R Hofmann,Editorial.Board,SE,IZW,,,,Germany,DEU
JZOOL,2000,250,1,2046,Katharina,,Mangold,Katharina Mangold,Editorial.Board,SE,,,,,France,FRA
JZOOL,2000,250,1,329,B,,Morton,B Morton,Editorial.Board,SE,,,,,Hong Kong,HKG
JZOOL,2000,250,1,2899,Philip,,Rainbow,Philip Rainbow,Editor,AE,,,,,UK,GBR
JZOOL,2000,250,1,3632,T,J,Roper,T J Roper,Editorial.Board,SE,,,,,UK,GBR
JZOOL,2000,250,1,1876,J,D,Skinner,J D Skinner,Editorial.Board,SE,University of Pretoria,,,,South Africa,ZAF
JZOOL,2000,250,1,1422,I,R,Swingland,I R Swingland,Editorial.Board,SE,,,,,UK,GBR
JZOOL,2001,253,1,1391,Ian,,Boyd,Ian Boyd,Editor,AE,,,,,UK,GBR
JZOOL,2001,253,1,3050,Robert,,Elwood,Robert Elwood,Editor,AE,,,,,Northern Ireland,NA
JZOOL,2001,253,1,3545,T,F,Flannery,T F Flannery,Consultant.Editors,SE,Australian Museum,,,,Australia,AUS
JZOOL,2001,253,1,1187,G,,Graves,G Graves,Consultant.Editors,SE,,,,,USA,USA
JZOOL,2001,253,1,3560,Tim,,Halliday,Tim Halliday,Editor,AE,,,,,UK,GBR
JZOOL,2001,253,1,2479,M,GL,Mills,M GL Mills,Consultant.Editors,SE,Kruger National Park,,,,South Africa,ZAF
JZOOL,2001,253,1,2899,Philip,,Rainbow,Philip Rainbow,Editor,AE,,,,,UK,GBR
JZOOL,2001,253,1,3842,Y,,Sugiyama,Y Sugiyama,Consultant.Editors,SE,,,,,Japan,JPN
JZOOL,2001,253,1,2944,P,A,Verrell,P A Verrell,Consultant.Editors,SE,Washington State University ,,,,USA,USA
JZOOL,2002,256,1,1391,Ian,,Boyd,Ian Boyd,Editor,AE,,,,,UK,GBR
JZOOL,2002,256,1,1515,Juliet,,Clutton-Brock,Juliet Clutton-Brock,Editor,AE,,,,,UK,GBR
JZOOL,2002,256,1,3050,Robert,,Elwood,Robert Elwood,Editor,AE,,,,,Northern Ireland,NA
JZOOL,2002,256,1,3545,T,F,Flannery,T F Flannery,Consultant.Editors,SE,Australian Museum,,,,Australia,AUS
JZOOL,2002,256,1,1187,G,,Graves,G Graves,Consultant.Editors,SE,,,,,USA,USA
JZOOL,2002,256,1,3560,Tim,,Halliday,Tim Halliday,Editor,AE,,,,,UK,GBR
JZOOL,2002,256,1,3755,W,C,Jordan,W C Jordan,Consultant.Editors,SE,,,,,UK,GBR
JZOOL,2002,256,1,2479,M,GL,Mills,M GL Mills,Consultant.Editors,SE,Kruger National Park,,,,South Africa,ZAF
JZOOL,2002,256,1,2899,Philip,,Rainbow,Philip Rainbow,Editor,AE,,,,,UK,GBR
JZOOL,2002,256,1,3842,Y,,Sugiyama,Y Sugiyama,Consultant.Editors,SE,,,,,Japan,JPN
JZOOL,2002,256,1,2944,P,A,Verrell,P A Verrell,Consultant.Editors,SE,Washington State University ,,,,USA,USA
JZOOL,2003,259,1,1391,Ian,,Boyd,Ian Boyd,Editor,AE,,,,,UK,GBR
JZOOL,2003,259,1,1515,Juliet,,Clutton-Brock,Juliet Clutton-Brock,Editor,AE,,,,,UK,GBR
JZOOL,2003,259,1,3050,Robert,,Elwood,Robert Elwood,Editor,AE,,,,,Northern Ireland,NA
JZOOL,2003,259,1,3545,T,F,Flannery,T F Flannery,Consultant.Editors,SE,Australian Museum,,,,Australia,AUS
JZOOL,2003,259,1,1600,John,L,Gittleman,John L Gittleman,Editor,AE,University of Virginia,,,,USA,USA
JZOOL,2003,259,1,1187,G,,Graves,G Graves,Consultant.Editors,SE,,,,,USA,USA
JZOOL,2003,259,1,3560,Tim,,Halliday,Tim Halliday,Editor,AE,,,,,UK,GBR
JZOOL,2003,259,1,3755,W,C,Jordan,W C Jordan,Consultant.Editors,SE,,,,,UK,GBR
JZOOL,2003,259,1,2479,M,GL,Mills,M GL Mills,Consultant.Editors,SE,Kruger National Park,,,,South Africa,ZAF
JZOOL,2003,259,1,2899,Philip,,Rainbow,Philip Rainbow,Editor,AE,,,,,UK,GBR
JZOOL,2003,259,1,3842,Y,,Sugiyama,Y Sugiyama,Consultant.Editors,SE,,,,,Japan,JPN
JZOOL,2003,259,1,2944,P,A,Verrell,P A Verrell,Consultant.Editors,SE,Washington State University ,,,,USA,USA
JZOOL,2004,262,1,1391,Ian,,Boyd,Ian Boyd,Editor,AE,,,,,UK,GBR
JZOOL,2004,262,1,1515,Juliet,,Clutton-Brock,Juliet Clutton-Brock,Editor,AE,,,,,UK,GBR
JZOOL,2004,262,1,3050,Robert,,Elwood,Robert Elwood,Editor,AE,,,,,Northern Ireland,NA
JZOOL,2004,262,1,3545,T,F,Flannery,T F Flannery,Consultant.Editors,SE,Australian Museum,,,,Australia,AUS
JZOOL,2004,262,1,1600,John,L,Gittleman,John L Gittleman,Editor,AE,University of Virginia,,,,USA,USA
JZOOL,2004,262,1,1187,G,,Graves,G Graves,Consultant.Editors,SE,,,,,USA,USA
JZOOL,2004,262,1,3560,Tim,,Halliday,Tim Halliday,Editor,AE,,,,,UK,GBR
JZOOL,2004,262,1,3755,W,C,Jordan,W C Jordan,Consultant.Editors,SE,,,,,UK,GBR
JZOOL,2004,262,1,2479,M,GL,Mills,M GL Mills,Consultant.Editors,SE,Kruger National Park,,,,South Africa,ZAF
JZOOL,2004,262,1,2899,Philip,,Rainbow,Philip Rainbow,Editor,AE,,,,,UK,GBR
JZOOL,2004,262,1,3842,Y,,Sugiyama,Y Sugiyama,Consultant.Editors,SE,,,,,Japan,JPN
JZOOL,2004,262,1,2944,P,A,Verrell,P A Verrell,Consultant.Editors,SE,Washington State University ,,,,USA,USA
JZOOL,2005,265,1,1391,Ian,,Boyd,Ian Boyd,Editor,AE,,,,,UK,GBR
JZOOL,2005,265,1,1515,Juliet,,Clutton-Brock,Juliet Clutton-Brock,Editor,AE,,,,,UK,GBR
JZOOL,2005,265,1,3050,Robert,,Elwood,Robert Elwood,Editor,AE,,,,,Northern Ireland,NA
JZOOL,2005,265,1,3545,T,F,Flannery,T F Flannery,Consultant.Editors,SE,Australian Museum,,,,Australia,AUS
JZOOL,2005,265,1,1600,John,L,Gittleman,John L Gittleman,Editor,AE,University of Virginia,,,,USA,USA
JZOOL,2005,265,1,1187,G,,Graves,G Graves,Consultant.Editors,SE,,,,,USA,USA
JZOOL,2005,265,1,3560,Tim,,Halliday,Tim Halliday,Editor,AE,,,,,UK,GBR
JZOOL,2005,265,1,3755,W,C,Jordan,W C Jordan,Consultant.Editors,SE,,,,,UK,GBR
JZOOL,2005,265,1,2479,M,GL,Mills,M GL Mills,Consultant.Editors,SE,Kruger National Park,,,,South Africa,ZAF
JZOOL,2005,265,1,2899,Philip,,Rainbow,Philip Rainbow,Editor,AE,,,,,UK,GBR
JZOOL,2005,265,1,3842,Y,,Sugiyama,Y Sugiyama,Consultant.Editors,SE,,,,,Japan,JPN
JZOOL,2005,265,1,2944,P,A,Verrell,P A Verrell,Consultant.Editors,SE,Washington State University ,,,,USA,USA
JZOOL,2006,268,1,1391,Ian,,Boyd,Ian Boyd,Editor,AE,,,,,UK,GBR
JZOOL,2006,268,1,1515,Juliet,,Clutton-Brock,Juliet Clutton-Brock,Editor,AE,,,,,UK,GBR
JZOOL,2006,268,1,3050,Robert,,Elwood,Robert Elwood,Editor,AE,,,,,Northern Ireland,NA
JZOOL,2006,268,1,3545,T,F,Flannery,T F Flannery,Consultant.Editors,SE,,,,,Australia,AUS
JZOOL,2006,268,1,1600,John,L,Gittleman,John L Gittleman,Editor,AE,,,,,USA,USA
JZOOL,2006,268,1,1187,G,,Graves,G Graves,Consultant.Editors,SE,,,,,USA,USA
JZOOL,2006,268,1,3560,Tim,,Halliday,Tim Halliday,Editor,AE,,,,,UK,GBR
JZOOL,2006,268,1,3755,W,C,Jordan,W C Jordan,Consultant.Editors,SE,,,,,UK,GBR
JZOOL,2006,268,1,2479,M,GL,Mills,M GL Mills,Consultant.Editors,SE,,,,,South Africa,ZAF
JZOOL,2006,268,1,2899,Philip,,Rainbow,Philip Rainbow,Editor,AE,,,,,UK,GBR
JZOOL,2006,268,1,3842,Y,,Sugiyama,Y Sugiyama,Consultant.Editors,SE,,,,,Japan,JPN
JZOOL,2006,268,1,2944,P,A,Verrell,P A Verrell,Consultant.Editors,SE,,,,,USA,USA
JZOOL,2007,271,1,2627,Nigel,,Bennett,Nigel Bennett,Editor,AE,,,,,South Africa,ZAF
JZOOL,2007,271,1,2766,Peter,,Bennett,Peter Bennett,Editorial.Board,SE,,,,,UK,GBR
JZOOL,2007,271,1,1391,Ian,,Boyd,Ian Boyd,EIC,EIC,,,,,UK,GBR
JZOOL,2007,271,1,1515,Juliet,,Clutton-Brock,Juliet Clutton-Brock,Editor,AE,,,,,UK,GBR
JZOOL,2007,271,1,3304,Steven,Le,Comber,Steven Le Comber,Editorial.Board,SE,,,,,UK,GBR
JZOOL,2007,271,1,55,Agnes,,Deuai,Agnes Deuai,Editorial.Board,SE,,,,,France,FRA
JZOOL,2007,271,1,3553,Trent,,Garner,Trent Garner,Editorial.Board,SE,,,,,UK,GBR
JZOOL,2007,271,1,3560,Tim,,Halliday,Tim Halliday,Editor,AE,,,,,UK,GBR
JZOOL,2007,271,1,3090,Russell,,Hill,Russell Hill,Editorial.Board,SE,,,,,UK,GBR
JZOOL,2007,271,1,2021,Kavita,,Isvaran,Kavita Isvaran,Editorial.Board,SE,,,,,UK,GBR
JZOOL,2007,271,1,3579,Tigga,,Kingston,Tigga Kingston,Editorial.Board,SE,,,,,USA,USA
JZOOL,2007,271,1,2659,Noga,,Kronfeld-Schor,Noga Kronfeld-Schor,Editorial.Board,SE,,,,,Israel,ISR
JZOOL,2007,271,1,3591,Tim,,Littlewood,Tim Littlewood,Editorial.Board,SE,,,,,UK,GBR
JZOOL,2007,271,1,1333,Heike,,Lutermann,Heike Lutermann,Editorial.Board,SE,,,,,South Africa,ZAF
JZOOL,2007,271,1,2223,Lars,,Podsiadlowski,Lars Podsiadlowski,Editorial.Board,SE,,,,,Germany,DEU
JZOOL,2007,271,1,2899,Philip,,Rainbow,Philip Rainbow,Editor,AE,,,,,UK,GBR
JZOOL,2007,271,1,2540,Mark-Oliver,,Rodel,Mark-Oliver Rodel,Editorial.Board,SE,,,,,Germany,DEU
JZOOL,2007,271,1,2550,Michael,,Scantlebury,Michael Scantlebury,Editorial.Board,SE,,,,,South Africa,ZAF
JZOOL,2007,271,1,1930,Jean-Nicholas,,Volff,Jean-Nicholas Volff,Editor,AE,,,,,Germany,DEU
JZOOL,2007,271,1,1268,Gerhard,,VonDerEmde,Gerhard VonDerEmde,Editorial.Board,SE,,,,,Germany,DEU
JZOOL,2007,271,1,598,Christoph,,Winkler,Christoph Winkler,Editorial.Board,SE,,,,,Germany,DEU
JZOOL,2007,271,1,1280,Gunther,,Zupanc,Gunther Zupanc,Editor,AE,,,,,Germany,DEU
JZOOL,2008,274,1,2981,Robert,,Beason,Robert Beason,Editorial.Board,SE,,,,,USA,USA
JZOOL,2008,274,1,2627,Nigel,,Bennett,Nigel Bennett,EIC,EIC,,,,,South Africa,ZAF
JZOOL,2008,274,1,2766,Peter,,Bennett,Peter Bennett,Editorial.Board,SE,,,,,UK,GBR
JZOOL,2008,274,1,3304,Steven,Le,Comber,Steven Le Comber,Editorial.Board,SE,,,,,UK,GBR
JZOOL,2008,274,1,55,Agnes,,Deuai,Agnes Deuai,Editorial.Board,SE,,,,,France,FRA
JZOOL,2008,274,1,3553,Trent,,Garner,Trent Garner,Editorial.Board,SE,,,,,UK,GBR
JZOOL,2008,274,1,3560,Tim,,Halliday,Tim Halliday,Editor,AE,,,,,UK,GBR
JZOOL,2008,274,1,3686,Virginia,,Hayssen,Virginia Hayssen,Editor,AE,,,,,USA,USA
JZOOL,2008,274,1,3090,Russell,,Hill,Russell Hill,Editorial.Board,SE,,,,,UK,GBR
JZOOL,2008,274,1,2021,Kavita,,Isvaran,Kavita Isvaran,Editorial.Board,SE,,,,,India,IND
JZOOL,2008,274,1,3579,Tigga,,Kingston,Tigga Kingston,Editorial.Board,SE,,,,,USA,USA
JZOOL,2008,274,1,122,Andrew,,Kitchener,Andrew Kitchener,Editor,AE,,,,,UK,GBR
JZOOL,2008,274,1,2659,Noga,,Kronfeld-Schor,Noga Kronfeld-Schor,Editorial.Board,SE,,,,,Israel,ISR
JZOOL,2008,274,1,3838,Yvonne-Marie,,Linton,Yvonne-Marie Linton,Editorial.Board,SE,,,,,UK,GBR
JZOOL,2008,274,1,3591,Tim,,Littlewood,Tim Littlewood,Editorial.Board,SE,,,,,UK,GBR
JZOOL,2008,274,1,1333,Heike,,Lutermann,Heike Lutermann,Editorial.Board,SE,,,,,South Africa,ZAF
JZOOL,2008,274,1,1730,John,,Lynch,John Lynch,Editorial.Board,SE,,,,,USA,USA
JZOOL,2008,274,1,148,Alan,,McElligott,Alan McElligott,Editorial.Board,SE,,,,,UK,GBR
JZOOL,2008,274,1,328,Ben,,Moore,Ben Moore,Editorial.Board,SE,,,,,UK,GBR
JZOOL,2008,274,1,2879,Peter,KL,Ng,Peter KL Ng,Editorial.Board,SE,,,,,Singapore,SGP
JZOOL,2008,274,1,2223,Lars,,Podsiadlowski,Lars Podsiadlowski,Editorial.Board,SE,,,,,Germany,DEU
JZOOL,2008,274,1,2899,Philip,,Rainbow,Philip Rainbow,Editor,AE,,,,,UK,GBR
JZOOL,2008,274,1,2540,Mark-Oliver,,Rodel,Mark-Oliver Rodel,Editorial.Board,SE,,,,,Germany,DEU
JZOOL,2008,274,1,2550,Michael,,Scantlebury,Michael Scantlebury,Editorial.Board,SE,,,,,Northern Ireland,NA
JZOOL,2008,274,1,1930,Jean-Nicholas,,Volff,Jean-Nicholas Volff,Editor,AE,,,,,France,FRA
JZOOL,2008,274,1,1268,Gerhard,,VonDerEmde,Gerhard VonDerEmde,Editorial.Board,SE,,,,,Germany,DEU
JZOOL,2008,274,1,3819,Walter,,Wilczynski,Walter Wilczynski,Editorial.Board,SE,,,,,USA,USA
JZOOL,2008,274,1,3934,Rob,,Williams,Rob Williams,Editorial.Board,SE,,,,,Canada,CAN
JZOOL,2008,274,1,598,Christoph,,Winkler,Christoph Winkler,Editorial.Board,SE,,,,,Singapore,SGP
JZOOL,2008,274,1,1280,Gunther,,Zupanc,Gunther Zupanc,Editor,AE,,,,,Germany,DEU
JZOOL,2009,277,1,2763,P,,Bateman,P Bateman,Editorial.Board,SE,,,,,South Africa,ZAF
JZOOL,2009,277,1,2981,Robert,,Beason,Robert Beason,Editorial.Board,SE,,,,,USA,USA
JZOOL,2009,277,1,2627,Nigel,,Bennett,Nigel Bennett,EIC,EIC,,,,,South Africa,ZAF
JZOOL,2009,277,1,2766,Peter,,Bennett,Peter Bennett,Editorial.Board,SE,,,,,UK,GBR
JZOOL,2009,277,1,3304,Steven,Le,Comber,Steven Le Comber,Reviews.Editor,SPECIAL,,,,,UK,GBR
JZOOL,2009,277,1,55,Agnes,,Deuai,Agnes Deuai,Editorial.Board,SE,,,,,France,FRA
JZOOL,2009,277,1,3553,Trent,,Garner,Trent Garner,Editorial.Board,SE,,,,,UK,GBR
JZOOL,2009,277,1,3560,Tim,,Halliday,Tim Halliday,Editor,AE,,,,,UK,GBR
JZOOL,2009,277,1,3686,Virginia,,Hayssen,Virginia Hayssen,Editor,AE,,,,,USA,USA
JZOOL,2009,277,1,3090,Russell,,Hill,Russell Hill,Editorial.Board,SE,,,,,UK,GBR
JZOOL,2009,277,1,2021,Kavita,,Isvaran,Kavita Isvaran,Editorial.Board,SE,,,,,India,IND
JZOOL,2009,277,1,3579,Tigga,,Kingston,Tigga Kingston,Editorial.Board,SE,,,,,USA,USA
JZOOL,2009,277,1,122,Andrew,,Kitchener,Andrew Kitchener,Editor,AE,,,,,UK,GBR
JZOOL,2009,277,1,2659,Noga,,Kronfeld-Schor,Noga Kronfeld-Schor,Editorial.Board,SE,,,,,Israel,ISR
JZOOL,2009,277,1,3838,Yvonne-Marie,,Linton,Yvonne-Marie Linton,Editorial.Board,SE,,,,,UK,GBR
JZOOL,2009,277,1,3591,Tim,,Littlewood,Tim Littlewood,Editorial.Board,SE,,,,,UK,GBR
JZOOL,2009,277,1,1333,Heike,,Lutermann,Heike Lutermann,Editorial.Board,SE,,,,,South Africa,ZAF
JZOOL,2009,277,1,1730,John,,Lynch,John Lynch,Editorial.Board,SE,,,,,USA,USA
JZOOL,2009,277,1,148,Alan,,McElligott,Alan McElligott,Editorial.Board,SE,,,,,UK,GBR
JZOOL,2009,277,1,328,Ben,,Moore,Ben Moore,Editorial.Board,SE,,,,,UK,GBR
JZOOL,2009,277,1,2879,Peter,KL,Ng,Peter KL Ng,Editorial.Board,SE,,,,,Singapore,SGP
JZOOL,2009,277,1,2223,Lars,,Podsiadlowski,Lars Podsiadlowski,Editorial.Board,SE,,,,,Germany,DEU
JZOOL,2009,277,1,2682,N,,Raine,N Raine,Editorial.Board,SE,,,,,UK,GBR
JZOOL,2009,277,1,2540,Mark-Oliver,,Rodel,Mark-Oliver Rodel,Editorial.Board,SE,,,,,Germany,DEU
JZOOL,2009,277,1,2550,Michael,,Scantlebury,Michael Scantlebury,Editorial.Board,SE,,,,,Northern Ireland,NA
JZOOL,2009,277,1,1930,Jean-Nicholas,,Volff,Jean-Nicholas Volff,Editor,AE,,,,,France,FRA
JZOOL,2009,277,1,1268,Gerhard,,VonDerEmde,Gerhard VonDerEmde,Editorial.Board,SE,,,,,Germany,DEU
JZOOL,2009,277,1,3819,Walter,,Wilczynski,Walter Wilczynski,Editorial.Board,SE,,,,,USA,USA
JZOOL,2009,277,1,3934,Rob,,Williams,Rob Williams,Editorial.Board,SE,,,,,Canada,CAN
JZOOL,2009,277,1,598,Christoph,,Winkler,Christoph Winkler,Editorial.Board,SE,,,,,Singapore,SGP
JZOOL,2009,277,1,1280,Gunther,,Zupanc,Gunther Zupanc,Editor,AE,,,,,Germany,DEU
JZOOL,2010,280,1,2763,P,,Bateman,P Bateman,Editorial.Board,SE,,,,,South Africa,ZAF
JZOOL,2010,280,1,2981,Robert,,Beason,Robert Beason,Editorial.Board,SE,,,,,USA,USA
JZOOL,2010,280,1,2627,Nigel,,Bennett,Nigel Bennett,EIC,EIC,,,,,South Africa,ZAF
JZOOL,2010,280,1,2766,Peter,,Bennett,Peter Bennett,Editorial.Board,SE,,,,,UK,GBR
JZOOL,2010,280,1,3304,Steven,Le,Comber,Steven Le Comber,Reviews.Editor,SPECIAL,,,,,UK,GBR
JZOOL,2010,280,1,55,Agnes,,Deuai,Agnes Deuai,Editorial.Board,SE,,,,,France,FRA
JZOOL,2010,280,1,3553,Trent,,Garner,Trent Garner,Editorial.Board,SE,,,,,UK,GBR
JZOOL,2010,280,1,3560,Tim,,Halliday,Tim Halliday,Editor,AE,,,,,UK,GBR
JZOOL,2010,280,1,3686,Virginia,,Hayssen,Virginia Hayssen,Editor,AE,,,,,USA,USA
JZOOL,2010,280,1,3090,Russell,,Hill,Russell Hill,Editorial.Board,SE,,,,,UK,GBR
JZOOL,2010,280,1,2021,Kavita,,Isvaran,Kavita Isvaran,Editorial.Board,SE,,,,,India,IND
JZOOL,2010,280,1,3579,Tigga,,Kingston,Tigga Kingston,Editorial.Board,SE,,,,,USA,USA
JZOOL,2010,280,1,122,Andrew,,Kitchener,Andrew Kitchener,Editor,AE,,,,,UK,GBR
JZOOL,2010,280,1,2659,Noga,,Kronfeld-Schor,Noga Kronfeld-Schor,Editorial.Board,SE,,,,,Israel,ISR
JZOOL,2010,280,1,3838,Yvonne-Marie,,Linton,Yvonne-Marie Linton,Editorial.Board,SE,,,,,UK,GBR
JZOOL,2010,280,1,3591,Tim,,Littlewood,Tim Littlewood,Editorial.Board,SE,,,,,UK,GBR
JZOOL,2010,280,1,1333,Heike,,Lutermann,Heike Lutermann,Editorial.Board,SE,,,,,South Africa,ZAF
JZOOL,2010,280,1,1730,John,,Lynch,John Lynch,Editorial.Board,SE,,,,,USA,USA
JZOOL,2010,280,1,148,Alan,,McElligott,Alan McElligott,Editorial.Board,SE,,,,,UK,GBR
JZOOL,2010,280,1,328,Ben,,Moore,Ben Moore,Editorial.Board,SE,,,,,UK,GBR
JZOOL,2010,280,1,2879,Peter,KL,Ng,Peter KL Ng,Editorial.Board,SE,,,,,Singapore,SGP
JZOOL,2010,280,1,2223,Lars,,Podsiadlowski,Lars Podsiadlowski,Editorial.Board,SE,,,,,Germany,DEU
JZOOL,2010,280,1,2682,N,,Raine,N Raine,Editorial.Board,SE,,,,,UK,GBR
JZOOL,2010,280,1,2540,Mark-Oliver,,Rodel,Mark-Oliver Rodel,Editorial.Board,SE,,,,,Germany,DEU
JZOOL,2010,280,1,2550,Michael,,Scantlebury,Michael Scantlebury,Editorial.Board,SE,,,,,Northern Ireland,NA
JZOOL,2010,280,1,1930,Jean-Nicholas,,Volff,Jean-Nicholas Volff,Editor,AE,,,,,France,FRA
JZOOL,2010,280,1,1268,Gerhard,,VonDerEmde,Gerhard VonDerEmde,Editorial.Board,SE,,,,,Germany,DEU
JZOOL,2010,280,1,3819,Walter,,Wilczynski,Walter Wilczynski,Editorial.Board,SE,,,,,USA,USA
JZOOL,2010,280,1,3934,Rob,,Williams,Rob Williams,Editorial.Board,SE,,,,,Canada,CAN
JZOOL,2010,280,1,598,Christoph,,Winkler,Christoph Winkler,Editorial.Board,SE,,,,,Singapore,SGP
JZOOL,2010,280,1,1280,Gunther,,Zupanc,Gunther Zupanc,Editor,AE,,,,,Germany,DEU
JZOOL,2011,283,1,2763,P,,Bateman,P Bateman,Editorial.Board,SE,,,,,South Africa,ZAF
JZOOL,2011,283,1,2981,Robert,,Beason,Robert Beason,Editorial.Board,SE,,,,,USA,USA
JZOOL,2011,283,1,2627,Nigel,,Bennett,Nigel Bennett,EIC,EIC,,,,,South Africa,ZAF
JZOOL,2011,283,1,939,E,,Briefer,E Briefer,Editorial.Board,SE,,,,,UK,GBR
JZOOL,2011,283,1,3304,Steven,Le,Comber,Steven Le Comber,Reviews.Editor,SPECIAL,,,,,UK,GBR
JZOOL,2011,283,1,664,D,,Dechmann,D Dechmann,Editorial.Board,SE,,,,,Germany,DEU
JZOOL,2011,283,1,55,Agnes,,Deuai,Agnes Deuai,Editorial.Board,SE,,,,,France,FRA
JZOOL,2011,283,1,2807,P,A,Fleming,P A Fleming,Editorial.Board,SE,,,,,Australia,AUS
JZOOL,2011,283,1,3553,Trent,,Garner,Trent Garner,Editorial.Board,SE,,,,,UK,GBR
JZOOL,2011,283,1,3686,Virginia,,Hayssen,Virginia Hayssen,Editor,AE,,,,,USA,USA
JZOOL,2011,283,1,103,A,,Herrel,A Herrel,Editorial.Board,SE,,,,,France,FRA
JZOOL,2011,283,1,3090,Russell,,Hill,Russell Hill,Editorial.Board,SE,,,,,UK,GBR
JZOOL,2011,283,1,3110,R,,Jenner,R Jenner,Editorial.Board,SE,,,,,UK,GBR
JZOOL,2011,283,1,3579,Tigga,,Kingston,Tigga Kingston,Editorial.Board,SE,,,,,USA,USA
JZOOL,2011,283,1,122,Andrew,,Kitchener,Andrew Kitchener,Editor,AE,,,,,UK,GBR
JZOOL,2011,283,1,3120,Rob,,Knell,Rob Knell,Editor,AE,,,,,UK,GBR
JZOOL,2011,283,1,3591,Tim,,Littlewood,Tim Littlewood,Editorial.Board,SE,,,,,UK,GBR
JZOOL,2011,283,1,1333,Heike,,Lutermann,Heike Lutermann,Section.Editor,SPECIAL,,,,,South Africa,ZAF
JZOOL,2011,283,1,1730,John,,Lynch,John Lynch,Editorial.Board,SE,,,,,USA,USA
JZOOL,2011,283,1,148,Alan,,McElligott,Alan McElligott,Editorial.Board,SE,,,,,UK,GBR
JZOOL,2011,283,1,328,Ben,,Moore,Ben Moore,Editorial.Board,SE,,,,,UK,GBR
JZOOL,2011,283,1,2879,Peter,KL,Ng,Peter KL Ng,Editorial.Board,SE,,,,,Singapore,SGP
JZOOL,2011,283,1,2681,N,,Raihani,N Raihani,Editorial.Board,SE,,,,,UK,GBR
JZOOL,2011,283,1,2682,N,,Raine,N Raine,Editorial.Board,SE,,,,,UK,GBR
JZOOL,2011,283,1,2540,Mark-Oliver,,Rodel,Mark-Oliver Rodel,Editor,AE,,,,,Germany,DEU
JZOOL,2011,283,1,2550,Michael,,Scantlebury,Michael Scantlebury,Editorial.Board,SE,,,,,Northern Ireland,NA
JZOOL,2011,283,1,1930,Jean-Nicholas,,Volff,Jean-Nicholas Volff,Editor,AE,,,,,France,FRA
JZOOL,2011,283,1,1268,Gerhard,,VonDerEmde,Gerhard VonDerEmde,Editorial.Board,SE,,,,,Germany,DEU
JZOOL,2011,283,1,3934,Rob,,Williams,Rob Williams,Editorial.Board,SE,,,,,Canada,CAN
JZOOL,2011,283,1,2708,N,,Yamaguchi,N Yamaguchi,Editorial.Board,SE,,,,,Qatar,QAT
JZOOL,2011,283,1,1280,Gunther,,Zupanc,Gunther Zupanc,Editor,AE,,,,,USA,USA
JZOOL,2012,286,1,2763,P,,Bateman,P Bateman,Editorial.Board,SE,,,,,South Africa,ZAF
JZOOL,2012,286,1,2981,Robert,,Beason,Robert Beason,Editorial.Board,SE,,,,,USA,USA
JZOOL,2012,286,1,2627,Nigel,,Bennett,Nigel Bennett,EIC,EIC,,,,,South Africa,ZAF
JZOOL,2012,286,1,939,E,,Briefer,E Briefer,Editorial.Board,SE,,,,,UK,GBR
JZOOL,2012,286,1,3304,Steven,Le,Comber,Steven Le Comber,Reviews.Editor,SPECIAL,,,,,UK,GBR
JZOOL,2012,286,1,664,D,,Dechmann,D Dechmann,Editorial.Board,SE,,,,,Germany,DEU
JZOOL,2012,286,1,55,Agnes,,Deuai,Agnes Deuai,Editorial.Board,SE,,,,,France,FRA
JZOOL,2012,286,1,2807,P,A,Fleming,P A Fleming,Editorial.Board,SE,Murdoch University,,,,Australia,AUS
JZOOL,2012,286,1,3553,Trent,,Garner,Trent Garner,Editorial.Board,SE,,,,,UK,GBR
JZOOL,2012,286,1,3686,Virginia,,Hayssen,Virginia Hayssen,Editor,AE,,,,,USA,USA
JZOOL,2012,286,1,103,A,,Herrel,A Herrel,Editorial.Board,SE,,,,,France,FRA
JZOOL,2012,286,1,3090,Russell,,Hill,Russell Hill,Editorial.Board,SE,,,,,UK,GBR
JZOOL,2012,286,1,3110,R,,Jenner,R Jenner,Editorial.Board,SE,,,,,UK,GBR
JZOOL,2012,286,1,3579,Tigga,,Kingston,Tigga Kingston,Editorial.Board,SE,,,,,USA,USA
JZOOL,2012,286,1,122,Andrew,,Kitchener,Andrew Kitchener,Editor,AE,,,,,UK,GBR
JZOOL,2012,286,1,3120,Rob,,Knell,Rob Knell,Editor,AE,,,,,UK,GBR
JZOOL,2012,286,1,3591,Tim,,Littlewood,Tim Littlewood,Editorial.Board,SE,,,,,UK,GBR
JZOOL,2012,286,1,1333,Heike,,Lutermann,Heike Lutermann,Section.Editor,SPECIAL,,,,,South Africa,ZAF
JZOOL,2012,286,1,1730,John,,Lynch,John Lynch,Editorial.Board,SE,,,,,USA,USA
JZOOL,2012,286,1,148,Alan,,McElligott,Alan McElligott,Editorial.Board,SE,,,,,UK,GBR
JZOOL,2012,286,1,328,Ben,,Moore,Ben Moore,Editorial.Board,SE,,,,,UK,GBR
JZOOL,2012,286,1,2879,Peter,KL,Ng,Peter KL Ng,Editorial.Board,SE,National University of Singapore,,,,Singapore,SGP
JZOOL,2012,286,1,2681,N,,Raihani,N Raihani,Editorial.Board,SE,,,,,UK,GBR
JZOOL,2012,286,1,2682,N,,Raine,N Raine,Editorial.Board,SE,,,,,UK,GBR
JZOOL,2012,286,1,2540,Mark-Oliver,,Rodel,Mark-Oliver Rodel,Editor,AE,,,,,Germany,DEU
JZOOL,2012,286,1,2550,Michael,,Scantlebury,Michael Scantlebury,Editorial.Board,SE,,,,,Northern Ireland,NA
JZOOL,2012,286,1,1930,Jean-Nicholas,,Volff,Jean-Nicholas Volff,Editor,AE,,,,,France,FRA
JZOOL,2012,286,1,1268,Gerhard,,VonDerEmde,Gerhard VonDerEmde,Editorial.Board,SE,,,,,Germany,DEU
JZOOL,2012,286,1,3934,Rob,,Williams,Rob Williams,Editorial.Board,SE,,,,,Canada,CAN
JZOOL,2012,286,1,2708,N,,Yamaguchi,N Yamaguchi,Editorial.Board,SE,,,,,Qatar,QAT
JZOOL,2012,286,1,1280,Gunther,,Zupanc,Gunther Zupanc,Editor,AE,,,,,USA,USA
JZOOL,2013,289,1,2763,P,,Bateman,P Bateman,Editorial.Board,SE,,,,,South Africa,ZAF
JZOOL,2013,289,1,2981,Robert,,Beason,Robert Beason,Editorial.Board,SE,,,,,USA,USA
JZOOL,2013,289,1,2627,Nigel,,Bennett,Nigel Bennett,EIC,EIC,,,,,South Africa,ZAF
JZOOL,2013,289,1,1466,J,,Bielby,J Bielby,Editorial.Board,SE,,,,,UK,GBR
JZOOL,2013,289,1,939,E,,Briefer,E Briefer,Editorial.Board,SE,,,,,Switzerland,CHE
JZOOL,2013,289,1,3304,Steven,Le,Comber,Steven Le Comber,Reviews.Editor,SPECIAL,,,,,UK,GBR
JZOOL,2013,289,1,664,D,,Dechmann,D Dechmann,Editorial.Board,SE,,,,,Germany,DEU
JZOOL,2013,289,1,55,Agnes,,Deuai,Agnes Deuai,Editorial.Board,SE,,,,,France,FRA
JZOOL,2013,289,1,2807,P,A,Fleming,P A Fleming,Editorial.Board,SE,Murdoch University,,,,Australia,AUS
JZOOL,2013,289,1,3553,Trent,,Garner,Trent Garner,Editorial.Board,SE,,,,,UK,GBR
JZOOL,2013,289,1,3686,Virginia,,Hayssen,Virginia Hayssen,Editor,AE,,,,,USA,USA
JZOOL,2013,289,1,103,A,,Herrel,A Herrel,Editorial.Board,SE,,,,,France,FRA
JZOOL,2013,289,1,3090,Russell,,Hill,Russell Hill,Editorial.Board,SE,,,,,UK,GBR
JZOOL,2013,289,1,3110,R,,Jenner,R Jenner,Editorial.Board,SE,,,,,UK,GBR
JZOOL,2013,289,1,3579,Tigga,,Kingston,Tigga Kingston,Editorial.Board,SE,,,,,USA,USA
JZOOL,2013,289,1,122,Andrew,,Kitchener,Andrew Kitchener,Editor,AE,,,,,UK,GBR
JZOOL,2013,289,1,3120,Rob,,Knell,Rob Knell,Editor,AE,,,,,UK,GBR
JZOOL,2013,289,1,3591,Tim,,Littlewood,Tim Littlewood,Editorial.Board,SE,,,,,UK,GBR
JZOOL,2013,289,1,1333,Heike,,Lutermann,Heike Lutermann,Section.Editor,SPECIAL,,,,,South Africa,ZAF
JZOOL,2013,289,1,1730,John,,Lynch,John Lynch,Editorial.Board,SE,,,,,USA,USA
JZOOL,2013,289,1,148,Alan,,McElligott,Alan McElligott,Editorial.Board,SE,,,,,UK,GBR
JZOOL,2013,289,1,328,Ben,,Moore,Ben Moore,Editorial.Board,SE,,,,,UK,GBR
JZOOL,2013,289,1,2879,Peter,KL,Ng,Peter KL Ng,Editorial.Board,SE,National University of Singapore,,,,Singapore,SGP
JZOOL,2013,289,1,2681,N,,Raihani,N Raihani,Editorial.Board,SE,,,,,UK,GBR
JZOOL,2013,289,1,2682,N,,Raine,N Raine,Editorial.Board,SE,,,,,UK,GBR
JZOOL,2013,289,1,2540,Mark-Oliver,,Rodel,Mark-Oliver Rodel,Editor,AE,,,,,Germany,DEU
JZOOL,2013,289,1,2550,Michael,,Scantlebury,Michael Scantlebury,Editorial.Board,SE,,,,,Northern Ireland,NA
JZOOL,2013,289,1,1930,Jean-Nicholas,,Volff,Jean-Nicholas Volff,Editor,AE,,,,,France,FRA
JZOOL,2013,289,1,1268,Gerhard,,VonDerEmde,Gerhard VonDerEmde,Editorial.Board,SE,,,,,Germany,DEU
JZOOL,2013,289,1,1941,Jane,,Waterman,Jane Waterman,Editor,AE,,,,,Canada,CAN
JZOOL,2013,289,1,3934,Rob,,Williams,Rob Williams,Editorial.Board,SE,,,,,Canada,CAN
JZOOL,2013,289,1,2708,N,,Yamaguchi,N Yamaguchi,Editorial.Board,SE,,,,,Qatar,QAT
JZOOL,2014,292,1,2763,P,,Bateman,P Bateman,Editorial.Board,SE,,,,,South Africa,ZAF
JZOOL,2014,292,1,2627,Nigel,,Bennett,Nigel Bennett,EIC,EIC,,,,,South Africa,ZAF
JZOOL,2014,292,1,1466,J,,Bielby,J Bielby,Editorial.Board,SE,,,,,UK,GBR
JZOOL,2014,292,1,939,E,,Briefer,E Briefer,Editorial.Board,SE,,,,,Switzerland,CHE
JZOOL,2014,292,1,3304,Steven,Le,Comber,Steven Le Comber,Reviews.Editor,SPECIAL,,,,,UK,GBR
JZOOL,2014,292,1,664,D,,Dechmann,D Dechmann,Editorial.Board,SE,,,,,Germany,DEU
JZOOL,2014,292,1,55,Agnes,,Deuai,Agnes Deuai,Editorial.Board,SE,,,,,France,FRA
JZOOL,2014,292,1,2807,P,A,Fleming,P A Fleming,Editorial.Board,SE,Murdoch University,,,,Australia,AUS
JZOOL,2014,292,1,3553,Trent,,Garner,Trent Garner,Editorial.Board,SE,,,,,UK,GBR
JZOOL,2014,292,1,103,A,,Herrel,A Herrel,Editorial.Board,SE,,,,,France,FRA
JZOOL,2014,292,1,3090,Russell,,Hill,Russell Hill,Editorial.Board,SE,,,,,UK,GBR
JZOOL,2014,292,1,3110,R,,Jenner,R Jenner,Editorial.Board,SE,,,,,UK,GBR
JZOOL,2014,292,1,3579,Tigga,,Kingston,Tigga Kingston,Editorial.Board,SE,,,,,USA,USA
JZOOL,2014,292,1,122,Andrew,,Kitchener,Andrew Kitchener,Editor,AE,,,,,UK,GBR
JZOOL,2014,292,1,3120,Rob,,Knell,Rob Knell,Editor,AE,,,,,UK,GBR
JZOOL,2014,292,1,3591,Tim,,Littlewood,Tim Littlewood,Editorial.Board,SE,,,,,UK,GBR
JZOOL,2014,292,1,1333,Heike,,Lutermann,Heike Lutermann,Section.Editor,SPECIAL,,,,,South Africa,ZAF
JZOOL,2014,292,1,1730,John,,Lynch,John Lynch,Editorial.Board,SE,,,,,USA,USA
JZOOL,2014,292,1,148,Alan,,McElligott,Alan McElligott,Editorial.Board,SE,,,,,UK,GBR
JZOOL,2014,292,1,328,Ben,,Moore,Ben Moore,Editorial.Board,SE,,,,,UK,GBR
JZOOL,2014,292,1,2879,Peter,KL,Ng,Peter KL Ng,Editorial.Board,SE,National University of Singapore,,,,Singapore,SGP
JZOOL,2014,292,1,2681,N,,Raihani,N Raihani,Editorial.Board,SE,,,,,UK,GBR
JZOOL,2014,292,1,2682,N,,Raine,N Raine,Editorial.Board,SE,,,,,UK,GBR
JZOOL,2014,292,1,2540,Mark-Oliver,,Rodel,Mark-Oliver Rodel,Editor,AE,,,,,Germany,DEU
JZOOL,2014,292,1,2550,Michael,,Scantlebury,Michael Scantlebury,Editorial.Board,SE,,,,,Northern Ireland,NA
JZOOL,2014,292,1,1930,Jean-Nicholas,,Volff,Jean-Nicholas Volff,Editor,AE,,,,,France,FRA
JZOOL,2014,292,1,1268,Gerhard,,VonDerEmde,Gerhard VonDerEmde,Editorial.Board,SE,,,,,Germany,DEU
JZOOL,2014,292,1,1941,Jane,,Waterman,Jane Waterman,Editor,AE,,,,,Canada,CAN
JZOOL,2014,292,1,3934,Rob,,Williams,Rob Williams,Editorial.Board,SE,,,,,Canada,CAN
JZOOL,2014,292,1,2708,N,,Yamaguchi,N Yamaguchi,Editorial.Board,SE,,,,,Qatar,QAT