JOURNAL,YEAR,VOLUME,ISSUE,editor_id,FIRST_NAME,MIDDLE_NAME,LAST_NAME,NAME,TITLE.x,CATEGORY,INST,UNIT,CITY,STATE,COUNTRY,geo.code
NAJFM,1981,1,1,3674,Vaughn,C,Anothony,Vaughn C Anothony,AE,SE,,,,,USA,USA
NAJFM,1981,1,1,1978,Kirt,T,Beiningen,Kirt T Beiningen,AE,SE,,,,,USA,USA
NAJFM,1981,1,1,949,Edwin,L,Cooper,Edwin L Cooper,AE,SE,,,,,USA,USA
NAJFM,1981,1,1,2645,Ned,E,Fogle,Ned E Fogle,AE,SE,,,,,USA,USA
NAJFM,1981,1,1,469,Calvin,L,Groen,Calvin L Groen,AE,SE,,,,,USA,USA
NAJFM,1981,1,1,3080,Robert,C,Haase,Robert C Haase,AE,SE,,,,,USA,USA
NAJFM,1981,1,1,1645,Janice,S,Hughes,Janice S Hughes,AE,SE,,,,,USA,USA
NAJFM,1981,1,1,1325,H,A,Larkins,H A Larkins,AE,SE,,,,,USA,USA
NAJFM,1981,1,1,2506,Mercer,H,Patriarche,Mercer H Patriarche,E,EIC,,,,,USA,USA
NAJFM,1981,1,1,2227,Lee,C,Redmond,Lee C Redmond,AE,SE,,,,,USA,USA
NAJFM,1981,1,1,3250,Robert,W,Wiley,Robert W Wiley,AE,SE,,,,,USA,USA
NAJFM,1982,2,1,3674,Vaughn,C,Anothony,Vaughn C Anothony,AE,SE,,,,,USA,USA
NAJFM,1982,2,1,1978,Kirt,T,Beiningen,Kirt T Beiningen,AE,SE,,,,,USA,USA
NAJFM,1982,2,1,949,Edwin,L,Cooper,Edwin L Cooper,AE,SE,,,,,USA,USA
NAJFM,1982,2,1,2645,Ned,E,Fogle,Ned E Fogle,AE,SE,,,,,USA,USA
NAJFM,1982,2,1,469,Calvin,L,Groen,Calvin L Groen,AE,SE,,,,,USA,USA
NAJFM,1982,2,1,3080,Robert,C,Haase,Robert C Haase,AE,SE,,,,,USA,USA
NAJFM,1982,2,1,1325,H,A,Larkins,H A Larkins,AE,SE,,,,,USA,USA
NAJFM,1982,2,1,2506,Mercer,H,Patriarche,Mercer H Patriarche,E,EIC,,,,,USA,USA
NAJFM,1982,2,1,1018,Eric,D,Prince,Eric D Prince,AE,SE,,,,,USA,USA
NAJFM,1982,2,1,2227,Lee,C,Redmond,Lee C Redmond,AE,SE,,,,,USA,USA
NAJFM,1982,2,1,3250,Robert,W,Wiley,Robert W Wiley,AE,SE,,,,,USA,USA
NAJFM,1983,3,1,2982,Ronald,J,Berg,Ronald J Berg,AE,SE,,,,,USA,USA
NAJFM,1983,3,1,3109,Robert,M,Jenkins,Robert M Jenkins,AE,SE,,,,,USA,USA
NAJFM,1983,3,1,2506,Mercer,H,Patriarche,Mercer H Patriarche,E,EIC,,,,,USA,USA
NAJFM,1983,3,1,3780,William,A,Pierce,William A Pierce,AE,SE,,,,,USA,USA
NAJFM,1983,3,1,1016,E,P,Pister,E P Pister,AE,SE,,,,,USA,USA
NAJFM,1983,3,1,1018,Eric,D,Prince,Eric D Prince,AE,SE,,,,,USA,USA
NAJFM,1983,3,1,2227,Lee,C,Redmond,Lee C Redmond,AE,SE,,,,,USA,USA
NAJFM,1983,3,1,3451,Stephen,G,Rideout,Stephen G Rideout,AE,SE,,,,,USA,USA
NAJFM,1983,3,1,1858,James,C,Schneider,James C Schneider,AE,SE,,,,,USA,USA
NAJFM,1983,3,1,3469,Steven,L,Serns,Steven L Serns,AE,SE,,,,,USA,USA
NAJFM,1983,3,1,1877,J,Gary,Smith,J Gary Smith,AE,SE,,,,,USA,USA
NAJFM,1983,3,1,1915,James,R,Triplett,James R Triplett,AE,SE,,,,,USA,USA
NAJFM,1983,3,1,3250,Robert,W,Wiley,Robert W Wiley,AE,SE,,,,,USA,USA
NAJFM,1983,3,1,1959,J,Larry,Wilson,J Larry Wilson,AE,SE,,,,,USA,USA
NAJFM,1984,4,1,2982,Ronald,J,Berg,Ronald J Berg,AE,SE,,,,,USA,USA
NAJFM,1984,4,1,64,Allen,A,Elser,Allen A Elser,AE,SE,,,,,USA,USA
NAJFM,1984,4,1,3742,Wendy,L,Gabriel,Wendy L Gabriel,AE,SE,,,,,USA,USA
NAJFM,1984,4,1,2506,Mercer,H,Patriarche,Mercer H Patriarche,E,EIC,,,,,USA,USA
NAJFM,1984,4,1,3780,William,A,Pierce,William A Pierce,AE,SE,,,,,USA,USA
NAJFM,1984,4,1,1016,E,P,Pister,E P Pister,AE,SE,,,,,USA,USA
NAJFM,1984,4,1,1018,Eric,D,Prince,Eric D Prince,AE,SE,,,,,USA,USA
NAJFM,1984,4,1,3451,Stephen,G,Rideout,Stephen G Rideout,AE,SE,,,,,USA,USA
NAJFM,1984,4,1,1858,James,C,Schneider,James C Schneider,AE,SE,,,,,USA,USA
NAJFM,1984,4,1,3469,Steven,L,Serns,Steven L Serns,AE,SE,,,,,USA,USA
NAJFM,1984,4,1,1877,J,Gary,Smith,J Gary Smith,AE,SE,,,,,USA,USA
NAJFM,1984,4,1,1915,James,R,Triplett,James R Triplett,AE,SE,,,,,USA,USA
NAJFM,1984,4,1,917,David,K,Whitehurst,David K Whitehurst,AE,SE,,,,,USA,USA
NAJFM,1984,4,1,1959,J,Larry,Wilson,J Larry Wilson,AE,SE,,,,,USA,USA
NAJFM,1985,5,1,613,Dean,E,Arnold,Dean E Arnold,AE,SE,,,,,USA,USA
NAJFM,1985,5,1,393,C,Dale,Becker,C Dale Becker,AE,SE,,,,,USA,USA
NAJFM,1985,5,1,396,Charles,R,Berry,Charles R Berry,AE,SE,,,,,USA,USA
NAJFM,1985,5,1,414,Charles,W,Caillouet,Charles W Caillouet,AE,SE,,,,,USA,USA
NAJFM,1985,5,1,1514,James,P,Clugston,James P Clugston,AE,SE,,,,,USA,USA
NAJFM,1985,5,1,45,Almo,J,Cordone,Almo J Cordone,AE,SE,,,,,USA,USA
NAJFM,1985,5,1,64,Allen,A,Elser,Allen A Elser,AE,SE,,,,,USA,USA
NAJFM,1985,5,1,3742,Wendy,L,Gabriel,Wendy L Gabriel,AE,SE,,,,,USA,USA
NAJFM,1985,5,1,1599,Jay,JC,Ginter,Jay JC Ginter,AE,SE,,,,,USA,USA
NAJFM,1985,5,1,3606,Timothy,C,Modde,Timothy C Modde,AE,SE,,,,,USA,USA
NAJFM,1985,5,1,3414,Stephen,J,Nepszy,Stephen J Nepszy,AE,SE,,,,,Canada,CAN
NAJFM,1985,5,1,2506,Mercer,H,Patriarche,Mercer H Patriarche,E,EIC,,,,,USA,USA
NAJFM,1985,5,1,3795,William,,Seaman,William Seaman,AE,SE,,,,,USA,USA
NAJFM,1985,5,1,3469,Steven,L,Serns,Steven L Serns,AE,SE,,,,,USA,USA
NAJFM,1985,5,1,3796,William,L,Shelton,William L Shelton,AE,SE,,,,,USA,USA
NAJFM,1985,5,1,917,David,K,Whitehurst,David K Whitehurst,AE,SE,,,,,USA,USA
NAJFM,1986,6,1,613,Dean,E,Arnold,Dean E Arnold,AE,SE,,,,,USA,USA
NAJFM,1986,6,1,393,C,Dale,Becker,C Dale Becker,AE,SE,,,,,USA,USA
NAJFM,1986,6,1,396,Charles,R,Berry,Charles R Berry,AE,SE,,,,,USA,USA
NAJFM,1986,6,1,414,Charles,W,Caillouet,Charles W Caillouet,AE,SE,,,,,USA,USA
NAJFM,1986,6,1,1514,James,P,Clugston,James P Clugston,AE,SE,,,,,USA,USA
NAJFM,1986,6,1,45,Almo,J,Cordone,Almo J Cordone,AE,SE,,,,,USA,USA
NAJFM,1986,6,1,1599,Jay,JC,Ginter,Jay JC Ginter,AE,SE,,,,,USA,USA
NAJFM,1986,6,1,1074,Frank,,Grice,Frank Grice,AE,SE,,,,,USA,USA
NAJFM,1986,6,1,3606,Timothy,C,Modde,Timothy C Modde,AE,SE,,,,,USA,USA
NAJFM,1986,6,1,3414,Stephen,J,Nepszy,Stephen J Nepszy,AE,SE,,,,,Canada,CAN
NAJFM,1986,6,1,3693,Vaughn,L,Paragamian,Vaughn L Paragamian,AE,SE,,,,,USA,USA
NAJFM,1986,6,1,2506,Mercer,H,Patriarche,Mercer H Patriarche,E,EIC,,,,,USA,USA
NAJFM,1986,6,1,2077,Kenneth,J,Roberts,Kenneth J Roberts,AE,SE,,,,,USA,USA
NAJFM,1986,6,1,3795,William,,Seaman,William Seaman,AE,SE,,,,,USA,USA
NAJFM,1986,6,1,1131,Fredric,M,Serchuck,Fredric M Serchuck,AE,SE,,,,,USA,USA
NAJFM,1986,6,1,3796,William,L,Shelton,William L Shelton,AE,SE,,,,,USA,USA
NAJFM,1986,6,1,917,David,K,Whitehurst,David K Whitehurst,AE,SE,,,,,USA,USA
NAJFM,1987,7,1,396,Charles,R,Berry,Charles R Berry,AE,SE,,,,,USA,USA
NAJFM,1987,7,1,3012,Robert,F,Carline,Robert F Carline,E,EIC,,,,,USA,USA
NAJFM,1987,7,1,1546,Joseph,G,Dillard,Joseph G Dillard,AE,SE,,,,,USA,USA
NAJFM,1987,7,1,675,Donald,A,Duff,Donald A Duff,AE,SE,,,,,USA,USA
NAJFM,1987,7,1,85,Albert,E,Giorgi,Albert E Giorgi,AE,SE,,,,,USA,USA
NAJFM,1987,7,1,3340,Steven,P,Gloss,Steven P Gloss,AE,SE,,,,,USA,USA
NAJFM,1987,7,1,1074,Frank,,Grice,Frank Grice,AE,SE,,,,,USA,USA
NAJFM,1987,7,1,3559,Terry,A,Haines,Terry A Haines,AE,SE,,,,,USA,USA
NAJFM,1987,7,1,1195,Gordon,N,Haugen,Gordon N Haugen,AE,SE,,,,,Canada,CAN
NAJFM,1987,7,1,509,Charles,R,Liston,Charles R Liston,AE,SE,,,,,USA,USA
NAJFM,1987,7,1,1752,John,D,McIntyre,John D McIntyre,AE,SE,,,,,USA,USA
NAJFM,1987,7,1,3693,Vaughn,L,Paragamian,Vaughn L Paragamian,AE,SE,,,,,USA,USA
NAJFM,1987,7,1,2077,Kenneth,J,Roberts,Kenneth J Roberts,AE,SE,,,,,USA,USA
NAJFM,1987,7,1,1358,Harold,L,Schramm,Harold L Schramm,AE,SE,,,,,USA,USA
NAJFM,1987,7,1,1131,Fredric,M,Serchuck,Fredric M Serchuck,AE,SE,,,,,USA,USA
NAJFM,1988,8,1,3012,Robert,F,Carline,Robert F Carline,E,EIC,,,,,USA,USA
NAJFM,1988,8,1,3019,Richard,D,Clark,Richard D Clark,AE,SE,,,,,USA,USA
NAJFM,1988,8,1,1546,Joseph,G,Dillard,Joseph G Dillard,AE,SE,,,,,USA,USA
NAJFM,1988,8,1,70,Anthony,J,Fedler,Anthony J Fedler,AE,SE,,,,,USA,USA
NAJFM,1988,8,1,3340,Steven,P,Gloss,Steven P Gloss,AE,SE,,,,,USA,USA
NAJFM,1988,8,1,286,Bernard,L,Griswold,Bernard L Griswold,AE,SE,,,,,USA,USA
NAJFM,1988,8,1,3559,Terry,A,Haines,Terry A Haines,AE,SE,,,,,USA,USA
NAJFM,1988,8,1,1195,Gordon,N,Haugen,Gordon N Haugen,AE,SE,,,,,Canada,CAN
NAJFM,1988,8,1,509,Charles,R,Liston,Charles R Liston,AE,SE,,,,,USA,USA
NAJFM,1988,8,1,1752,John,D,McIntyre,John D McIntyre,AE,SE,,,,,USA,USA
NAJFM,1988,8,1,2209,Larry,R,Mitzner,Larry R Mitzner,AE,SE,,,,,USA,USA
NAJFM,1988,8,1,2077,Kenneth,J,Roberts,Kenneth J Roberts,AE,SE,,,,,USA,USA
NAJFM,1988,8,1,1358,Harold,L,Schramm,Harold L Schramm,AE,SE,,,,,USA,USA
NAJFM,1988,8,1,1131,Fredric,M,Serchuck,Fredric M Serchuck,AE,SE,,,,,USA,USA
NAJFM,1988,8,1,3810,Warren,E,Stuntz,Warren E Stuntz,AE,SE,,,,,USA,USA
NAJFM,1988,8,1,218,Albert,V,Tyler,Albert V Tyler,AE,SE,,,,,USA,USA
NAJFM,1988,8,1,2585,Michael,J,VanDenAvyle,Michael J VanDenAvyle,AE,SE,,,,,USA,USA
NAJFM,1989,9,1,1438,James,J,Anderson,James J Anderson,AE,SE,,,,,USA,USA
NAJFM,1989,9,1,933,Eric,P,Bergersen,Eric P Bergersen,AE,SE,,,,,USA,USA
NAJFM,1989,9,1,3718,W,Raymond,Bowering,W Raymond Bowering,AE,SE,,,,,Canada,CAN
NAJFM,1989,9,1,3724,William,J,Christie,William J Christie,AE,SE,,,,,USA,USA
NAJFM,1989,9,1,3019,Richard,D,Clark,Richard D Clark,AE,SE,,,,,USA,USA
NAJFM,1989,9,1,70,Anthony,J,Fedler,Anthony J Fedler,AE,SE,,,,,USA,USA
NAJFM,1989,9,1,3340,Steven,P,Gloss,Steven P Gloss,AE,SE,,,,,USA,USA
NAJFM,1989,9,1,286,Bernard,L,Griswold,Bernard L Griswold,AE,SE,,,,,USA,USA
NAJFM,1989,9,1,3344,Steven,J,Gutreuter,Steven J Gutreuter,AE,SE,,,,,USA,USA
NAJFM,1989,9,1,3559,Terry,A,Haines,Terry A Haines,AE,SE,,,,,USA,USA
NAJFM,1989,9,1,2177,Leroy,J,Hushak,Leroy J Hushak,AE,SE,,,,,USA,USA
NAJFM,1989,9,1,740,Douglas,B,Jester,Douglas B Jester,E,EIC,,,,,USA,USA
NAJFM,1989,9,1,2209,Larry,R,Mitzner,Larry R Mitzner,AE,SE,,,,,USA,USA
NAJFM,1989,9,1,1358,Harold,L,Schramm,Harold L Schramm,AE,SE,,,,,USA,USA
NAJFM,1989,9,1,3810,Warren,E,Stuntz,Warren E Stuntz,AE,SE,,,,,USA,USA
NAJFM,1989,9,1,218,Albert,V,Tyler,Albert V Tyler,AE,SE,,,,,USA,USA
NAJFM,1989,9,1,2585,Michael,J,VanDenAvyle,Michael J VanDenAvyle,AE,SE,,,,,USA,USA
NAJFM,1990,10,1,2779,Phyllis,H,Cahn,Phyllis H Cahn,E,EIC,,,,,USA,USA
NAJFM,1990,10,1,3724,William,J,Christie,William J Christie,AE,SE,,,,,USA,USA
NAJFM,1990,10,1,70,Anthony,J,Fedler,Anthony J Fedler,AE,SE,,,,,USA,USA
NAJFM,1990,10,1,3344,Steven,J,Gutreuter,Steven J Gutreuter,AE,SE,,,,,USA,USA
NAJFM,1990,10,1,3559,Terry,A,Haines,Terry A Haines,AE,SE,,,,,USA,USA
NAJFM,1990,10,1,3086,Richard,W,Hatch,Richard W Hatch,AE,SE,,,,,USA,USA
NAJFM,1990,10,1,2405,Michael,J,Healey,Michael J Healey,AE,SE,,,,,Canada,CAN
NAJFM,1990,10,1,1639,John,M,Hoenig,John M Hoenig,AE,SE,,,,,USA,USA
NAJFM,1990,10,1,2177,Leroy,J,Hushak,Leroy J Hushak,AE,SE,,,,,USA,USA
NAJFM,1990,10,1,1731,John,,Lyons,John Lyons,AE,SE,,,,,USA,USA
NAJFM,1990,10,1,1760,John,V,Merriner,John V Merriner,AE,SE,,,,,USA,USA
NAJFM,1990,10,1,2208,L,Esteban,Miranda,L Esteban Miranda,AE,SE,,,,,USA,USA
NAJFM,1990,10,1,3613,Thomas,P,Nesler,Thomas P Nesler,AE,SE,,,,,USA,USA
NAJFM,1990,10,1,810,Donald,J,Orth,Donald J Orth,AE,SE,,,,,USA,USA
NAJFM,1990,10,1,1015,Ellen,K,Pikitch,Ellen K Pikitch,AE,SE,,,,,USA,USA
NAJFM,1990,10,1,1814,Jeffrey,J,Polovina,Jeffrey J Polovina,AE,SE,,,,,USA,USA
NAJFM,1990,10,1,3695,Victor,R,Restrepo,Victor R Restrepo,AE,SE,,,,,USA,USA
NAJFM,1990,10,1,1832,James,A,Rice,James A Rice,AE,SE,,,,,USA,USA
NAJFM,1990,10,1,1858,James,C,Schneider,James C Schneider,AE,SE,,,,,USA,USA
NAJFM,1990,10,1,3796,William,L,Shelton,William L Shelton,E,EIC,,,,,USA,USA
NAJFM,1990,10,1,3250,Robert,W,Wiley,Robert W Wiley,AE,SE,,,,,USA,USA
NAJFM,1990,10,1,597,Charles,A,Wilson,Charles A Wilson,AE,SE,,,,,USA,USA
NAJFM,1991,11,1,2779,Phyllis,H,Cahn,Phyllis H Cahn,E,EIC,,,,,USA,USA
NAJFM,1991,11,1,3086,Richard,W,Hatch,Richard W Hatch,AE,SE,,,,,USA,USA
NAJFM,1991,11,1,2405,Michael,J,Healey,Michael J Healey,AE,SE,,,,,Canada,CAN
NAJFM,1991,11,1,1639,John,M,Hoenig,John M Hoenig,AE,SE,,,,,USA,USA
NAJFM,1991,11,1,3131,Robb,,Leary,Robb Leary,AE,SE,,,,,USA,USA
NAJFM,1991,11,1,1731,John,,Lyons,John Lyons,AE,SE,,,,,USA,USA
NAJFM,1991,11,1,1760,John,V,Merriner,John V Merriner,AE,SE,,,,,USA,USA
NAJFM,1991,11,1,2208,L,Esteban,Miranda,L Esteban Miranda,AE,SE,,,,,USA,USA
NAJFM,1991,11,1,3166,Robert,M,Muth,Robert M Muth,AE,SE,,,,,USA,USA
NAJFM,1991,11,1,3613,Thomas,P,Nesler,Thomas P Nesler,AE,SE,,,,,USA,USA
NAJFM,1991,11,1,810,Donald,J,Orth,Donald J Orth,AE,SE,,,,,USA,USA
NAJFM,1991,11,1,1015,Ellen,K,Pikitch,Ellen K Pikitch,AE,SE,,,,,USA,USA
NAJFM,1991,11,1,1814,Jeffrey,J,Polovina,Jeffrey J Polovina,AE,SE,,,,,USA,USA
NAJFM,1991,11,1,3695,Victor,R,Restrepo,Victor R Restrepo,AE,SE,,,,,USA,USA
NAJFM,1991,11,1,1832,James,A,Rice,James A Rice,AE,SE,,,,,USA,USA
NAJFM,1991,11,1,1858,James,C,Schneider,James C Schneider,AE,SE,,,,,USA,USA
NAJFM,1991,11,1,3796,William,L,Shelton,William L Shelton,E,EIC,,,,,USA,USA
NAJFM,1991,11,1,3644,Ted,W,Storck,Ted W Storck,AE,SE,,,,,USA,USA
NAJFM,1991,11,1,3250,Robert,W,Wiley,Robert W Wiley,AE,SE,,,,,USA,USA
NAJFM,1991,11,1,597,Charles,A,Wilson,Charles A Wilson,AE,SE,,,,,USA,USA
NAJFM,1991,11,1,1960,Jimmy,D,Winter,Jimmy D Winter,AE,SE,,,,,USA,USA
NAJFM,1991,11,1,238,Alexander,V,Zale,Alexander V Zale,AE,SE,,,,,USA,USA
NAJFM,1992,12,1,2980,Ray,,Beamesderfer,Ray Beamesderfer,AE,SE,,,,,USA,USA
NAJFM,1992,12,1,2768,Phillip,W,Bettoli,Phillip W Bettoli,AE,SE,,,,,USA,USA
NAJFM,1992,12,1,2300,Mark,S,Bevelhimer,Mark S Bevelhimer,AE,SE,,,,,USA,USA
NAJFM,1992,12,1,2131,Louis,W,Botsford,Louis W Botsford,AE,SE,,,,,USA,USA
NAJFM,1992,12,1,250,Bradford,E,Brown,Bradford E Brown,AE,SE,,,,,USA,USA
NAJFM,1992,12,1,410,C,Frederick,Bryan,C Frederick Bryan,AE,SE,,,,,USA,USA
NAJFM,1992,12,1,2779,Phyllis,H,Cahn,Phyllis H Cahn,E,EIC,,,,,USA,USA
NAJFM,1992,12,1,653,Daniel,W,Coble,Daniel W Coble,AE,SE,,,,,USA,USA
NAJFM,1992,12,1,667,Dennis,,DeVries,Dennis DeVries,AE,SE,,,,,USA,USA
NAJFM,1992,12,1,698,Donald,W,Gabelhouse,Donald W Gabelhouse,AE,SE,,,,,USA,USA
NAJFM,1992,12,1,3131,Robb,,Leary,Robb Leary,AE,SE,,,,,USA,USA
NAJFM,1992,12,1,324,Bernard,,Megrey,Bernard Megrey,AE,SE,,,,,USA,USA
NAJFM,1992,12,1,2208,L,Esteban,Miranda,L Esteban Miranda,E,EIC,,,,,USA,USA
NAJFM,1992,12,1,532,Christine,M,Moffitt,Christine M Moffitt,AE,SE,,,,,USA,USA
NAJFM,1992,12,1,3166,Robert,M,Muth,Robert M Muth,AE,SE,,,,,USA,USA
NAJFM,1992,12,1,1804,John,B,Pearce,John B Pearce,AE,SE,,,,,USA,USA
NAJFM,1992,12,1,1837,John,N,Rinne,John N Rinne,AE,SE,,,,,USA,USA
NAJFM,1992,12,1,865,Dennis,H,Schupp,Dennis H Schupp,AE,SE,,,,,USA,USA
NAJFM,1992,12,1,1868,John,W,Sigler,John W Sigler,AE,SE,,,,,USA,USA
NAJFM,1992,12,1,3644,Ted,W,Storck,Ted W Storck,AE,SE,,,,,USA,USA
NAJFM,1992,12,1,1960,Jimmy,D,Winter,Jimmy D Winter,AE,SE,,,,,USA,USA
NAJFM,1992,12,1,238,Alexander,V,Zale,Alexander V Zale,AE,SE,,,,,USA,USA
NAJFM,1993,13,1,2756,Paul,L,Angermeier,Paul L Angermeier,AE,SE,,,,,USA,USA
NAJFM,1993,13,1,614,Douglas,J,Austen,Douglas J Austen,AE,SE,,,,,USA,USA
NAJFM,1993,13,1,2980,Ray,,Beamesderfer,Ray Beamesderfer,AE,SE,,,,,USA,USA
NAJFM,1993,13,1,1459,James,R,Bence,James R Bence,AE,SE,,,,,USA,USA
NAJFM,1993,13,1,2768,Phillip,W,Bettoli,Phillip W Bettoli,AE,SE,,,,,USA,USA
NAJFM,1993,13,1,2300,Mark,S,Bevelhimer,Mark S Bevelhimer,AE,SE,,,,,USA,USA
NAJFM,1993,13,1,1477,Jeff,C,Boxrucker,Jeff C Boxrucker,AE,SE,,,,,USA,USA
NAJFM,1993,13,1,250,Bradford,E,Brown,Bradford E Brown,AE,SE,,,,,USA,USA
NAJFM,1993,13,1,410,C,Frederick,Bryan,C Frederick Bryan,AE,SE,,,,,USA,USA
NAJFM,1993,13,1,2779,Phyllis,H,Cahn,Phyllis H Cahn,E,EIC,,,,,USA,USA
NAJFM,1993,13,1,653,Daniel,W,Coble,Daniel W Coble,AE,SE,,,,,USA,USA
NAJFM,1993,13,1,3680,Verdel,K,Dawson,Verdel K Dawson,AE,SE,,,,,USA,USA
NAJFM,1993,13,1,667,Dennis,,DeVries,Dennis DeVries,AE,SE,,,,,USA,USA
NAJFM,1993,13,1,698,Donald,W,Gabelhouse,Donald W Gabelhouse,AE,SE,,,,,USA,USA
NAJFM,1993,13,1,1741,J,Ellen,Marsden,J Ellen Marsden,AE,SE,,,,,USA,USA
NAJFM,1993,13,1,319,Bonnie,J,McCay,Bonnie J McCay,AE,SE,,,,,USA,USA
NAJFM,1993,13,1,324,Bernard,,Megrey,Bernard Megrey,AE,SE,,,,,USA,USA
NAJFM,1993,13,1,2208,L,Esteban,Miranda,L Esteban Miranda,E,EIC,,,,,USA,USA
NAJFM,1993,13,1,532,Christine,M,Moffitt,Christine M Moffitt,AE,SE,,,,,USA,USA
NAJFM,1993,13,1,1804,John,B,Pearce,John B Pearce,AE,SE,,,,,USA,USA
NAJFM,1993,13,1,3623,Thomas,H,Poe,Thomas H Poe,AE,SE,,,,,USA,USA
NAJFM,1993,13,1,2523,Michael,H,Prager,Michael H Prager,AE,SE,,,,,USA,USA
NAJFM,1993,13,1,1837,John,N,Rinne,John N Rinne,AE,SE,,,,,USA,USA
NAJFM,1993,13,1,1868,John,W,Sigler,John W Sigler,AE,SE,,,,,USA,USA
NAJFM,1993,13,1,1933,John,,Waldman,John Waldman,AE,SE,,,,,USA,USA
NAJFM,1994,14,1,2756,Paul,L,Angermeier,Paul L Angermeier,AE,SE,,,,,USA,USA
NAJFM,1994,14,1,614,Douglas,J,Austen,Douglas J Austen,AE,SE,,,,,USA,USA
NAJFM,1994,14,1,1459,James,R,Bence,James R Bence,AE,SE,,,,,USA,USA
NAJFM,1994,14,1,2768,Phillip,W,Bettoli,Phillip W Bettoli,AE,SE,,,,,USA,USA
NAJFM,1994,14,1,1477,Jeff,C,Boxrucker,Jeff C Boxrucker,AE,SE,,,,,USA,USA
NAJFM,1994,14,1,2779,Phyllis,H,Cahn,Phyllis H Cahn,E,EIC,,,,,USA,USA
NAJFM,1994,14,1,653,Daniel,W,Coble,Daniel W Coble,AE,SE,,,,,USA,USA
NAJFM,1994,14,1,3680,Verdel,K,Dawson,Verdel K Dawson,AE,SE,,,,,USA,USA
NAJFM,1994,14,1,667,Dennis,,DeVries,Dennis DeVries,AE,SE,,,,,USA,USA
NAJFM,1994,14,1,719,Daniel,,Hayes,Daniel Hayes,AE,SE,,,,,USA,USA
NAJFM,1994,14,1,3358,Steven,W,Hewett,Steven W Hewett,AE,SE,,,,,USA,USA
NAJFM,1994,14,1,3565,Tracy,W,Hillman,Tracy W Hillman,AE,SE,,,,,USA,USA
NAJFM,1994,14,1,1207,Gene,R,Huntsman,Gene R Huntsman,AE,SE,,,,,USA,USA
NAJFM,1994,14,1,1741,J,Ellen,Marsden,J Ellen Marsden,AE,SE,,,,,USA,USA
NAJFM,1994,14,1,2729,O,Eugene,Maughan,O Eugene Maughan,AE,SE,,,,,USA,USA
NAJFM,1994,14,1,319,Bonnie,J,McCay,Bonnie J McCay,AE,SE,,,,,USA,USA
NAJFM,1994,14,1,3600,Thomas,S,McComish,Thomas S McComish,AE,SE,,,,,USA,USA
NAJFM,1994,14,1,2208,L,Esteban,Miranda,L Esteban Miranda,E,EIC,,,,,USA,USA
NAJFM,1994,14,1,1235,Gordon,,Mueller,Gordon Mueller,AE,SE,,,,,USA,USA
NAJFM,1994,14,1,3623,Thomas,H,Poe,Thomas H Poe,AE,SE,,,,,USA,USA
NAJFM,1994,14,1,2523,Michael,H,Prager,Michael H Prager,AE,SE,,,,,USA,USA
NAJFM,1994,14,1,344,Bruce,E,Rieman,Bruce E Rieman,AE,SE,,,,,USA,USA
NAJFM,1994,14,1,853,David,B,Sampson,David B Sampson,AE,SE,,,,,USA,USA
NAJFM,1994,14,1,1933,John,,Waldman,John Waldman,AE,SE,,,,,USA,USA
NAJFM,1995,15,1,624,David,H,Bennett,David H Bennett,AE,SE,,,,,USA,USA
NAJFM,1995,15,1,1287,H,Lee,Blankenship,H Lee Blankenship,AE,SE,,,,,USA,USA
NAJFM,1995,15,1,1477,Jeff,C,Boxrucker,Jeff C Boxrucker,AE,SE,,,,,USA,USA
NAJFM,1995,15,1,2779,Phyllis,H,Cahn,Phyllis H Cahn,E,EIC,,,,,USA,USA
NAJFM,1995,15,1,1559,Joseph,H,Elrod,Joseph H Elrod,AE,SE,,,,,USA,USA
NAJFM,1995,15,1,719,Daniel,,Hayes,Daniel Hayes,AE,SE,,,,,USA,USA
NAJFM,1995,15,1,3358,Steven,W,Hewett,Steven W Hewett,AE,SE,,,,,USA,USA
NAJFM,1995,15,1,3565,Tracy,W,Hillman,Tracy W Hillman,AE,SE,,,,,USA,USA
NAJFM,1995,15,1,2415,Michael,D,Hudgins,Michael D Hudgins,AE,SE,,,,,USA,USA
NAJFM,1995,15,1,1207,Gene,R,Huntsman,Gene R Huntsman,AE,SE,,,,,USA,USA
NAJFM,1995,15,1,1650,J,Jeffery,Isely,J Jeffery Isely,AE,SE,,,,,USA,USA
NAJFM,1995,15,1,2179,Lawrence,D,Jacobson,Lawrence D Jacobson,AE,SE,,,,,USA,USA
NAJFM,1995,15,1,488,Cecil,A,Jennings,Cecil A Jennings,AE,SE,,,,,USA,USA
NAJFM,1995,15,1,298,Barry,L,Johnson,Barry L Johnson,AE,SE,,,,,USA,USA
NAJFM,1995,15,1,303,Barbara,A,Knuth,Barbara A Knuth,AE,SE,,,,,USA,USA
NAJFM,1995,15,1,2729,O,Eugene,Maughan,O Eugene Maughan,AE,SE,,,,,USA,USA
NAJFM,1995,15,1,3600,Thomas,S,McComish,Thomas S McComish,AE,SE,,,,,USA,USA
NAJFM,1995,15,1,1771,Jeffrey,G,Miner,Jeffrey G Miner,AE,SE,,,,,USA,USA
NAJFM,1995,15,1,2208,L,Esteban,Miranda,L Esteban Miranda,E,EIC,,,,,USA,USA
NAJFM,1995,15,1,1235,Gordon,,Mueller,Gordon Mueller,AE,SE,,,,,USA,USA
NAJFM,1995,15,1,1805,James,W,Peck,James W Peck,AE,SE,,,,,USA,USA
NAJFM,1995,15,1,344,Bruce,E,Rieman,Bruce E Rieman,AE,SE,,,,,USA,USA
NAJFM,1995,15,1,853,David,B,Sampson,David B Sampson,AE,SE,,,,,USA,USA
NAJFM,1995,15,1,866,David,H,Secor,David H Secor,AE,SE,,,,,USA,USA
NAJFM,1995,15,1,2241,Lisa,W,Seeb,Lisa W Seeb,AE,SE,,,,,USA,USA
NAJFM,1995,15,1,3226,Robert,J,Steedman,Robert J Steedman,AE,SE,,,,,Canada,CAN
NAJFM,1996,16,1,8,Andrew,J,Applegate,Andrew J Applegate,AE,SE,,,,,USA,USA
NAJFM,1996,16,1,619,David,A,Beauchamp,David A Beauchamp,AE,SE,,,,,USA,USA
NAJFM,1996,16,1,624,David,H,Bennett,David H Bennett,AE,SE,,,,,USA,USA
NAJFM,1996,16,1,1287,H,Lee,Blankenship,H Lee Blankenship,AE,SE,,,,,USA,USA
NAJFM,1996,16,1,1559,Joseph,H,Elrod,Joseph H Elrod,AE,SE,,,,,USA,USA
NAJFM,1996,16,1,3557,Timothy,J,Goeman,Timothy J Goeman,AE,SE,,,,,USA,USA
NAJFM,1996,16,1,468,Carolyn,A,Griswold,Carolyn A Griswold,E,EIC,,,,,USA,USA
NAJFM,1996,16,1,3349,Susan,,Hanna,Susan Hanna,AE,SE,,,,,USA,USA
NAJFM,1996,16,1,2824,Pamela,S,Haverland,Pamela S Haverland,AE,SE,,,,,USA,USA
NAJFM,1996,16,1,3087,Robert,S,Hayward,Robert S Hayward,AE,SE,,,,,USA,USA
NAJFM,1996,16,1,2415,Michael,D,Hudgins,Michael D Hudgins,AE,SE,,,,,USA,USA
NAJFM,1996,16,1,1650,J,Jeffery,Isely,J Jeffery Isely,AE,SE,,,,,USA,USA
NAJFM,1996,16,1,2179,Lawrence,D,Jacobson,Lawrence D Jacobson,AE,SE,,,,,USA,USA
NAJFM,1996,16,1,488,Cecil,A,Jennings,Cecil A Jennings,AE,SE,,,,,USA,USA
NAJFM,1996,16,1,298,Barry,L,Johnson,Barry L Johnson,AE,SE,,,,,USA,USA
NAJFM,1996,16,1,3757,William,E,Kelso,William E Kelso,AE,SE,,,,,USA,USA
NAJFM,1996,16,1,3389,Steven,A,Leider,Steven A Leider,AE,SE,,,,,USA,USA
NAJFM,1996,16,1,1771,Jeffrey,G,Miner,Jeffrey G Miner,AE,SE,,,,,USA,USA
NAJFM,1996,16,1,2208,L,Esteban,Miranda,L Esteban Miranda,E,EIC,,,,,USA,USA
NAJFM,1996,16,1,1235,Gordon,,Mueller,Gordon Mueller,AE,SE,,,,,USA,USA
NAJFM,1996,16,1,1805,James,W,Peck,James W Peck,AE,SE,,,,,USA,USA
NAJFM,1996,16,1,853,David,B,Sampson,David B Sampson,AE,SE,,,,,USA,USA
NAJFM,1996,16,1,866,David,H,Secor,David H Secor,AE,SE,,,,,USA,USA
NAJFM,1996,16,1,2241,Lisa,W,Seeb,Lisa W Seeb,AE,SE,,,,,USA,USA
NAJFM,1996,16,1,3226,Robert,J,Steedman,Robert J Steedman,AE,SE,,,,,Canada,CAN
NAJFM,1996,16,1,2602,Mark,A,Webb,Mark A Webb,AE,SE,,,,,USA,USA
NAJFM,1997,17,1,8,Andrew,J,Applegate,Andrew J Applegate,AE,SE,,,,,USA,USA
NAJFM,1997,17,1,619,David,A,Beauchamp,David A Beauchamp,AE,SE,,,,,USA,USA
NAJFM,1997,17,1,624,David,H,Bennett,David H Bennett,AE,SE,,,,,USA,USA
NAJFM,1997,17,1,1287,H,Lee,Blankenship,H Lee Blankenship,AE,SE,,,,,USA,USA
NAJFM,1997,17,1,1488,James,S,Bulak,James S Bulak,AE,SE,,,,,USA,USA
NAJFM,1997,17,1,1159,Gary,J,Carmichael,Gary J Carmichael,AE,SE,,,,,USA,USA
NAJFM,1997,17,1,3030,Richard,A,Cunjak,Richard A Cunjak,AE,SE,,,,,Canada,CAN
NAJFM,1997,17,1,3557,Timothy,J,Goeman,Timothy J Goeman,AE,SE,,,,,USA,USA
NAJFM,1997,17,1,468,Carolyn,A,Griswold,Carolyn A Griswold,E,EIC,,,,,USA,USA
NAJFM,1997,17,1,470,Christopher,S,Guy,Christopher S Guy,AE,SE,,,,,USA,USA
NAJFM,1997,17,1,3082,R,Scott,Hale,R Scott Hale,AE,SE,,,,,USA,USA
NAJFM,1997,17,1,3349,Susan,,Hanna,Susan Hanna,AE,SE,,,,,USA,USA
NAJFM,1997,17,1,2395,Michael,J,Hansen,Michael J Hansen,AE,SE,,,,,USA,USA
NAJFM,1997,17,1,3087,Robert,S,Hayward,Robert S Hayward,AE,SE,,,,,USA,USA
NAJFM,1997,17,1,3752,Wayne,A,Hubert,Wayne A Hubert,E,EIC,,,,,USA,USA
NAJFM,1997,17,1,2415,Michael,D,Hudgins,Michael D Hudgins,AE,SE,,,,,USA,USA
NAJFM,1997,17,1,1650,J,Jeffery,Isely,J Jeffery Isely,AE,SE,,,,,USA,USA
NAJFM,1997,17,1,2179,Lawrence,D,Jacobson,Lawrence D Jacobson,AE,SE,,,,,USA,USA
NAJFM,1997,17,1,2837,Peter,C,Jacobson,Peter C Jacobson,AE,SE,,,,,USA,USA
NAJFM,1997,17,1,488,Cecil,A,Jennings,Cecil A Jennings,AE,SE,,,,,USA,USA
NAJFM,1997,17,1,298,Barry,L,Johnson,Barry L Johnson,AE,SE,,,,,USA,USA
NAJFM,1997,17,1,3757,William,E,Kelso,William E Kelso,AE,SE,,,,,USA,USA
NAJFM,1997,17,1,3389,Steven,A,Leider,Steven A Leider,AE,SE,,,,,USA,USA
NAJFM,1997,17,1,3602,Thomas,E,McMahon,Thomas E McMahon,AE,SE,,,,,USA,USA
NAJFM,1997,17,1,818,David,S,Peters,David S Peters,AE,SE,,,,,USA,USA
NAJFM,1997,17,1,853,David,B,Sampson,David B Sampson,AE,SE,,,,,USA,USA
NAJFM,1997,17,1,3226,Robert,J,Steedman,Robert J Steedman,AE,SE,,,,,Canada,CAN
NAJFM,1998,18,1,8,Andrew,J,Applegate,Andrew J Applegate,AE,SE,,,,,USA,USA
NAJFM,1998,18,1,1287,H,Lee,Blankenship,H Lee Blankenship,AE,SE,,,,,USA,USA
NAJFM,1998,18,1,1488,James,S,Bulak,James S Bulak,AE,SE,,,,,USA,USA
NAJFM,1998,18,1,1159,Gary,J,Carmichael,Gary J Carmichael,AE,SE,,,,,USA,USA
NAJFM,1998,18,1,3030,Richard,A,Cunjak,Richard A Cunjak,AE,SE,,,,,Canada,CAN
NAJFM,1998,18,1,1068,Fritz,,Funk,Fritz Funk,AE,SE,,,,,USA,USA
NAJFM,1998,18,1,3557,Timothy,J,Goeman,Timothy J Goeman,AE,SE,,,,,USA,USA
NAJFM,1998,18,1,3077,Robert,E,Gresswell,Robert E Gresswell,AE,SE,,,,,USA,USA
NAJFM,1998,18,1,468,Carolyn,A,Griswold,Carolyn A Griswold,E,EIC,,,,,USA,USA
NAJFM,1998,18,1,470,Christopher,S,Guy,Christopher S Guy,AE,SE,,,,,USA,USA
NAJFM,1998,18,1,3082,R,Scott,Hale,R Scott Hale,AE,SE,,,,,USA,USA
NAJFM,1998,18,1,2395,Michael,J,Hansen,Michael J Hansen,E,EIC,,,,,USA,USA
NAJFM,1998,18,1,3087,Robert,S,Hayward,Robert S Hayward,AE,SE,,,,,USA,USA
NAJFM,1998,18,1,2653,Nicholas,F,Hughes,Nicholas F Hughes,AE,SE,,,,,USA,USA
NAJFM,1998,18,1,2837,Peter,C,Jacobson,Peter C Jacobson,AE,SE,,,,,USA,USA
NAJFM,1998,18,1,3757,William,E,Kelso,William E Kelso,AE,SE,,,,,USA,USA
NAJFM,1998,18,1,3389,Steven,A,Leider,Steven A Leider,AE,SE,,,,,USA,USA
NAJFM,1998,18,1,768,David,K,Loomis,David K Loomis,AE,SE,,,,,USA,USA
NAJFM,1998,18,1,517,Charles,P,Madenjian,Charles P Madenjian,AE,SE,,,,,USA,USA
NAJFM,1998,18,1,1752,John,D,McIntyre,John D McIntyre,E,EIC,,,,,USA,USA
NAJFM,1998,18,1,3602,Thomas,E,McMahon,Thomas E McMahon,AE,SE,,,,,USA,USA
NAJFM,1998,18,1,2866,Paul,H,Michaletz,Paul H Michaletz,AE,SE,,,,,USA,USA
NAJFM,1998,18,1,3163,Raymond,P,Morgan,Raymond P Morgan,AE,SE,,,,,USA,USA
NAJFM,1998,18,1,818,David,S,Peters,David S Peters,AE,SE,,,,,USA,USA
NAJFM,1998,18,1,1812,John,M,Pitlo,John M Pitlo,AE,SE,,,,,USA,USA
NAJFM,1998,18,1,860,Daniel,J,Schill,Daniel J Schill,AE,SE,,,,,USA,USA
NAJFM,1998,18,1,1141,Frank,A,Ward,Frank A Ward,AE,SE,,,,,USA,USA
NAJFM,1999,19,1,1159,Gary,J,Carmichael,Gary J Carmichael,AE,SE,,,,,USA,USA
NAJFM,1999,19,1,3030,Richard,A,Cunjak,Richard A Cunjak,AE,SE,,,,,Canada,CAN
NAJFM,1999,19,1,1068,Fritz,,Funk,Fritz Funk,AE,SE,,,,,USA,USA
NAJFM,1999,19,1,3077,Robert,E,Gresswell,Robert E Gresswell,AE,SE,,,,,USA,USA
NAJFM,1999,19,1,468,Carolyn,A,Griswold,Carolyn A Griswold,E,EIC,,,,,USA,USA
NAJFM,1999,19,1,470,Christopher,S,Guy,Christopher S Guy,AE,SE,,,,,USA,USA
NAJFM,1999,19,1,3082,R,Scott,Hale,R Scott Hale,AE,SE,,,,,USA,USA
NAJFM,1999,19,1,2395,Michael,J,Hansen,Michael J Hansen,E,EIC,,,,,USA,USA
NAJFM,1999,19,1,2653,Nicholas,F,Hughes,Nicholas F Hughes,AE,SE,,,,,USA,USA
NAJFM,1999,19,1,2837,Peter,C,Jacobson,Peter C Jacobson,AE,SE,,,,,USA,USA
NAJFM,1999,19,1,3106,Richard,A,Jacobson,Richard A Jacobson,AE,SE,,,,,USA,USA
NAJFM,1999,19,1,3854,Brett,M,Johnson,Brett M Johnson,AE,SE,,,,,USA,USA
NAJFM,1999,19,1,3389,Steven,A,Leider,Steven A Leider,AE,SE,,,,,USA,USA
NAJFM,1999,19,1,768,David,K,Loomis,David K Loomis,AE,SE,,,,,USA,USA
NAJFM,1999,19,1,517,Charles,P,Madenjian,Charles P Madenjian,AE,SE,,,,,USA,USA
NAJFM,1999,19,1,525,C,Scott,McCutcheon,C Scott McCutcheon,AE,SE,,,,,USA,USA
NAJFM,1999,19,1,2866,Paul,H,Michaletz,Paul H Michaletz,AE,SE,,,,,USA,USA
NAJFM,1999,19,1,3163,Raymond,P,Morgan,Raymond P Morgan,AE,SE,,,,,USA,USA
NAJFM,1999,19,1,1812,John,M,Pitlo,John M Pitlo,AE,SE,,,,,USA,USA
NAJFM,1999,19,1,860,Daniel,J,Schill,Daniel J Schill,AE,SE,,,,,USA,USA
NAJFM,1999,19,1,3640,Terrence,P,Smith,Terrence P Smith,AE,SE,,,,,USA,USA
NAJFM,1999,19,1,1887,John,S,Stanovick,John S Stanovick,AE,SE,,,,,USA,USA
NAJFM,1999,19,1,897,Douglas,S,Vaughan,Douglas S Vaughan,AE,SE,,,,,USA,USA
NAJFM,1999,19,1,2599,Melvin,L,Warren,Melvin L Warren,AE,SE,,,,,USA,USA
NAJFM,1999,19,1,3248,Robert,G,White,Robert G White,E,EIC,,,,,USA,USA
NAJFM,1999,19,1,1970,John,R,Young,John R Young,AE,SE,,,,,USA,USA
NAJFM,1999,19,1,2619,Michael,K,Young,Michael K Young,AE,SE,,,,,USA,USA
NAJFM,2000,20,1,3513,T,Douglas,Beard,T Douglas Beard,AE,SE,,,,,USA,USA
NAJFM,2000,20,1,2784,Patricia,M,Clay,Patricia M Clay,AE,SE,,,,,USA,USA
NAJFM,2000,20,1,1996,Kenneth,P,Currens,Kenneth P Currens,AE,SE,,,,,USA,USA
NAJFM,2000,20,1,3031,R,Allen,Curry,R Allen Curry,AE,SE,,,,,Canada,CAN
NAJFM,2000,20,1,1068,Fritz,,Funk,Fritz Funk,AE,SE,,,,,USA,USA
NAJFM,2000,20,1,465,Charles,,Gowan,Charles Gowan,AE,SE,,,,,USA,USA
NAJFM,2000,20,1,468,Carolyn,A,Griswold,Carolyn A Griswold,E,EIC,,,,,USA,USA
NAJFM,2000,20,1,3082,R,Scott,Hale,R Scott Hale,AE,SE,,,,,USA,USA
NAJFM,2000,20,1,2395,Michael,J,Hansen,Michael J Hansen,E,EIC,,,,,USA,USA
NAJFM,2000,20,1,3102,Robert,M,Hughes,Robert M Hughes,AE,SE,,,,,USA,USA
NAJFM,2000,20,1,3106,Richard,A,Jacobson,Richard A Jacobson,AE,SE,,,,,USA,USA
NAJFM,2000,20,1,3869,Donn,M,Johnson,Donn M Johnson,AE,SE,,,,,USA,USA
NAJFM,2000,20,1,3389,Steven,A,Leider,Steven A Leider,AE,SE,,,,,USA,USA
NAJFM,2000,20,1,517,Charles,P,Madenjian,Charles P Madenjian,AE,SE,,,,,USA,USA
NAJFM,2000,20,1,525,C,Scott,McCutcheon,C Scott McCutcheon,AE,SE,,,,,USA,USA
NAJFM,2000,20,1,2866,Paul,H,Michaletz,Paul H Michaletz,AE,SE,,,,,USA,USA
NAJFM,2000,20,1,3606,Timothy,C,Modde,Timothy C Modde,AE,SE,,,,,USA,USA
NAJFM,2000,20,1,3163,Raymond,P,Morgan,Raymond P Morgan,AE,SE,,,,,USA,USA
NAJFM,2000,20,1,1812,John,M,Pitlo,John M Pitlo,AE,SE,,,,,USA,USA
NAJFM,2000,20,1,2235,Lars,,Rudstam,Lars Rudstam,AE,SE,,,,,USA,USA
NAJFM,2000,20,1,860,Daniel,J,Schill,Daniel J Schill,AE,SE,,,,,USA,USA
NAJFM,2000,20,1,354,Bradley,B,Shepard,Bradley B Shepard,AE,SE,,,,,USA,USA
NAJFM,2000,20,1,3640,Terrence,P,Smith,Terrence P Smith,AE,SE,,,,,USA,USA
NAJFM,2000,20,1,1887,John,S,Stanovick,John S Stanovick,AE,SE,,,,,USA,USA
NAJFM,2000,20,1,897,Douglas,S,Vaughan,Douglas S Vaughan,AE,SE,,,,,USA,USA
NAJFM,2000,20,1,2599,Melvin,L,Warren,Melvin L Warren,AE,SE,,,,,USA,USA
NAJFM,2000,20,1,1274,Gene,R,Wilde,Gene R Wilde,AE,SE,,,,,USA,USA
NAJFM,2000,20,1,920,David,W,Willis,David W Willis,AE,SE,,,,,USA,USA
NAJFM,2000,20,1,1970,John,R,Young,John R Young,AE,SE,,,,,USA,USA
NAJFM,2000,20,1,2619,Michael,K,Young,Michael K Young,E,EIC,,,,,USA,USA
NAJFM,2001,21,1,3513,T,Douglas,Beard,T Douglas Beard,AE,SE,,,,,USA,USA
NAJFM,2001,21,1,2784,Patricia,M,Clay,Patricia M Clay,AE,SE,,,,,USA,USA
NAJFM,2001,21,1,1996,Kenneth,P,Currens,Kenneth P Currens,AE,SE,,,,,USA,USA
NAJFM,2001,21,1,3031,R,Allen,Curry,R Allen Curry,AE,SE,,,,,Canada,CAN
NAJFM,2001,21,1,1068,Fritz,,Funk,Fritz Funk,AE,SE,,,,,USA,USA
NAJFM,2001,21,1,468,Carolyn,A,Griswold,Carolyn A Griswold,E,EIC,,,,,USA,USA
NAJFM,2001,21,1,2395,Michael,J,Hansen,Michael J Hansen,E,EIC,,,,,USA,USA
NAJFM,2001,21,1,3102,Robert,M,Hughes,Robert M Hughes,AE,SE,,,,,USA,USA
NAJFM,2001,21,1,1319,Henriette,,Jager,Henriette Jager,AE,SE,,,,,USA,USA
NAJFM,2001,21,1,3869,Donn,M,Johnson,Donn M Johnson,AE,SE,,,,,USA,USA
NAJFM,2001,21,1,1697,Joseph,G,Larscheid,Joseph G Larscheid,AE,SE,,,,,USA,USA
NAJFM,2001,21,1,3389,Steven,A,Leider,Steven A Leider,AE,SE,,,,,USA,USA
NAJFM,2001,21,1,1716,Jason,S,Link,Jason S Link,AE,SE,,,,,USA,USA
NAJFM,2001,21,1,1100,Frank,,Lupi,Frank Lupi,AE,SE,,,,,USA,USA
NAJFM,2001,21,1,517,Charles,P,Madenjian,Charles P Madenjian,AE,SE,,,,,USA,USA
NAJFM,2001,21,1,2866,Paul,H,Michaletz,Paul H Michaletz,AE,SE,,,,,USA,USA
NAJFM,2001,21,1,3606,Timothy,C,Modde,Timothy C Modde,AE,SE,,,,,USA,USA
NAJFM,2001,21,1,3163,Raymond,P,Morgan,Raymond P Morgan,AE,SE,,,,,USA,USA
NAJFM,2001,21,1,2061,Keith,H,Nislow,Keith H Nislow,AE,SE,,,,,USA,USA
NAJFM,2001,21,1,338,Bradford,G,Parsons,Bradford G Parsons,AE,SE,,,,,USA,USA
NAJFM,2001,21,1,3453,Stephen,C,Riley,Stephen C Riley,AE,SE,,,,,USA,USA
NAJFM,2001,21,1,2235,Lars,,Rudstam,Lars Rudstam,AE,SE,,,,,USA,USA
NAJFM,2001,21,1,863,David,A,Schmetterling,David A Schmetterling,AE,SE,,,,,USA,USA
NAJFM,2001,21,1,1887,John,S,Stanovick,John S Stanovick,AE,SE,,,,,USA,USA
NAJFM,2001,21,1,897,Douglas,S,Vaughan,Douglas S Vaughan,AE,SE,,,,,USA,USA
NAJFM,2001,21,1,2599,Melvin,L,Warren,Melvin L Warren,AE,SE,,,,,USA,USA
NAJFM,2001,21,1,1274,Gene,R,Wilde,Gene R Wilde,AE,SE,,,,,USA,USA
NAJFM,2001,21,1,920,David,W,Willis,David W Willis,AE,SE,,,,,USA,USA
NAJFM,2001,21,1,1970,John,R,Young,John R Young,AE,SE,,,,,USA,USA
NAJFM,2001,21,1,2619,Michael,K,Young,Michael K Young,E,EIC,,,,,USA,USA
NAJFM,2002,22,1,2784,Patricia,M,Clay,Patricia M Clay,AE,SE,,,,,USA,USA
NAJFM,2002,22,1,1996,Kenneth,P,Currens,Kenneth P Currens,AE,SE,,,,,USA,USA
NAJFM,2002,22,1,3031,R,Allen,Curry,R Allen Curry,AE,SE,,,,,Canada,CAN
NAJFM,2002,22,1,3042,Robert,B,Ditton,Robert B Ditton,AE,SE,,,,,USA,USA
NAJFM,2002,22,1,468,Carolyn,A,Griswold,Carolyn A Griswold,E,EIC,,,,,USA,USA
NAJFM,2002,22,1,2395,Michael,J,Hansen,Michael J Hansen,E,EIC,,,,,USA,USA
NAJFM,2002,22,1,3087,Robert,S,Hayward,Robert S Hayward,AE,SE,,,,,USA,USA
NAJFM,2002,22,1,3752,Wayne,A,Hubert,Wayne A Hubert,AE,SE,,,,,USA,USA
NAJFM,2002,22,1,3102,Robert,M,Hughes,Robert M Hughes,AE,SE,,,,,USA,USA
NAJFM,2002,22,1,3869,Donn,M,Johnson,Donn M Johnson,AE,SE,,,,,USA,USA
NAJFM,2002,22,1,1697,Joseph,G,Larscheid,Joseph G Larscheid,AE,SE,,,,,USA,USA
NAJFM,2002,22,1,3389,Steven,A,Leider,Steven A Leider,AE,SE,,,,,USA,USA
NAJFM,2002,22,1,1716,Jason,S,Link,Jason S Link,AE,SE,,,,,USA,USA
NAJFM,2002,22,1,1100,Frank,,Lupi,Frank Lupi,AE,SE,,,,,USA,USA
NAJFM,2002,22,1,517,Charles,P,Madenjian,Charles P Madenjian,AE,SE,,,,,USA,USA
NAJFM,2002,22,1,2866,Paul,H,Michaletz,Paul H Michaletz,AE,SE,,,,,USA,USA
NAJFM,2002,22,1,3606,Timothy,C,Modde,Timothy C Modde,AE,SE,,,,,USA,USA
NAJFM,2002,22,1,2061,Keith,H,Nislow,Keith H Nislow,AE,SE,,,,,USA,USA
NAJFM,2002,22,1,338,Bradford,G,Parsons,Bradford G Parsons,AE,SE,,,,,USA,USA
NAJFM,2002,22,1,3453,Stephen,C,Riley,Stephen C Riley,AE,SE,,,,,USA,USA
NAJFM,2002,22,1,2235,Lars,,Rudstam,Lars Rudstam,AE,SE,,,,,USA,USA
NAJFM,2002,22,1,863,David,A,Schmetterling,David A Schmetterling,AE,SE,,,,,USA,USA
NAJFM,2002,22,1,1887,John,S,Stanovick,John S Stanovick,AE,SE,,,,,USA,USA
NAJFM,2002,22,1,2599,Melvin,L,Warren,Melvin L Warren,AE,SE,,,,,USA,USA
NAJFM,2002,22,1,3250,Robert,W,Wiley,Robert W Wiley,AE,SE,,,,,USA,USA
NAJFM,2002,22,1,1041,Erik,H,Williams,Erik H Williams,AE,SE,,,,,USA,USA
NAJFM,2002,22,1,920,David,W,Willis,David W Willis,AE,SE,,,,,USA,USA
NAJFM,2002,22,1,1970,John,R,Young,John R Young,AE,SE,,,,,USA,USA
NAJFM,2003,23,1,2984,Robert,K,Betsill,Robert K Betsill,AE,SE,,,,,USA,USA
NAJFM,2003,23,1,2784,Patricia,M,Clay,Patricia M Clay,AE,SE,,,,,USA,USA
NAJFM,2003,23,1,1996,Kenneth,P,Currens,Kenneth P Currens,AE,SE,,,,,USA,USA
NAJFM,2003,23,1,3042,Robert,B,Ditton,Robert B Ditton,AE,SE,,,,,USA,USA
NAJFM,2003,23,1,3047,Richard,T,Eades,Richard T Eades,AE,SE,,,,,USA,USA
NAJFM,2003,23,1,3319,Steven,F,Edwards,Steven F Edwards,AE,SE,,,,,USA,USA
NAJFM,2003,23,1,1592,John,M,Gates,John M Gates,AE,SE,,,,,USA,USA
NAJFM,2003,23,1,468,Carolyn,A,Griswold,Carolyn A Griswold,E,EIC,,,,,USA,USA
NAJFM,2003,23,1,2395,Michael,J,Hansen,Michael J Hansen,E,EIC,,,,,USA,USA
NAJFM,2003,23,1,3087,Robert,S,Hayward,Robert S Hayward,AE,SE,,,,,USA,USA
NAJFM,2003,23,1,3752,Wayne,A,Hubert,Wayne A Hubert,AE,SE,,,,,USA,USA
NAJFM,2003,23,1,3102,Robert,M,Hughes,Robert M Hughes,AE,SE,,,,,USA,USA
NAJFM,2003,23,1,1697,Joseph,G,Larscheid,Joseph G Larscheid,AE,SE,,,,,USA,USA
NAJFM,2003,23,1,3389,Steven,A,Leider,Steven A Leider,AE,SE,,,,,USA,USA
NAJFM,2003,23,1,2661,Nigel,,Lester,Nigel Lester,AE,SE,,,,,Canada,CAN
NAJFM,2003,23,1,1716,Jason,S,Link,Jason S Link,AE,SE,,,,,USA,USA
NAJFM,2003,23,1,517,Charles,P,Madenjian,Charles P Madenjian,AE,SE,,,,,USA,USA
NAJFM,2003,23,1,774,Daniel,,Magoulick,Daniel Magoulick,AE,SE,,,,,USA,USA
NAJFM,2003,23,1,338,Bradford,G,Parsons,Bradford G Parsons,AE,SE,,,,,USA,USA
NAJFM,2003,23,1,3453,Stephen,C,Riley,Stephen C Riley,E,EIC,,,,,USA,USA
NAJFM,2003,23,1,2235,Lars,,Rudstam,Lars Rudstam,AE,SE,,,,,USA,USA
NAJFM,2003,23,1,863,David,A,Schmetterling,David A Schmetterling,AE,SE,,,,,USA,USA
NAJFM,2003,23,1,3947,David,R,Smith,David R Smith,AE,SE,,,,,USA,USA
NAJFM,2003,23,1,3250,Robert,W,Wiley,Robert W Wiley,AE,SE,,,,,USA,USA
NAJFM,2003,23,1,1041,Erik,H,Williams,Erik H Williams,AE,SE,,,,,USA,USA
NAJFM,2003,23,1,920,David,W,Willis,David W Willis,AE,SE,,,,,USA,USA
NAJFM,2003,23,1,1970,John,R,Young,John R Young,AE,SE,,,,,USA,USA
NAJFM,2004,24,1,2269,Mike,S,Allen,Mike S Allen,AE,SE,,,,,USA,USA
NAJFM,2004,24,1,2984,Robert,K,Betsill,Robert K Betsill,AE,SE,,,,,USA,USA
NAJFM,2004,24,1,2309,Mike,,Bradford,Mike Bradford,AE,SE,,,,,Canada,CAN
NAJFM,2004,24,1,1996,Kenneth,P,Currens,Kenneth P Currens,AE,SE,,,,,USA,USA
NAJFM,2004,24,1,1544,J,Andrew,DeWoody,J Andrew DeWoody,AE,SE,,,,,USA,USA
NAJFM,2004,24,1,3047,Richard,T,Eades,Richard T Eades,AE,SE,,,,,USA,USA
NAJFM,2004,24,1,3319,Steven,F,Edwards,Steven F Edwards,AE,SE,,,,,USA,USA
NAJFM,2004,24,1,685,David,G,Felder,David G Felder,AE,SE,,,,,USA,USA
NAJFM,2004,24,1,1592,John,M,Gates,John M Gates,AE,SE,,,,,USA,USA
NAJFM,2004,24,1,468,Carolyn,A,Griswold,Carolyn A Griswold,E,EIC,,,,,USA,USA
NAJFM,2004,24,1,3345,Stephen,S,Hale,Stephen S Hale,AE,SE,,,,,USA,USA
NAJFM,2004,24,1,2395,Michael,J,Hansen,Michael J Hansen,E,EIC,,,,,USA,USA
NAJFM,2004,24,1,3087,Robert,S,Hayward,Robert S Hayward,AE,SE,,,,,USA,USA
NAJFM,2004,24,1,2018,Kevin,,Hunt,Kevin Hunt,AE,SE,,,,,USA,USA
NAJFM,2004,24,1,1666,Jeff,,Kershner,Jeff Kershner,AE,SE,,,,,USA,USA
NAJFM,2004,24,1,1697,Joseph,G,Larscheid,Joseph G Larscheid,AE,SE,,,,,USA,USA
NAJFM,2004,24,1,3389,Steven,A,Leider,Steven A Leider,AE,SE,,,,,USA,USA
NAJFM,2004,24,1,2661,Nigel,,Lester,Nigel Lester,AE,SE,,,,,Canada,CAN
NAJFM,2004,24,1,1716,Jason,S,Link,Jason S Link,AE,SE,,,,,USA,USA
NAJFM,2004,24,1,517,Charles,P,Madenjian,Charles P Madenjian,AE,SE,,,,,USA,USA
NAJFM,2004,24,1,774,Daniel,,Magoulick,Daniel Magoulick,AE,SE,,,,,USA,USA
NAJFM,2004,24,1,338,Bradford,G,Parsons,Bradford G Parsons,AE,SE,,,,,USA,USA
NAJFM,2004,24,1,547,Craig,,Paukert,Craig Paukert,AE,SE,,,,,USA,USA
NAJFM,2004,24,1,819,Douglas,L,Peterson,Douglas L Peterson,AE,SE,,,,,USA,USA
NAJFM,2004,24,1,3453,Stephen,C,Riley,Stephen C Riley,E,EIC,,,,,USA,USA
NAJFM,2004,24,1,3947,David,R,Smith,David R Smith,AE,SE,,,,,USA,USA
NAJFM,2004,24,1,205,Adrian,,Spidle,Adrian Spidle,AE,SE,,,,,USA,USA
NAJFM,2004,24,1,1041,Erik,H,Williams,Erik H Williams,AE,SE,,,,,USA,USA
NAJFM,2004,24,1,920,David,W,Willis,David W Willis,AE,SE,,,,,USA,USA
NAJFM,2005,25,1,2269,Mike,S,Allen,Mike S Allen,AE,SE,,,,,USA,USA
NAJFM,2005,25,1,2984,Robert,K,Betsill,Robert K Betsill,AE,SE,,,,,USA,USA
NAJFM,2005,25,1,2309,Mike,,Bradford,Mike Bradford,AE,SE,,,,,Canada,CAN
NAJFM,2005,25,1,1544,J,Andrew,DeWoody,J Andrew DeWoody,AE,SE,,,,,USA,USA
NAJFM,2005,25,1,3047,Richard,T,Eades,Richard T Eades,AE,SE,,,,,USA,USA
NAJFM,2005,25,1,3319,Steven,F,Edwards,Steven F Edwards,AE,SE,,,,,USA,USA
NAJFM,2005,25,1,69,Andrew,H,Fayram,Andrew H Fayram,AE,SE,,,,,USA,USA
NAJFM,2005,25,1,685,David,G,Felder,David G Felder,AE,SE,,,,,USA,USA
NAJFM,2005,25,1,456,Charles,J,Gagen,Charles J Gagen,AE,SE,,,,,USA,USA
NAJFM,2005,25,1,1592,John,M,Gates,John M Gates,AE,SE,,,,,USA,USA
NAJFM,2005,25,1,468,Carolyn,A,Griswold,Carolyn A Griswold,E,EIC,,,,,USA,USA
NAJFM,2005,25,1,3345,Stephen,S,Hale,Stephen S Hale,AE,SE,,,,,USA,USA
NAJFM,2005,25,1,2395,Michael,J,Hansen,Michael J Hansen,E,EIC,,,,,USA,USA
NAJFM,2005,25,1,2018,Kevin,,Hunt,Kevin Hunt,AE,SE,,,,,USA,USA
NAJFM,2005,25,1,3572,Tom,,Johnston,Tom Johnston,AE,SE,,,,,Canada,CAN
NAJFM,2005,25,1,1666,Jeff,,Kershner,Jeff Kershner,AE,SE,,,,,USA,USA
NAJFM,2005,25,1,3389,Steven,A,Leider,Steven A Leider,AE,SE,,,,,USA,USA
NAJFM,2005,25,1,1716,Jason,S,Link,Jason S Link,AE,SE,,,,,USA,USA
NAJFM,2005,25,1,517,Charles,P,Madenjian,Charles P Madenjian,AE,SE,,,,,USA,USA
NAJFM,2005,25,1,2870,Paul,,Moran,Paul Moran,AE,SE,,,,,USA,USA
NAJFM,2005,25,1,547,Craig,,Paukert,Craig Paukert,AE,SE,,,,,USA,USA
NAJFM,2005,25,1,819,Douglas,L,Peterson,Douglas L Peterson,AE,SE,,,,,USA,USA
NAJFM,2005,25,1,2519,Michael,,Porter,Michael Porter,AE,SE,,,,,USA,USA
NAJFM,2005,25,1,2531,Michael,C,Quist,Michael C Quist,AE,SE,,,,,USA,USA
NAJFM,2005,25,1,3453,Stephen,C,Riley,Stephen C Riley,E,EIC,,,,,USA,USA
NAJFM,2005,25,1,3947,David,R,Smith,David R Smith,AE,SE,,,,,USA,USA
NAJFM,2005,25,1,205,Adrian,,Spidle,Adrian Spidle,AE,SE,,,,,USA,USA
NAJFM,2005,25,1,2573,Michael,G,Sullivan,Michael G Sullivan,AE,SE,,,,,Canada,CAN
NAJFM,2005,25,1,1929,Jason,,Vokoun,Jason Vokoun,AE,SE,,,,,USA,USA
NAJFM,2005,25,1,2254,Lizhu,,Wang,Lizhu Wang,AE,SE,,,,,USA,USA
NAJFM,2005,25,1,1041,Erik,H,Williams,Erik H Williams,AE,SE,,,,,USA,USA
NAJFM,2006,26,1,2269,Mike,S,Allen,Mike S Allen,AE,SE,,,,,USA,USA
NAJFM,2006,26,1,382,Christopher,M,Anderson,Christopher M Anderson,AE,SE,,,,,USA,USA
NAJFM,2006,26,1,2775,Phaedra,,Budy,Phaedra Budy,AE,SE,,,,,USA,USA
NAJFM,2006,26,1,3047,Richard,T,Eades,Richard T Eades,AE,SE,,,,,USA,USA
NAJFM,2006,26,1,69,Andrew,H,Fayram,Andrew H Fayram,AE,SE,,,,,USA,USA
NAJFM,2006,26,1,685,David,G,Felder,David G Felder,AE,SE,,,,,USA,USA
NAJFM,2006,26,1,695,David,C,Fulton,David C Fulton,AE,SE,,,,,USA,USA
NAJFM,2006,26,1,456,Charles,J,Gagen,Charles J Gagen,AE,SE,,,,,USA,USA
NAJFM,2006,26,1,3555,Todd,,Gedamke,Todd Gedamke,AE,SE,,,,,USA,USA
NAJFM,2006,26,1,468,Carolyn,A,Griswold,Carolyn A Griswold,E,EIC,,,,,USA,USA
NAJFM,2006,26,1,3345,Stephen,S,Hale,Stephen S Hale,AE,SE,,,,,USA,USA
NAJFM,2006,26,1,2395,Michael,J,Hansen,Michael J Hansen,E,EIC,,,,,USA,USA
NAJFM,2006,26,1,3572,Tom,,Johnston,Tom Johnston,AE,SE,,,,,Canada,CAN
NAJFM,2006,26,1,3389,Steven,A,Leider,Steven A Leider,AE,SE,,,,,USA,USA
NAJFM,2006,26,1,1716,Jason,S,Link,Jason S Link,AE,SE,,,,,USA,USA
NAJFM,2006,26,1,517,Charles,P,Madenjian,Charles P Madenjian,AE,SE,,,,,USA,USA
NAJFM,2006,26,1,2870,Paul,,Moran,Paul Moran,AE,SE,,,,,USA,USA
NAJFM,2006,26,1,547,Craig,,Paukert,Craig Paukert,AE,SE,,,,,USA,USA
NAJFM,2006,26,1,812,Devon,E,Pearse,Devon E Pearse,AE,SE,,,,,USA,USA
NAJFM,2006,26,1,819,Douglas,L,Peterson,Douglas L Peterson,AE,SE,,,,,USA,USA
NAJFM,2006,26,1,2519,Michael,,Porter,Michael Porter,AE,SE,,,,,USA,USA
NAJFM,2006,26,1,2531,Michael,C,Quist,Michael C Quist,AE,SE,,,,,USA,USA
NAJFM,2006,26,1,3453,Stephen,C,Riley,Stephen C Riley,E,EIC,,,,,USA,USA
NAJFM,2006,26,1,2090,Kyle,,Shertzer,Kyle Shertzer,AE,SE,,,,,USA,USA
NAJFM,2006,26,1,3947,David,R,Smith,David R Smith,AE,SE,,,,,USA,USA
NAJFM,2006,26,1,205,Adrian,,Spidle,Adrian Spidle,AE,SE,,,,,USA,USA
NAJFM,2006,26,1,2573,Michael,G,Sullivan,Michael G Sullivan,AE,SE,,,,,Canada,CAN
NAJFM,2006,26,1,1929,Jason,,Vokoun,Jason Vokoun,AE,SE,,,,,USA,USA
NAJFM,2006,26,1,2254,Lizhu,,Wang,Lizhu Wang,AE,SE,,,,,USA,USA
NAJFM,2007,27,1,2269,Mike,S,Allen,Mike S Allen,AE,SE,,,,,USA,USA
NAJFM,2007,27,1,382,Christopher,M,Anderson,Christopher M Anderson,AE,SE,,,,,USA,USA
NAJFM,2007,27,1,2775,Phaedra,,Budy,Phaedra Budy,AE,SE,,,,,USA,USA
NAJFM,2007,27,1,3047,Richard,T,Eades,Richard T Eades,AE,SE,,,,,USA,USA
NAJFM,2007,27,1,69,Andrew,H,Fayram,Andrew H Fayram,AE,SE,,,,,USA,USA
NAJFM,2007,27,1,695,David,C,Fulton,David C Fulton,AE,SE,,,,,USA,USA
NAJFM,2007,27,1,3555,Todd,,Gedamke,Todd Gedamke,AE,SE,,,,,USA,USA
NAJFM,2007,27,1,701,David,R,Geist,David R Geist,AE,SE,,,,,USA,USA
NAJFM,2007,27,1,468,Carolyn,A,Griswold,Carolyn A Griswold,E,EIC,,,,,USA,USA
NAJFM,2007,27,1,2395,Michael,J,Hansen,Michael J Hansen,E,EIC,,,,,USA,USA
NAJFM,2007,27,1,986,Ernest,,Keeley,Ernest Keeley,AE,SE,,,,,USA,USA
NAJFM,2007,27,1,3389,Steven,A,Leider,Steven A Leider,AE,SE,,,,,USA,USA
NAJFM,2007,27,1,1716,Jason,S,Link,Jason S Link,AE,SE,,,,,USA,USA
NAJFM,2007,27,1,517,Charles,P,Madenjian,Charles P Madenjian,AE,SE,,,,,USA,USA
NAJFM,2007,27,1,778,David,J,Manning,David J Manning,AE,SE,,,,,USA,USA
NAJFM,2007,27,1,2471,Michael,C,McInerny,Michael C McInerny,AE,SE,,,,,USA,USA
NAJFM,2007,27,1,547,Craig,,Paukert,Craig Paukert,AE,SE,,,,,USA,USA
NAJFM,2007,27,1,812,Devon,E,Pearse,Devon E Pearse,AE,SE,,,,,USA,USA
NAJFM,2007,27,1,2519,Michael,,Porter,Michael Porter,AE,SE,,,,,USA,USA
NAJFM,2007,27,1,2531,Michael,C,Quist,Michael C Quist,AE,SE,,,,,USA,USA
NAJFM,2007,27,1,3453,Stephen,C,Riley,Stephen C Riley,E,EIC,,,,,USA,USA
NAJFM,2007,27,1,346,Brett,B,Roper,Brett B Roper,AE,SE,,,,,USA,USA
NAJFM,2007,27,1,2090,Kyle,,Shertzer,Kyle Shertzer,AE,SE,,,,,USA,USA
NAJFM,2007,27,1,3947,David,R,Smith,David R Smith,AE,SE,,,,,USA,USA
NAJFM,2007,27,1,2254,Lizhu,,Wang,Lizhu Wang,AE,SE,,,,,USA,USA
NAJFM,2007,27,1,903,David,L,Ward,David L Ward,AE,SE,,,,,USA,USA
NAJFM,2007,27,1,1970,John,R,Young,John R Young,AE,SE,,,,,USA,USA
NAJFM,2008,28,1,2269,Mike,S,Allen,Mike S Allen,AE,SE,,,,,USA,USA
NAJFM,2008,28,1,382,Christopher,M,Anderson,Christopher M Anderson,AE,SE,,,,,USA,USA
NAJFM,2008,28,1,2775,Phaedra,,Budy,Phaedra Budy,AE,SE,,,,,USA,USA
NAJFM,2008,28,1,658,David,E,Cowley,David E Cowley,AE,SE,,,,,USA,USA
NAJFM,2008,28,1,676,Dennis,J,Dunning,Dennis J Dunning,AE,SE,,,,,USA,USA
NAJFM,2008,28,1,3047,Richard,T,Eades,Richard T Eades,AE,SE,,,,,USA,USA
NAJFM,2008,28,1,69,Andrew,H,Fayram,Andrew H Fayram,AE,SE,,,,,USA,USA
NAJFM,2008,28,1,2384,Mark,,Gard,Mark Gard,AE,SE,,,,,USA,USA
NAJFM,2008,28,1,3555,Todd,,Gedamke,Todd Gedamke,AE,SE,,,,,USA,USA
NAJFM,2008,28,1,701,David,R,Geist,David R Geist,AE,SE,,,,,USA,USA
NAJFM,2008,28,1,2008,Kenneth,G,Gerow,Kenneth G Gerow,AE,SE,,,,,USA,USA
NAJFM,2008,28,1,468,Carolyn,A,Griswold,Carolyn A Griswold,E,EIC,,,,,USA,USA
NAJFM,2008,28,1,2395,Michael,J,Hansen,Michael J Hansen,E,EIC,,,,,USA,USA
NAJFM,2008,28,1,986,Ernest,,Keeley,Ernest Keeley,AE,SE,,,,,USA,USA
NAJFM,2008,28,1,3389,Steven,A,Leider,Steven A Leider,AE,SE,,,,,USA,USA
NAJFM,2008,28,1,1716,Jason,S,Link,Jason S Link,AE,SE,,,,,USA,USA
NAJFM,2008,28,1,517,Charles,P,Madenjian,Charles P Madenjian,AE,SE,,,,,USA,USA
NAJFM,2008,28,1,2045,Kristin,L,Maki,Kristin L Maki,AE,SE,,,,,USA,USA
NAJFM,2008,28,1,778,David,J,Manning,David J Manning,AE,SE,,,,,USA,USA
NAJFM,2008,28,1,2471,Michael,C,McInerny,Michael C McInerny,AE,SE,,,,,USA,USA
NAJFM,2008,28,1,3168,Randy,,Myers,Randy Myers,AE,SE,,,,,USA,USA
NAJFM,2008,28,1,547,Craig,,Paukert,Craig Paukert,AE,SE,,,,,USA,USA
NAJFM,2008,28,1,812,Devon,E,Pearse,Devon E Pearse,AE,SE,,,,,USA,USA
NAJFM,2008,28,1,2531,Michael,C,Quist,Michael C Quist,AE,SE,,,,,USA,USA
NAJFM,2008,28,1,3453,Stephen,C,Riley,Stephen C Riley,E,EIC,,,,,USA,USA
NAJFM,2008,28,1,1835,Jacques,,Rinchard,Jacques Rinchard,AE,SE,,,,,USA,USA
NAJFM,2008,28,1,346,Brett,B,Roper,Brett B Roper,AE,SE,,,,,USA,USA
NAJFM,2008,28,1,2912,Patrick,,Schmalz,Patrick Schmalz,AE,SE,,,,,USA,USA
NAJFM,2008,28,1,2090,Kyle,,Shertzer,Kyle Shertzer,AE,SE,,,,,USA,USA
NAJFM,2008,28,1,3235,Richard,A,Valdez,Richard A Valdez,AE,SE,,,,,USA,USA
NAJFM,2008,28,1,1264,Geraldine,,VanderHaegen,Geraldine VanderHaegen,AE,SE,,,,,USA,USA
NAJFM,2009,29,1,1432,Jean,V,Adams,Jean V Adams,AE,SE,,,,,USA,USA
NAJFM,2009,29,1,2269,Mike,S,Allen,Mike S Allen,AE,SE,,,,,USA,USA
NAJFM,2009,29,1,382,Christopher,M,Anderson,Christopher M Anderson,AE,SE,,,,,USA,USA
NAJFM,2009,29,1,2972,Robert,,Arlinghaus,Robert Arlinghaus,AE,SE,,,,,Germany,DEU
NAJFM,2009,29,1,3515,Timothy,F,Bovechio,Timothy F Bovechio,AE,SE,,,,,USA,USA
NAJFM,2009,29,1,3307,Sean,P,Cox,Sean P Cox,AE,SE,,,,,USA,USA
NAJFM,2009,29,1,661,Daniel,J,Daugherty,Daniel J Daugherty,AE,SE,,,,,USA,USA
NAJFM,2009,29,1,676,Dennis,J,Dunning,Dennis J Dunning,AE,SE,,,,,USA,USA
NAJFM,2009,29,1,3047,Richard,T,Eades,Richard T Eades,AE,SE,,,,,USA,USA
NAJFM,2009,29,1,69,Andrew,H,Fayram,Andrew H Fayram,AE,SE,,,,,USA,USA
NAJFM,2009,29,1,75,Anthony,C,Fiumera,Anthony C Fiumera,AE,SE,,,,,USA,USA
NAJFM,2009,29,1,2384,Mark,,Gard,Mark Gard,AE,SE,,,,,USA,USA
NAJFM,2009,29,1,701,David,R,Geist,David R Geist,AE,SE,,,,,USA,USA
NAJFM,2009,29,1,2008,Kenneth,G,Gerow,Kenneth G Gerow,AE,SE,,,,,USA,USA
NAJFM,2009,29,1,468,Carolyn,A,Griswold,Carolyn A Griswold,E,EIC,,,,,USA,USA
NAJFM,2009,29,1,2395,Michael,J,Hansen,Michael J Hansen,E,EIC,,,,,USA,USA
NAJFM,2009,29,1,477,Chris,J,Harvey,Chris J Harvey,AE,SE,,,,,USA,USA
NAJFM,2009,29,1,721,David,A,Hewitt,David A Hewitt,AE,SE,,,,,USA,USA
NAJFM,2009,29,1,1639,John,M,Hoenig,John M Hoenig,AE,SE,,,,,USA,USA
NAJFM,2009,29,1,1205,Gregg,E,Horton,Gregg E Horton,AE,SE,,,,,USA,USA
NAJFM,2009,29,1,1716,Jason,S,Link,Jason S Link,AE,SE,,,,,USA,USA
NAJFM,2009,29,1,2045,Kristin,L,Maki,Kristin L Maki,AE,SE,,,,,USA,USA
NAJFM,2009,29,1,2471,Michael,C,McInerny,Michael C McInerny,AE,SE,,,,,USA,USA
NAJFM,2009,29,1,3168,Randy,,Myers,Randy Myers,AE,SE,,,,,USA,USA
NAJFM,2009,29,1,547,Craig,,Paukert,Craig Paukert,AE,SE,,,,,USA,USA
NAJFM,2009,29,1,2531,Michael,C,Quist,Michael C Quist,AE,SE,,,,,USA,USA
NAJFM,2009,29,1,3453,Stephen,C,Riley,Stephen C Riley,E,EIC,,,,,USA,USA
NAJFM,2009,29,1,1835,Jacques,,Rinchard,Jacques Rinchard,AE,SE,,,,,USA,USA
NAJFM,2009,29,1,2912,Patrick,,Schmalz,Patrick Schmalz,AE,SE,,,,,USA,USA
NAJFM,2009,29,1,360,Brian,L,Sloss,Brian L Sloss,AE,SE,,,,,USA,USA
NAJFM,2009,29,1,2570,Martin,A,Stapanian,Martin A Stapanian,AE,SE,,,,,USA,USA
NAJFM,2009,29,1,1264,Geraldine,,VanderHaegen,Geraldine VanderHaegen,AE,SE,,,,,USA,USA
NAJFM,2010,30,1,1432,Jean,V,Adams,Jean V Adams,AE,SE,,,,,USA,USA
NAJFM,2010,30,1,2269,Mike,S,Allen,Mike S Allen,AE,SE,,,,,USA,USA
NAJFM,2010,30,1,382,Christopher,M,Anderson,Christopher M Anderson,AE,SE,,,,,USA,USA
NAJFM,2010,30,1,2972,Robert,,Arlinghaus,Robert Arlinghaus,AE,SE,,,,,Germany,DEU
NAJFM,2010,30,1,3515,Timothy,F,Bovechio,Timothy F Bovechio,AE,SE,,,,,USA,USA
NAJFM,2010,30,1,661,Daniel,J,Daugherty,Daniel J Daugherty,AE,SE,,,,,USA,USA
NAJFM,2010,30,1,676,Dennis,J,Dunning,Dennis J Dunning,AE,SE,,,,,USA,USA
NAJFM,2010,30,1,3047,Richard,T,Eades,Richard T Eades,AE,SE,,,,,USA,USA
NAJFM,2010,30,1,69,Andrew,H,Fayram,Andrew H Fayram,AE,SE,,,,,USA,USA
NAJFM,2010,30,1,75,Anthony,C,Fiumera,Anthony C Fiumera,AE,SE,,,,,USA,USA
NAJFM,2010,30,1,2384,Mark,,Gard,Mark Gard,AE,SE,,,,,USA,USA
NAJFM,2010,30,1,701,David,R,Geist,David R Geist,AE,SE,,,,,USA,USA
NAJFM,2010,30,1,2008,Kenneth,G,Gerow,Kenneth G Gerow,AE,SE,,,,,USA,USA
NAJFM,2010,30,1,468,Carolyn,A,Griswold,Carolyn A Griswold,E,EIC,,,,,USA,USA
NAJFM,2010,30,1,2395,Michael,J,Hansen,Michael J Hansen,E,EIC,,,,,USA,USA
NAJFM,2010,30,1,477,Chris,J,Harvey,Chris J Harvey,AE,SE,,,,,USA,USA
NAJFM,2010,30,1,721,David,A,Hewitt,David A Hewitt,AE,SE,,,,,USA,USA
NAJFM,2010,30,1,1639,John,M,Hoenig,John M Hoenig,AE,SE,,,,,USA,USA
NAJFM,2010,30,1,1205,Gregg,E,Horton,Gregg E Horton,AE,SE,,,,,USA,USA
NAJFM,2010,30,1,2471,Michael,C,McInerny,Michael C McInerny,AE,SE,,,,,USA,USA
NAJFM,2010,30,1,547,Craig,,Paukert,Craig Paukert,AE,SE,,,,,USA,USA
NAJFM,2010,30,1,2531,Michael,C,Quist,Michael C Quist,AE,SE,,,,,USA,USA
NAJFM,2010,30,1,3453,Stephen,C,Riley,Stephen C Riley,E,EIC,,,,,USA,USA
NAJFM,2010,30,1,1835,Jacques,,Rinchard,Jacques Rinchard,AE,SE,,,,,USA,USA
NAJFM,2010,30,1,2912,Patrick,,Schmalz,Patrick Schmalz,AE,SE,,,,,USA,USA
NAJFM,2010,30,1,2561,Michael,,Siepker,Michael Siepker,AE,SE,,,,,USA,USA
NAJFM,2010,30,1,360,Brian,L,Sloss,Brian L Sloss,AE,SE,,,,,USA,USA
NAJFM,2010,30,1,2570,Martin,A,Stapanian,Martin A Stapanian,AE,SE,,,,,USA,USA
NAJFM,2010,30,1,1264,Geraldine,,VanderHaegen,Geraldine VanderHaegen,AE,SE,,,,,USA,USA
NAJFM,2011,31,1,1432,Jean,V,Adams,Jean V Adams,AE,SE,,,,,USA,USA
NAJFM,2011,31,1,382,Christopher,M,Anderson,Christopher M Anderson,AE,SE,,,,,USA,USA
NAJFM,2011,31,1,2972,Robert,,Arlinghaus,Robert Arlinghaus,AE,SE,,,,,Germany,DEU
NAJFM,2011,31,1,406,Charles,R,Bronte,Charles R Bronte,AE,SE,,,,,USA,USA
NAJFM,2011,31,1,661,Daniel,J,Daugherty,Daniel J Daugherty,AE,SE,,,,,USA,USA
NAJFM,2011,31,1,3047,Richard,T,Eades,Richard T Eades,E,EIC,,,,,USA,USA
NAJFM,2011,31,1,2384,Mark,,Gard,Mark Gard,AE,SE,,,,,USA,USA
NAJFM,2011,31,1,701,David,R,Geist,David R Geist,AE,SE,,,,,USA,USA
NAJFM,2011,31,1,2008,Kenneth,G,Gerow,Kenneth G Gerow,AE,SE,,,,,USA,USA
NAJFM,2011,31,1,468,Carolyn,A,Griswold,Carolyn A Griswold,E,EIC,,,,,USA,USA
NAJFM,2011,31,1,1639,John,M,Hoenig,John M Hoenig,AE,SE,,,,,USA,USA
NAJFM,2011,31,1,107,Andrij,Z,Horodysky,Andrij Z Horodysky,AE,SE,,,,,USA,USA
NAJFM,2011,31,1,733,Daniel,,Isermann,Daniel Isermann,AE,SE,,,,,USA,USA
NAJFM,2011,31,1,506,Christopher,M,Legault,Christopher M Legault,AE,SE,,,,,USA,USA
NAJFM,2011,31,1,1734,John,A,Magee,John A Magee,AE,SE,,,,,USA,USA
NAJFM,2011,31,1,2471,Michael,C,McInerny,Michael C McInerny,AE,SE,,,,,USA,USA
NAJFM,2011,31,1,2480,Matthew,G,Mitro,Matthew G Mitro,AE,SE,,,,,USA,USA
NAJFM,2011,31,1,2065,Kevin,,Page,Kevin Page,AE,SE,,,,,USA,USA
NAJFM,2011,31,1,547,Craig,,Paukert,Craig Paukert,AE,SE,,,,,USA,USA
NAJFM,2011,31,1,3453,Stephen,C,Riley,Stephen C Riley,E,EIC,,,,,USA,USA
NAJFM,2011,31,1,1835,Jacques,,Rinchard,Jacques Rinchard,AE,SE,,,,,USA,USA
NAJFM,2011,31,1,860,Daniel,J,Schill,Daniel J Schill,AE,SE,,,,,USA,USA
NAJFM,2011,31,1,2912,Patrick,,Schmalz,Patrick Schmalz,AE,SE,,,,,USA,USA
NAJFM,2011,31,1,2561,Michael,,Siepker,Michael Siepker,AE,SE,,,,,USA,USA
NAJFM,2011,31,1,1264,Geraldine,,VanderHaegen,Geraldine VanderHaegen,AE,SE,,,,,USA,USA
NAJFM,2011,31,1,1274,Gene,R,Wilde,Gene R Wilde,AE,SE,,,,,USA,USA
NAJFM,2011,31,1,1427,Isaac,,Wirgin,Isaac Wirgin,AE,SE,,,,,USA,USA
NAJFM,2012,32,1,382,Christopher,M,Anderson,Christopher M Anderson,AE,SE,,,,,USA,USA
NAJFM,2012,32,1,2972,Robert,,Arlinghaus,Robert Arlinghaus,AE,SE,,,,,Germany,DEU
NAJFM,2012,32,1,406,Charles,R,Bronte,Charles R Bronte,AE,SE,,,,,USA,USA
NAJFM,2012,32,1,661,Daniel,J,Daugherty,Daniel J Daugherty,AE,SE,,,,,USA,USA
NAJFM,2012,32,1,3047,Richard,T,Eades,Richard T Eades,E,EIC,,,,,USA,USA
NAJFM,2012,32,1,2384,Mark,,Gard,Mark Gard,AE,SE,,,,,USA,USA
NAJFM,2012,32,1,701,David,R,Geist,David R Geist,AE,SE,,,,,USA,USA
NAJFM,2012,32,1,2008,Kenneth,G,Gerow,Kenneth G Gerow,AE,SE,,,,,USA,USA
NAJFM,2012,32,1,468,Carolyn,A,Griswold,Carolyn A Griswold,E,EIC,,,,,USA,USA
NAJFM,2012,32,1,107,Andrij,Z,Horodysky,Andrij Z Horodysky,AE,SE,,,,,USA,USA
NAJFM,2012,32,1,733,Daniel,,Isermann,Daniel Isermann,AE,SE,,,,,USA,USA
NAJFM,2012,32,1,506,Christopher,M,Legault,Christopher M Legault,AE,SE,,,,,USA,USA
NAJFM,2012,32,1,1734,John,A,Magee,John A Magee,AE,SE,,,,,USA,USA
NAJFM,2012,32,1,2471,Michael,C,McInerny,Michael C McInerny,AE,SE,,,,,USA,USA
NAJFM,2012,32,1,2480,Matthew,G,Mitro,Matthew G Mitro,AE,SE,,,,,USA,USA
NAJFM,2012,32,1,331,Ben,C,Neely,Ben C Neely,AE,SE,,,,,USA,USA
NAJFM,2012,32,1,2065,Kevin,,Page,Kevin Page,AE,SE,,,,,USA,USA
NAJFM,2012,32,1,3445,Steven,H,Ranney,Steven H Ranney,AE,SE,,,,,USA,USA
NAJFM,2012,32,1,3453,Stephen,C,Riley,Stephen C Riley,E,EIC,,,,,USA,USA
NAJFM,2012,32,1,1835,Jacques,,Rinchard,Jacques Rinchard,AE,SE,,,,,USA,USA
NAJFM,2012,32,1,2912,Patrick,,Schmalz,Patrick Schmalz,AE,SE,,,,,USA,USA
NAJFM,2012,32,1,2561,Michael,,Siepker,Michael Siepker,AE,SE,,,,,USA,USA
NAJFM,2012,32,1,1264,Geraldine,,VanderHaegen,Geraldine VanderHaegen,AE,SE,,,,,USA,USA
NAJFM,2012,32,1,1427,Isaac,,Wirgin,Isaac Wirgin,AE,SE,,,,,USA,USA
NAJFM,2012,32,1,1970,John,R,Young,John R Young,AE,SE,,,,,USA,USA
NAJFM,2013,33,1,382,Christopher,M,Anderson,Christopher M Anderson,AE,SE,,,,,USA,USA
NAJFM,2013,33,1,2972,Robert,,Arlinghaus,Robert Arlinghaus,AE,SE,,,,,Germany,DEU
NAJFM,2013,33,1,2293,Michael,C,Bell,Michael C Bell,AE,SE,,,,,UK,GBR
NAJFM,2013,33,1,406,Charles,R,Bronte,Charles R Bronte,AE,SE,,,,,USA,USA
NAJFM,2013,33,1,661,Daniel,J,Daugherty,Daniel J Daugherty,AE,SE,,,,,USA,USA
NAJFM,2013,33,1,3047,Richard,T,Eades,Richard T Eades,E,EIC,,,,,USA,USA
NAJFM,2013,33,1,276,Benny,,Gallaway,Benny Gallaway,AE,SE,,,,,USA,USA
NAJFM,2013,33,1,2384,Mark,,Gard,Mark Gard,AE,SE,,,,,USA,USA
NAJFM,2013,33,1,701,David,R,Geist,David R Geist,AE,SE,,,,,USA,USA
NAJFM,2013,33,1,721,David,A,Hewitt,David A Hewitt,AE,SE,,,,,USA,USA
NAJFM,2013,33,1,107,Andrij,Z,Horodysky,Andrij Z Horodysky,AE,SE,,,,,USA,USA
NAJFM,2013,33,1,733,Daniel,,Isermann,Daniel Isermann,AE,SE,,,,,USA,USA
NAJFM,2013,33,1,2024,Kevin,,Kapuscinski,Kevin Kapuscinski,AE,SE,,,,,USA,USA
NAJFM,2013,33,1,2428,Matthew,,Keefer,Matthew Keefer,AE,SE,,,,,USA,USA
NAJFM,2013,33,1,506,Christopher,M,Legault,Christopher M Legault,AE,SE,,,,,USA,USA
NAJFM,2013,33,1,508,Christine,A,Lipsky,Christine A Lipsky,AE,SE,,,,,USA,USA
NAJFM,2013,33,1,1734,John,A,Magee,John A Magee,AE,SE,,,,,USA,USA
NAJFM,2013,33,1,2471,Michael,C,McInerny,Michael C McInerny,AE,SE,,,,,USA,USA
NAJFM,2013,33,1,2480,Matthew,G,Mitro,Matthew G Mitro,AE,SE,,,,,USA,USA
NAJFM,2013,33,1,331,Ben,C,Neely,Ben C Neely,AE,SE,,,,,USA,USA
NAJFM,2013,33,1,2065,Kevin,,Page,Kevin Page,AE,SE,,,,,USA,USA
NAJFM,2013,33,1,3445,Steven,H,Ranney,Steven H Ranney,AE,SE,,,,,USA,USA
NAJFM,2013,33,1,3453,Stephen,C,Riley,Stephen C Riley,E,EIC,,,,,USA,USA
NAJFM,2013,33,1,1835,Jacques,,Rinchard,Jacques Rinchard,AE,SE,,,,,USA,USA
NAJFM,2013,33,1,2912,Patrick,,Schmalz,Patrick Schmalz,AE,SE,,,,,USA,USA
NAJFM,2013,33,1,2561,Michael,,Siepker,Michael Siepker,AE,SE,,,,,USA,USA
NAJFM,2013,33,1,1264,Geraldine,,VanderHaegen,Geraldine VanderHaegen,E,EIC,,,,,USA,USA
NAJFM,2013,33,1,1427,Isaac,,Wirgin,Isaac Wirgin,AE,SE,,,,,USA,USA
NAJFM,2013,33,1,1970,John,R,Young,John R Young,AE,SE,,,,,USA,USA
NAJFM,2014,34,1,382,Christopher,M,Anderson,Christopher M Anderson,AE,SE,University of Washington,,,,USA,USA
NAJFM,2014,34,1,3511,Thomas,P,Archdeacon,Thomas P Archdeacon,AE,SE,New Mexico Fish and Wildlife Conservation Office,,,,USA,USA
NAJFM,2014,34,1,2972,Robert,,Arlinghaus,Robert Arlinghaus,AE,SE,,,,,Germany,DEU
NAJFM,2014,34,1,2293,Michael,C,Bell,Michael C Bell,AE,SE,,,,,UK,GBR
NAJFM,2014,34,1,406,Charles,R,Bronte,Charles R Bronte,AE,SE,U.S. Fish and Wildlife Service,,,,USA,USA
NAJFM,2014,34,1,661,Daniel,J,Daugherty,Daniel J Daugherty,AE,SE,Texas Parks and Wildlife Department,,,,USA,USA
NAJFM,2014,34,1,3047,Richard,T,Eades,Richard T Eades,E,AE,Nebraska Game and Parks Commission,,,,USA,USA
NAJFM,2014,34,1,276,Benny,J,Gallaway,Benny J Gallaway,AE,SE,LGL Ecological Research Associates,,,,USA,USA
NAJFM,2014,34,1,2384,Mark,,Gard,Mark Gard,AE,SE,,,,,USA,USA
NAJFM,2014,34,1,701,David,R,Geist,David R Geist,AE,SE,Pacific Northwest National Laboratory,,,,USA,USA
NAJFM,2014,34,1,1193,Geraldine,V,Haegen,Geraldine V Haegen,E,AE,Northwest Marine Technology Inc.,,,,USA,USA
NAJFM,2014,34,1,721,David,A,Hewitt,David A Hewitt,AE,SE,Western Fisheries Research Center,,,,USA,USA
NAJFM,2014,34,1,107,Andrij,Z,Horodysky,Andrij Z Horodysky,AE,SE,Hampton University,,,,USA,USA
NAJFM,2014,34,1,733,Daniel,,Isermann,Daniel Isermann,AE,SE,,,,,USA,USA
NAJFM,2014,34,1,2024,Kevin,,Kapuscinski,Kevin Kapuscinski,AE,SE,,,,,USA,USA
NAJFM,2014,34,1,2428,Matthew,,Keefer,Matthew Keefer,AE,SE,,,,,USA,USA
NAJFM,2014,34,1,1681,Jud,,Kratzer,Jud Kratzer,AE,SE,,,,,USA,USA
NAJFM,2014,34,1,508,Christine,A,Lipsky,Christine A Lipsky,AE,SE,Northeast Fisheries Science Center,,,,USA,USA
NAJFM,2014,34,1,331,Ben,C,Neely,Ben C Neely,AE,SE,"Kansas Department of Wildlife, Parks, and Tourism",,,,USA,USA
NAJFM,2014,34,1,2065,Kevin,,Page,Kevin Page,AE,SE,,,,,USA,USA
NAJFM,2014,34,1,3453,Stephen,C,Riley,Stephen C Riley,E,AE,U.S. Geological Survey Great Lakes Science Center,,,,USA,USA
NAJFM,2014,34,1,1835,Jacques,,Rinchard,Jacques Rinchard,AE,SE,,,,,USA,USA
NAJFM,2014,34,1,2912,Patrick,,Schmalz,Patrick Schmalz,AE,SE,,,,,USA,USA
NAJFM,2014,34,1,1427,Isaac,,Wirgin,Isaac Wirgin,AE,SE,,,,,USA,USA
NAJFM,2014,34,1,1970,John,,Young,John Young,AE,SE,,,,,USA,USA