,journal,year,editor_id,first_na,middle_,last_na,inst,unit,city,state,country,notes
85,JAPE,1985,24,Anthony,David,Bradshaw,University of Liverpool,Botany,Liverpool,unknown,United Kingdom,
86,JAPE,1986,24,Anthony,David,Bradshaw,,,,,,
87,JAPE,1987,24,Anthony,David,Bradshaw,,,,,,
88,JAPE,1988,24,Anthony,David,Bradshaw,,,,,,
189,JAPE,2006,65,Andreas,NA,Erhardt,University of Basel,Dept Integrat Biol,Basel,unknown,Switzerland,
190,JAPE,2007,65,Andreas,NA,Erhardt,,,,,,
191,JAPE,2008,65,Andreas,NA,Erhardt,,,,,,
192,JAPE,2009,65,Andreas,NA,Erhardt,,,,,,
285,JAPE,1996,104,Alison,NA,Hester,Macaulay Institute,unknown,Cragiebuckler,Aberdeen,Scotland,
286,JAPE,1997,104,Alison,NA,Hester,,,,,,
287,JAPE,1998,104,Alison,NA,Hester,,,,,,
288,JAPE,1999,104,Alison,NA,Hester,,,,,,
289,JAPE,2000,104,Alison,NA,Hester,,,,,,
290,JAPE,2001,104,Alison,NA,Hester,,,,,,
291,JAPE,2002,104,Alison,NA,Hester,,,,,,
461,JAPE,2013,150,Ailsa,NA,McKenzie,Newcastle University,unknown,Newcastle upon Tyne,unknown,United Kingdom,
462,JAPE,2014,150,Ailsa,NA,McKenzie,,unknown,,unknown,United Kingdom,
463,JAPE,2015,150,Ailsa,NA,McKenzie,,unknown,,unknown,United Kingdom,
560,JAPE,2006,174,Andres,NA,Punt,University of Washington,unknown,Seattle,unknown,USA,
561,JAPE,2007,174,Andres,NA,Punt,,unknown,,,USA,
562,JAPE,2008,174,Andres,NA,Punt,,unknown,,,USA,
563,JAPE,2009,174,Andres,NA,Punt,,unknown,,,USA,
559,JAPE,2010,174,Andres,NA,Punt,,unknown,,,USA,
564,JAPE,2011,174,Andres,NA,Punt,,unknown,,,USA,
565,JAPE,2012,174,Andres,NA,Punt,,unknown,,,USA,
566,JAPE,2013,174,Andres,NA,Punt,,unknown,,,USA,
567,JAPE,2014,174,Andres,NA,Punt,,unknown,,,USA,
568,JAPE,2015,174,Andres,NA,Punt,,unknown,,,USA,
609,JAPE,1985,186,Arthur,John,Rutter,unknown,unknown,Ascot,Berks,United Kingdom,
610,JAPE,1986,186,Arthur,John,Rutter,,unknown,unknown,unknown,United Kingdom,
611,JAPE,1987,186,Arthur,John,Rutter,,unknown,,,United Kingdom,
612,JAPE,1988,186,Arthur,John,Rutter,,unknown,,,United Kingdom,
620,JAPE,2007,196,Andy,NA,Sheppard,CSIRO,unknown,Canberra,unknown,Australia,
621,JAPE,2008,196,Andy,NA,Sheppard,,unknown,,,Australia,
622,JAPE,2009,196,Andy,NA,Sheppard,,unknown,,,Australia,
623,JAPE,2010,196,Andy,NA,Sheppard,,unknown,,,Australia,
624,JAPE,2011,196,Andy,NA,Sheppard,,unknown,,,Australia,
625,JAPE,2012,196,Andy,NA,Sheppard,,unknown,,,Australia,
626,JAPE,2013,196,Andy,NA,Sheppard,,unknown,,,Australia,
627,JAPE,2014,196,Andy,NA,Sheppard,,unknown,,,Australia,
628,JAPE,2015,196,Andy,NA,Sheppard,,unknown,,,Australia,
688,JAPE,2013,209,Angela,NA,Strecker,Portland State ,Environmental Science and Management ,Portland,Oregon,United States,
689,JAPE,2015,209,Angela,NA,Strecker,,,,,United States,
741,JAPE,1996,225,Andrew,R,Watkinson,University of East Anglia,School of Biological Science,unknown,Norwich,United Kingdom,
742,JAPE,1997,225,Andrew,R,Watkinson,,Schools of Biological and Environmental Sciences ,,,United Kingdom,
743,JAPE,1998,225,Andrew,R,Watkinson,,,,,United Kingdom,
744,JAPE,1999,225,Andrew,R,Watkinson,,,,,United Kingdom,
745,JAPE,2000,225,Andrew,R,Watkinson,,,,,United Kingdom,
39,JAPE,1985,242,B,L,Bayne,Institute of Marine Environment and Resources,unknown,Plymouth,Berks,United Kingdom,
40,JAPE,1986,242,B,L,Bayne,,unknown,,,United Kingdom,
41,JAPE,1987,242,B,L,Bayne,,unknown,,,United Kingdom,
42,JAPE,1988,242,B,L,Bayne,,unknown,,,United Kingdom,
43,JAPE,1989,242,B,L,Bayne,Plymouth Marine Lab,unknown,unknown,unknown,United Kingdom,
44,JAPE,1990,242,B,L,Bayne,,unknown,,,United Kingdom,
45,JAPE,1991,242,B,L,Bayne,,unknown,,,United Kingdom,
46,JAPE,1992,242,B,L,Bayne,,unknown,,,United Kingdom,
47,JAPE,1993,242,B,L,Bayne,,unknown,,,United Kingdom,
48,JAPE,1994,242,B,L,Bayne,,unknown,,,United Kingdom,
49,JAPE,1995,242,B,L,Bayne,,unknown,,,United Kingdom,
784,JAPE,2011,376,Brian,NA,Wilsey,Iowa State University ,unknown,Ames,Iowa,USA,
785,JAPE,2012,376,Brian,NA,Wilsey,,unknown,,,,
786,JAPE,2013,376,Brian,NA,Wilsey,,unknown,,,,
787,JAPE,2014,376,Brian,NA,Wilsey,,unknown,,,,
788,JAPE,2015,376,Brian,NA,Wilsey,,unknown,,,,
802,JAPE,2008,377,Brenden,NA,Wintle,University of Melbourne,unknown,Melbourne,unknown,Australia,
803,JAPE,2009,377,Brenden,NA,Wintle,,,,,Australia,
801,JAPE,2010,377,Brenden,NA,Wintle,,,,,Australia,
804,JAPE,2011,377,Brenden,NA,Wintle,,,,,,
805,JAPE,2012,377,Brenden,NA,Wintle,,,,,,
806,JAPE,2013,377,Brenden,NA,Wintle,,,,,,
807,JAPE,2014,377,Brenden,NA,Wintle,,,,,,
808,JAPE,2015,377,Brenden,NA,Wintle,,,,,,
19,JAPE,2013,390,Christina,NA,Banks-Lei,Imperial College ,unknown,unknown,London,United Kingdom,
20,JAPE,2014,390,Christina,NA,Banks-Leite,,,,,,
21,JAPE,2015,390,Christina,NA,Banks-Leite,,,,,,
179,JAPE,2009,437,Christl,NA,Donnelly,Imperial College ,unknown,unknown,London,United Kingdom,
178,JAPE,2010,437,Christl,NA,Donnelly,,,,,United Kingdom,
237,JAPE,2006,454,Chris,LJ,Frid,University of Liverpool,unknown,Liverpool,unknown,United Kingdom,
238,JAPE,2007,454,Chris,LJ,Frid,,,,,,
239,JAPE,2008,454,Chris,LJ,Frid,,,,,,
240,JAPE,2009,454,Chris,LJ,Frid,,,,,,
236,JAPE,2010,454,Chris,LJ,Frid,,,,,,
241,JAPE,2011,454,Chris,LJ,Frid,,,,,,
242,JAPE,2012,454,Chris,LJ,Frid,,,,,,
243,JAPE,2013,454,Chris,LJ,Frid,,,,,,
244,JAPE,2014,454,Chris,LJ,Frid,,,,,,
245,JAPE,2015,454,Chris,LJ,Frid,,,,,,
426,JAPE,1989,521,Christoph,NA,Mason,University of Essex,unknown,unknown,Colchester,United Kingdom,
427,JAPE,1990,521,Christoph,NA,Mason,,,,,,
428,JAPE,1991,521,Christoph,NA,Mason,,,,,,
429,JAPE,1992,521,Christoph,NA,Mason,,,,,,
430,JAPE,1993,521,Christoph,NA,Mason,,,,,,
431,JAPE,1994,521,Christoph,NA,Mason,,,,,,
432,JAPE,1995,521,Christoph,NA,Mason,,,,,,
433,JAPE,1996,521,Christoph,NA,Mason,,,,,,
777,JAPE,2007,593,Chris,NA,Wilcox,CSIRO Marine and Atmospheric Research,unknown,unknown,Hobart,Australia,
778,JAPE,2008,593,Chris,NA,Wilcox,,,,,,
779,JAPE,2009,593,Chris,NA,Wilcox,,,,,,
776,JAPE,2010,593,Chris,NA,Wilcox,,,,,,
780,JAPE,2011,593,Chris,NA,Wilcox,,,,,,
781,JAPE,2012,593,Chris,NA,Wilcox,,,,,,
1,JAPE,2011,608,David,NA,Angeler,Sweedish University of Agricultural Sciences,unknown,Uppsala,unknown,Sweden,
2,JAPE,2012,608,David,NA,Angeler,,,,,Sweden,
3,JAPE,2013,608,David,NA,Angeler,,,,,Sweden,
4,JAPE,2014,608,David,NA,Angeler,,,,,Sweden,
5,JAPE,2015,608,David,NA,Angeler,,,,,Sweden,
53,JAPE,1985,629,David,E,Bignell,University of London Westfield,unknown,unknown,London,United Kingdom,
54,JAPE,1986,629,David,E,Bignell,,,,,,
55,JAPE,1987,629,David,E,Bignell,,,,,,
56,JAPE,1988,629,David,E,Bignell,,,,,,
57,JAPE,1989,629,David,E,Bignell,,,,,,
58,JAPE,1990,629,David,E,Bignell,,,,,,
59,JAPE,1991,629,David,E,Bignell,University of London Queen Mary ,unknown,unknown,unknown,United Kingdom,
60,JAPE,1992,629,David,E,Bignell,,,,,,
61,JAPE,1993,629,David,E,Bignell,,,,,,
62,JAPE,1994,629,David,E,Bignell,,,,,,
63,JAPE,1995,629,David,E,Bignell,,,,,,
268,JAPE,2008,718,Daniel,NA,Haydon,University of Glasgow,unknown,unknown,Glasgow,United Kingdom,
269,JAPE,2009,718,Daniel,NA,Haydon,,,,,United Kingdom,
292,JAPE,1993,722,David,A,Hill,unknown,unknown,Thetford,unknown,United Kingdom,
293,JAPE,1994,722,David,A,Hill,,unknown,,,United Kingdom,
294,JAPE,1995,722,David,A,Hill,,unknown,Cambridge,unknown,United Kingdom,
295,JAPE,1996,722,David,A,Hill,,unknown,,,,
296,JAPE,1997,722,David,A,Hill,,unknown,,,,
297,JAPE,1998,722,David,A,Hill,,unknown,,,,
298,JAPE,1999,722,David,A,Hill,,unknown,,,,
318,JAPE,2011,727,Danny,NA,Hooftman,Centre for Ecology and Hydrology,unknown,Wallingford,unknown,United Kingdom,
319,JAPE,2012,727,Danny,NA,Hooftman,,unknown,,,,
320,JAPE,2013,727,Danny,NA,Hooftman,,unknown,,,,
321,JAPE,2014,727,Danny,NA,Hooftman,,unknown,,,,
322,JAPE,2015,727,Danny,NA,Hooftman,,unknown,,,,
369,JAPE,2007,747,David,NA,Kleijn,Wageningen University ,unknown,Nijmegen,unknown,Netherlands,
370,JAPE,2008,747,David,NA,Kleijn,,unknown,,,,
371,JAPE,2009,747,David,NA,Kleijn,,unknown,,,,
368,JAPE,2010,747,David,NA,Kleijn,,unknown,,,,
372,JAPE,2011,747,David,NA,Kleijn,,unknown,,,,
373,JAPE,2012,747,David,NA,Kleijn,,unknown,,,,
374,JAPE,2013,747,David,NA,Kleijn,,unknown,,,,
375,JAPE,2014,747,David,NA,Kleijn,,unknown,,,,
376,JAPE,2015,747,David,NA,Kleijn,,unknown,,,,
377,JAPE,2010,755,Doug,NA,Landis,Michigan State University ,unknown,unknown,East Lansing,USA,MISSING 2012
378,JAPE,2011,755,Doug,NA,Landis,,unknown,unknown,,USA,
379,JAPE,2013,755,Doug,NA,Landis,,unknown,unknown,,USA,
445,JAPE,1996,785,David,I,McCracken,Scottish Agricultural College,unknown,Auchincruive,Ayr,United Kingdom,
446,JAPE,1997,785,David,I,McCracken,,unknown,,,,
447,JAPE,1998,785,David,I,McCracken,,unknown,,,,
448,JAPE,1999,785,David,I,McCracken,,unknown,,,,
449,JAPE,2000,785,David,I,McCracken,,unknown,,,,
450,JAPE,2001,785,David,I,McCracken,,unknown,,,,
451,JAPE,2002,785,David,I,McCracken,,unknown,,,,
452,JAPE,2003,785,David,I,McCracken,,unknown,,,,
453,JAPE,2004,785,David,I,McCracken,,unknown,,,,
454,JAPE,2005,785,David,I,McCracken,,unknown,,,,
455,JAPE,2006,785,David,I,McCracken,,unknown,,,,
444,JAPE,2007,785,David,I,McCracken,,unknown,,,,
456,JAPE,2008,785,David,I,McCracken,,unknown,,,,
457,JAPE,2009,785,David,I,McCracken,,unknown,,,,
458,JAPE,2010,785,David,I,McCracken,,unknown,,,,
459,JAPE,2011,785,David,I,McCracken,,unknown,,,,
460,JAPE,2012,785,David,I,McCracken,,unknown,,,,
704,JAPE,2006,890,Des,NA,Thompson,Scottish Natural Heritage,unknown,Edinburgh,unknown,United Kingdom,
705,JAPE,2007,890,Des,NA,Thompson,,unknown,,,,
706,JAPE,2008,890,Des,NA,Thompson,,unknown,,,,
707,JAPE,2009,890,Des,NA,Thompson,,unknown,,,,
703,JAPE,2010,890,Des,NA,Thompson,,unknown,,,,
708,JAPE,2011,890,Des,NA,Thompson,,unknown,,,,
709,JAPE,2012,890,Des,NA,Thompson,,unknown,,,,
710,JAPE,2014,890,Des,NA,Thompson,,unknown,,,,
711,JAPE,2015,890,Des,NA,Thompson,,unknown,,,,
758,JAPE,1988,910,David,NA,Welch,unknown,unknown,Banchory,unknown,United Kingdom,
759,JAPE,1989,910,David,NA,Welch,,,,,,
760,JAPE,1990,910,David,NA,Welch,,,,,,
761,JAPE,1991,910,David,NA,Welch,,,,,,
762,JAPE,1992,910,David,NA,Welch,,,,,,
763,JAPE,1993,910,David,NA,Welch,,,,,,
764,JAPE,1994,910,David,NA,Welch,,,,,,
765,JAPE,1995,910,David,NA,Welch,,,,,,
766,JAPE,1996,910,David,NA,Welch,,,,,,
151,JAPE,2012,951,Erika,NA,Crispo,University of Calgary ,unknown,Calgary,Alberta,Canada,
152,JAPE,2013,951,Erika,NA,Crispo,,unknown,,,,
153,JAPE,2014,951,Erika,NA,Crispo,,unknown,,,,
154,JAPE,2015,951,Erika,NA,Crispo,,unknown,,,,
194,JAPE,2008,965,Esteban,NA,Fernandez-Juricic,California State,Biology,Long Beach,California,USA,
195,JAPE,2009,965,Esteban,NA,Fernandez-Juricic,Purdue University,Biology,West Lafayette,Indiana,USA,
193,JAPE,2010,965,Esteban,NA,Fernande-Juricic,,,,,,
196,JAPE,2011,965,Esteban,NA,Fernandez-Juricic,,,,,,
197,JAPE,2012,965,Esteban,NA,Fernandez-Juricic,,,,,,
198,JAPE,2013,965,Esteban,NA,Fernandez-Juricic,,,,,,
199,JAPE,2014,965,Esteban,NA,Fernandez-Juricic,,,,,,
200,JAPE,2015,965,Esteban,NA,Fernandez-Juricic,,,,,,
476,JAPE,2002,1004,Eleanor,Jane,Milner-Gulland,Imperial College ,unknown,unknown,London,United Kingdom,
477,JAPE,2003,1004,Eleanor,Jane,Milner-Gulland,,,,,,
478,JAPE,2004,1004,Eleanor,Jane,Milner-Gulland,,,,,,
479,JAPE,2005,1004,Eleanor,Jane,Milner-Gulland,,,,,,
480,JAPE,2006,1004,Eleanor,Jane,Milner-Gulland,,,,,,
481,JAPE,2007,1004,Eleanor,Jane,Milner-Gulland,,,,,,
475,JAPE,2008,1004,Eleanor,Jane,Milner-Gulland,,,,,,
482,JAPE,2009,1004,Eleanor,Jane,Milner-Gulland,,,,,,
483,JAPE,2010,1004,Eleanor,Jane,Milner-Gulland,,,,,,
484,JAPE,2011,1004,Eleanor,Jane,Milner-Gulland,,,,,,
485,JAPE,2012,1004,Eleanor,Jane,Milner-Gulland,,,,,,
486,JAPE,2013,1004,Eleanor,Jane,Milner-Gulland,,,,,,
487,JAPE,2014,1004,Eleanor,Jane,Milner-Gulland,,,,,,
500,JAPE,2010,1006,Eric,NA,Morgan,University of Bristol,unknown,unknown,Bristol,United Kingdom,
501,JAPE,2011,1006,Eric,NA,Morgan,,unknown,unknown,,,
502,JAPE,2012,1006,Eric,NA,Morgan,,unknown,unknown,,,
503,JAPE,2013,1006,Eric,NA,Morgan,,unknown,unknown,,,
504,JAPE,2014,1006,Eric,NA,Morgan,,unknown,unknown,,,
272,JAPE,2007,1079,Fangliang,NA,He,University of Alberta,unknown,Alberta,unknown,Canada,
273,JAPE,2008,1079,Fangliang,NA,He,,unknown,,,,
274,JAPE,2009,1079,Fangliang,NA,He,,unknown,,,,
271,JAPE,2010,1079,Fangliang,NA,He,,unknown,,,Canada,
334,JAPE,2000,1209,Glenn,R,Iason,University of Aberdeen,unknown,Aberdeen,unknown,United Kingdom,
335,JAPE,2001,1209,Glenn,R,Iason,,unknown,,,,
336,JAPE,2002,1209,Glenn,R,Iason,,unknown,,,,
337,JAPE,2003,1209,Glenn,R,Iason,,unknown,,,,
338,JAPE,2004,1209,Glenn,R,Iason,,unknown,,,,
629,JAPE,2005,1260,Graham,NA,Smith,unknown,unknown,York,unknown,United Kingdom,
630,JAPE,2006,1260,Graham,NA,Smith,,unknown,,,,
102,JAPE,2010,1290,Harald,NA,Bugmann,Swiss Federal Institute of Technology Zurich,unknown,Zurich,unknown,Switzerland,
103,JAPE,2011,1290,Harald,NA,Bugmann,,unknown,,,,
104,JAPE,2012,1290,Harald,NA,Bugmann,,unknown,,,,
105,JAPE,2013,1290,Harald,NA,Bugmann,,unknown,,,,
106,JAPE,2014,1290,Harald,NA,Bugmann,,unknown,,,,
107,JAPE,2015,1290,Harald,NA,Bugmann,,unknown,,,,
339,JAPE,1992,1316,Hugh,AP,Ingram,University of Dundee,Biological Sciences,Dundee,Scotland,United Kingdom,
340,JAPE,1993,1316,Hugh,AP,Ingram,,,,,,
341,JAPE,1994,1316,Hugh,AP,Ingram,,,,,,
342,JAPE,1995,1316,Hugh,AP,Ingram,,,,,,
343,JAPE,1996,1316,Hugh,AP,Ingram,,,,,,
441,JAPE,2013,1339,Hamish,NA,McCallum,Griffith University ,unknown,unknown,South East Queensland,Australia,
442,JAPE,2014,1339,Hamish,NA,McCallum,,,,,,
443,JAPE,2015,1339,Hamish,NA,McCallum,,,,,,
694,JAPE,1989,1368,Henry,NA,Thomas,unknown,unknown,unknown,unknown,United Kingdom,
695,JAPE,1990,1368,Henry,NA,Thomas,,unknown,unknown,,,
696,JAPE,1991,1368,Henry,NA,Thomas,,unknown,unknown,,,
697,JAPE,1992,1368,Henry,NA,Thomas,,unknown,Aberystwyth,,,
698,JAPE,1993,1368,Henry,NA,Thomas,,unknown,,,,
699,JAPE,1994,1368,Henry,NA,Thomas,,unknown,,,,
700,JAPE,1995,1368,Henry,NA,Thomas,,unknown,,,,
701,JAPE,1996,1368,Henry,NA,Thomas,,unknown,,,,
702,JAPE,1997,1368,Henry,NA,Thomas,,unknown,,,,
362,JAPE,2014,1403,Ian,NA,Kaplan,Purdue University,unknown,West Lafayette,Indiana,USA,
363,JAPE,2015,1403,Ian,NA,Kaplan,,unknown,,,,
646,JAPE,1988,1420,Ian,F,Spellerberg,University of Southampton,unknown,Southampton,unknown,United Kingdom,
647,JAPE,1989,1420,Ian,F,Spellerberg,,unknown,,,,
648,JAPE,1990,1420,Ian,F,Spellerberg,,unknown,,,,
649,JAPE,1991,1420,Ian,F,Spellerberg,,unknown,,,,
650,JAPE,1992,1420,Ian,F,Spellerberg,,unknown,,,,
651,JAPE,1993,1420,Ian,F,Spellerberg,,unknown,,,,
652,JAPE,1994,1420,Ian,F,Spellerberg,Lincoln College,unknown,Canterbury,,New Zealand,
653,JAPE,1995,1420,Ian,F,Spellerberg,,unknown,,,,
654,JAPE,1996,1420,Ian,F,Spellerberg,,unknown,,,,
670,JAPE,2006,1421,Ingolf,NA,Steffan-Dewenter,University of Gottingen,unknown,Gottingen,unknown,Germany,
671,JAPE,2007,1421,Ingolf,NA,Steffan-Dewenter,,unknown,,,,
672,JAPE,2008,1421,Ingolf,NA,Steffan-Dewenter,,unknown,,,,
673,JAPE,2009,1421,Ingolf,NA,Steffan-Dewenter,University of Bayreuth,unknown,Bayreuth,,,
668,JAPE,2010,1421,Ingolf,NA,Steffan-Dewenter,,unknown,,,,
674,JAPE,2011,1421,Ingolf,NA,Steffan-Dewenter,,unknown,,,,
675,JAPE,2012,1421,Ingolf,NA,Steffan-Dewenter,,unknown,,,,
669,JAPE,2013,1421,Ingolf,NA,Steffan-Dewenter,University of Wurzburg,unknown,Wurzburg,,,
676,JAPE,2014,1421,Ingolf,NA,Steffan-Dewenter,,unknown,,,,
23,JAPE,2008,1452,Jos,NA,Barlow,Lancaster University,unknown,Lancaster,unknown,United Kingdom,
24,JAPE,2009,1452,Jos,NA,Barlow,,unknown,,,,
22,JAPE,2010,1452,Jos,NA,Barlow,,unknown,,,,
25,JAPE,2011,1452,Jos,NA,Barlow,,unknown,,,,
26,JAPE,2012,1452,Jos,NA,Barlow,,unknown,,,,
27,JAPE,2013,1452,Jos,NA,Barlow,,unknown,,,,
28,JAPE,2014,1452,Jos,NA,Barlow,,unknown,,,,
29,JAPE,2015,1452,Jos,NA,Barlow,,unknown,,,,
64,JAPE,2013,1470,Julia,NA,Blanchard,University of Sheffield ,unknown,Sheffield,unknown,United Kingdom,
65,JAPE,2014,1470,Julia,NA,Blanchard,,unknown,,,,
66,JAPE,2015,1470,Julia,NA,Blanchard,,unknown,,,,
108,JAPE,2000,1490,James,M,Bullock,,unknown,Furzebrook,unknown,United Kingdom,
109,JAPE,2001,1490,James,M,Bullock,,unknown,,,,
110,JAPE,2002,1490,James,M,Bullock,,unknown,,,,
111,JAPE,2003,1490,James,M,Bullock,,unknown,,,,
112,JAPE,2007,1494,Javier,NA,Bustamante,CSIC,unknown,Seville,unknown,Spain,
113,JAPE,2008,1494,Javier,NA,Bustamante,,unknown,,,,
114,JAPE,2009,1494,Javier,NA,Bustamante,,unknown,,,,
141,JAPE,1985,1521,J,P,Cooper,unknown,unknown,unknown,unknown,United Kingdom,
142,JAPE,1986,1521,J,P,Cooper,,unknown,unknown,,,
143,JAPE,1987,1521,J,P,Cooper,,unknown,unknown,,,
146,JAPE,2006,1522,Joan,NA,Cossentine,Agriculture and Agri-Food,unknown,Summerland,unknown,Canada,
147,JAPE,2007,1522,Joan,NA,Cossentine,,unknown,,,,
144,JAPE,2008,1522,Joan,NA,Cossentine,,unknown,,,,
148,JAPE,2009,1522,Joan,NA,Cossentine,,unknown,,,,
145,JAPE,2010,1522,Joan,NA,Cossentine,Pacific Agri-Food Research Centre,unknown,,,,
149,JAPE,2011,1522,Joan,NA,Cossentine,,unknown,,,,
150,JAPE,2012,1522,Joan,NA,Cossentine,,unknown,,,,
155,JAPE,1985,1531,John,Patrick,Croxall,Natural Environment Research Council ,unknown,Cambridge,unknown,United Kingdom,
156,JAPE,1986,1531,John,Patrick,Croxall,,unknown,,,,
157,JAPE,1987,1531,John,Patrick,Croxall,,unknown,,,,
158,JAPE,1988,1531,John,Patrick,Croxall,,unknown,,,,
159,JAPE,1989,1531,John,Patrick,Croxall,,unknown,,,,
160,JAPE,1990,1531,John,Patrick,Croxall,,unknown,,,,
161,JAPE,1991,1531,John,Patrick,Croxall,,unknown,,,,
162,JAPE,1992,1531,John,Patrick,Croxall,,unknown,,,,
163,JAPE,1993,1531,John,Patrick,Croxall,,unknown,,,,
164,JAPE,1994,1531,John,Patrick,Croxall,,unknown,,,,
165,JAPE,1995,1531,John,Patrick,Croxall,,unknown,,,,
201,JAPE,2014,1572,John,NA,Finn,Teagasc,unknown,Johnstown Castle,Wexford,Ireland,
202,JAPE,2015,1572,John,NA,Finn,,unknown,,,,
209,JAPE,2010,1573,Jennifer,NA,Firn,CISRO Sustainable Ecosystems,unknown,St Lucia,unknown,Australia,
211,JAPE,2011,1573,Jennifer,NA,Firn,,unknown,,,,
212,JAPE,2012,1573,Jennifer,NA,Firn,,unknown,,,,
213,JAPE,2013,1573,Jennifer,NA,Firn,,unknown,,,,
214,JAPE,2014,1573,Jennifer,NA,Firn,,unknown,,,,
215,JAPE,2015,1573,Jennifer,NA,Firn,,unknown,,,,
216,JAPE,2013,1578,Jacqui,NA,Frair,State University of New York,unknown,Syracuse,New York,USA,
217,JAPE,2014,1578,Jacqui,NA,Frair,,unknown,,,,
218,JAPE,2015,1578,Jacqui,NA,Frair,,unknown,,,,
250,JAPE,2005,1597,Jennifer,NA,Gill,University of East Anglia,unknown,Norwich,unknown,United Kingdom,
251,JAPE,2006,1597,Jennifer,NA,Gill,,unknown,,,,
252,JAPE,2007,1597,Jennifer,NA,Gill,,unknown,,,,
253,JAPE,2008,1597,Jennifer,NA,Gill,,unknown,,,,
254,JAPE,2009,1597,Jennifer,NA,Gill,,unknown,,,,
249,JAPE,2010,1597,Jennifer,NA,Gill,,unknown,,,,
255,JAPE,2011,1597,Jennifer,NA,Gill,,unknown,,,,
256,JAPE,2012,1597,Jennifer,NA,Gill,,unknown,,,,
356,JAPE,2008,1659,Julia,NA,Jones,University of Bangor,unknown,Bangor,unknown,United Kingdom,
357,JAPE,2009,1659,Julia,NA,Jones,,unknown,,,,
354,JAPE,2010,1659,Julia,NA,Jones,,unknown,,,,
358,JAPE,2011,1659,Julia,NA,Jones,,unknown,,,,
359,JAPE,2013,1659,Julia,NA,Jones,,unknown,,,,
360,JAPE,2014,1659,Julia,NA,Jones,,unknown,,,,
361,JAPE,2015,1659,Julia,NA,Jones,,unknown,,,,
381,JAPE,2006,1708,Jack,J,Lennon,Macaulay Institute,unknown,Aberdeen,unknown,United Kingdom,
382,JAPE,2007,1708,Jack,J,Lennon,,,,,,
383,JAPE,2008,1708,Jack,J,Lennon,,,,,,
384,JAPE,2009,1708,Jack,J,Lennon,,,,,,
380,JAPE,2010,1708,Jack,J,Lennon,,,,,,
385,JAPE,2011,1708,Jack,J,Lennon,,,,,,
387,JAPE,2006,1709,Jan,NA,Leps,University of South Bohemia,unknown,Ceske Budejovice,unknown,Czech Republic,
388,JAPE,2007,1709,Jan,NA,Leps,,unknown,,,,
389,JAPE,2008,1709,Jan,NA,Leps,,unknown,,,,
390,JAPE,2009,1709,Jan,NA,Leps,,unknown,,,,
386,JAPE,2010,1709,Jan,NA,Leps,,unknown,,,,
391,JAPE,2011,1709,Jan,NA,Leps,,unknown,,,,
392,JAPE,2012,1709,Jan,NA,Leps,,unknown,,,,
435,JAPE,2008,1748,Jason,NA,Matthiopoulos,University of St. Andrews,unknown,St. Andrews,unknown,United Kingdom,
436,JAPE,2009,1748,Jason,NA,Matthiopoulos,,unknown,,,,
434,JAPE,2010,1748,Jason,NA,Matthiopoulos,,unknown,,,,
437,JAPE,2011,1748,Jason,NA,Matthiopoulos,,unknown,,,,
438,JAPE,2012,1748,Jason,NA,Matthiopoulos,,unknown,,,,
439,JAPE,2013,1748,Jason,NA,Matthiopoulos,,unknown,,,,
440,JAPE,2014,1748,Jason,NA,Matthiopoulos,GLASGOW U,unknown,Glasgow,Scotland,United Kingdom,
467,JAPE,2009,1757,Jane,NA,Memmott,University of Bristol,unknown,Bristol,unknown,United Kingdom,
468,JAPE,2010,1757,Jane,NA,Memmott,,,,,,
469,JAPE,2011,1757,Jane,NA,Memmott,,,,,,
470,JAPE,1988,1767,John,NA,Miles,unknown,unknown,unknown,unknown,United Kingdom,
471,JAPE,1989,1767,John,NA,Miles,,,,,,
472,JAPE,1990,1767,John,NA,Miles,,,,,,
473,JAPE,1991,1767,John,NA,Miles,,,,,,
488,JAPE,2013,1770,Jeroen,NA,Minderm,University of Stirling,,Stirling,unknown,United Kingdom,
489,JAPE,2014,1770,Jeroen,NA,Minderman,,,,,,
490,JAPE,2015,1770,Jeroen,NA,Minderman,,,,,,
491,JAPE,1985,1773,John,Lennox,Monteith,unknown,unknown,unknown,unknown,United Kingdom,
492,JAPE,1986,1773,John,Lennox,Monteith,,,,,,
493,JAPE,1987,1773,John,Lennox,Monteith,,,,,,
525,JAPE,2010,1793,Juliet,NA,Osborne,Rothamsted Research,unknown,West Common,Harpenden,United Kingdom,
526,JAPE,2011,1793,Juliet,NA,Osborne,,unknown,,,,
527,JAPE,2012,1793,Juliet,NA,Osborne,,unknown,,,,
528,JAPE,2013,1793,Juliet,NA,Osborne,,unknown,,,,
529,JAPE,2014,1793,Juliet,NA,Osborne,,unknown,,,,
572,JAPE,2008,1831,Jonathan,NA,Rhodes,University of Queensland,unknown,Brisbane,Queensland,Australia,
573,JAPE,2009,1831,Jonathan,NA,Rhodes,,unknown,,,,
571,JAPE,2010,1831,Jonathan,NA,Rhodes,,unknown,,,,
574,JAPE,2011,1831,Jonathan,NA,Rhodes,,unknown,,,,
575,JAPE,2012,1831,Jonathan,NA,Rhodes,,unknown,,,,
576,JAPE,2013,1831,Jonathan,NA,Rhodes,,unknown,,,,
577,JAPE,2014,1831,Jonathan,NA,Rhodes,,unknown,,,,
578,JAPE,2015,1831,Jonathan,NA,Rhodes,,unknown,,,,
655,JAPE,1985,1884,Janet,I,Sprent,University of Dundee,unknown,Dundee,Scotland,United Kingdom,
656,JAPE,1986,1884,Janet,I,Sprent,,unknown,,,,
657,JAPE,1987,1884,Janet,I,Sprent,,unknown,,,,
658,JAPE,1988,1884,Janet,I,Sprent,,unknown,,,,
659,JAPE,1989,1884,Janet,I,Sprent,,unknown,,,,
660,JAPE,1990,1884,Janet,I,Sprent,,unknown,,,,
661,JAPE,1991,1884,Janet,I,Sprent,,unknown,,,,
662,JAPE,1992,1884,Janet,I,Sprent,,unknown,,,,
663,JAPE,1993,1884,Janet,I,Sprent,,unknown,,,,
664,JAPE,1994,1884,Janet,I,Sprent,,unknown,,,,
665,JAPE,1995,1884,Janet,I,Sprent,,unknown,,,,
666,JAPE,1996,1884,Janet,I,Sprent,,unknown,,,,
667,JAPE,1997,1884,Janet,I,Sprent,,unknown,,,,
716,JAPE,1996,1913,Jo,NA,Treweek,Institute of Terrestrial Ecology,unknown,Furzebrook,unknown,United Kingdom,
717,JAPE,1997,1913,Jo,NA,Treweek,,unknown,,,,
718,JAPE,1998,1913,Jo,NA,Treweek,,unknown,,,,
719,JAPE,1999,1913,Jo,NA,Treweek,,unknown,Monks Wood,,,
720,JAPE,2000,1913,Jo,NA,Treweek,,unknown,,,,
30,JAPE,2010,2125,Lesley,NA,Batty,University of Birmingham,unknown,Birmingham,unknown,United Kingdom,
31,JAPE,2011,2125,Lesley,NA,Batty,,unknown,,,,
32,JAPE,2012,2125,Lesley,NA,Batty,,unknown,,,,
33,JAPE,2013,2125,Lesley,NA,Batty,,unknown,,,,
203,JAPE,1997,2145,Les,Green,Firbank,Institute of Terrestrial Ecology,unknown,Merlewood,Cumbria,United Kingdom,
204,JAPE,1998,2145,Les,Green,Firbank,,,,,,
205,JAPE,1999,2145,Les,Green,Firbank,,,,,,
206,JAPE,2000,2145,Les,Green,Firbank,,,,,,
207,JAPE,2001,2145,Les,Green,Firbank,,,,,,
208,JAPE,2002,2145,Les,Green,Firbank,,,,,,
725,JAPE,1996,2250,Les,Green,Underhill,University of Cape Town,Statistical Science,Cape Town,unknown,South Africa,
726,JAPE,1997,2250,Les,Green,Underhill,,,,,,
727,JAPE,1998,2250,Les,Green,Underhill,,,,,,
728,JAPE,1999,2250,Les,Green,Underhill,,,,,,
729,JAPE,2000,2250,Les,Green,Underhill,,,,,,
17,JAPE,2011,2280,Mel,NA,Austen,Plymouth Marine Lab,unknown,Plymouth,unknown,United Kingdom,
18,JAPE,2012,2280,Mel,NA,Austen,,,,,,
52,JAPE,2012,2294,Malcom,NA,Bennett,University of Liverpool,,Liverpool,unknown,United Kingdom,
72,JAPE,2012,2303,Michael,NA,Bode,University of Melbourne,,Melbourne,unknown,Australia,
73,JAPE,2013,2303,Michael,NA,Bode,,,,,,
74,JAPE,2014,2303,Michael,NA,Bode,,,,,,
116,JAPE,2006,2322,Marc,NA,Cadotte,University of Tennesse,unknown,Knoxville,Tennessee,USA,MISSING 2009 (U TENNESSE)
117,JAPE,2007,2322,Marc,NA,Cadotte,,,,,,
118,JAPE,2008,2322,Marc,NA,Cadotte,,,,,,
115,JAPE,2010,2322,Marc,NA,Cadotte,University of Toronto,,Toronto,unknown,Canada,
119,JAPE,2011,2322,Marc,NA,Cadotte,,,,,,
120,JAPE,2012,2322,Marc,NA,Cadotte,,,,,,
121,JAPE,2013,2322,Marc,NA,Cadotte,,,,,,
122,JAPE,2014,2322,Marc,NA,Cadotte,,,,,,
123,JAPE,2015,2322,Marc,NA,Cadotte,,,,,,
230,JAPE,2008,2378,Morten,NA,Frederiksen,National Environmental Research Institute,unknown,Roskilde,unknown,Denmark,
231,JAPE,2009,2378,Morten,NA,Frederiksen,,,,,,
229,JAPE,2010,2378,Morten,NA,Frederiksen,,,,,,
232,JAPE,2011,2378,Morten,NA,Frederiksen,,,,,,
233,JAPE,2012,2378,Morten,NA,Frederiksen,,,,,,
234,JAPE,2013,2378,Morten,NA,Frederiksen,,,,,,
235,JAPE,2014,2378,Morten,NA,Frederiksen,,,,,,
276,JAPE,2007,2407,Mark,NA,Hebblewhite,University of Montana,unknown,Missoula,Montana,USA,
277,JAPE,2008,2407,Mark,NA,Hebblewhite,,,,,,
278,JAPE,2009,2407,Mark,NA,Hebblewhite,,,,,,
275,JAPE,2010,2407,Mark,NA,Hebblewhite,,,,,,
279,JAPE,2011,2407,Mark,NA,Hebblewhite,,,,,,
280,JAPE,2012,2407,Mark,NA,Hebblewhite,,,,,,
299,JAPE,1988,2410,Mark,O,Hill,Institute of Terrestrial Ecology,unknown,Monks Wood,unknown,United Kingdom,
300,JAPE,1989,2410,Mark,O,Hill,,,,,,
301,JAPE,1990,2410,Mark,O,Hill,,,,,,
302,JAPE,1991,2410,Mark,O,Hill,,,,,,
303,JAPE,1992,2410,Mark,O,Hill,,,,,,
304,JAPE,1993,2410,Mark,O,Hill,,,,,,
305,JAPE,1994,2410,Mark,O,Hill,,,,,,
306,JAPE,1995,2410,Mark,O,Hill,,,,,,
307,JAPE,1996,2410,Mark,O,Hill,,,,,,
308,JAPE,1997,2410,Mark,O,Hill,,,,,,
309,JAPE,1998,2410,Mark,O,Hill,,,,,,
310,JAPE,1999,2410,Mark,O,Hill,,,,,,
311,JAPE,2000,2410,Mark,O,Hill,,,,,,
312,JAPE,2001,2410,Mark,O,Hill,,,,,,
313,JAPE,2002,2410,Mark,O,Hill,,,,,,
314,JAPE,2003,2410,Mark,O,Hill,,,,,,
315,JAPE,2004,2410,Mark,O,Hill,,,,,,
316,JAPE,2005,2410,Mark,O,Hill,,,,,,
317,JAPE,2006,2410,Mark,O,Hill,,,,,,
505,JAPE,1985,2484,Michael,Green,Morris,Institute of Terrestrial Ecology,unknown,Wareham,Dorset,United Kingdom,
506,JAPE,1986,2484,Michael,Green,Morris,,,,,,
507,JAPE,1987,2484,Michael,Green,Morris,,,,,,
508,JAPE,1988,2484,Michael,Green,Morris,,,,,,
509,JAPE,1989,2484,Michael,Green,Morris,,,,,,
510,JAPE,1990,2484,Michael,Green,Morris,,,,,,
511,JAPE,1991,2484,Michael,Green,Morris,,,,,,
512,JAPE,1992,2484,Michael,Green,Morris,,,,,,
513,JAPE,1993,2484,Michael,Green,Morris,,,,,,
514,JAPE,1994,2484,Michael,Green,Morris,,,,,,
515,JAPE,1995,2484,Michael,Green,Morris,,,,,,
548,JAPE,1996,2513,Mike,W,Pienkowski,Joint Nature Conservation Committee ,unknown,Peterborough,unknown,United Kingdom,
549,JAPE,1997,2513,Mike,W,Pienkowski,,unknown,,,,
550,JAPE,1998,2513,Mike,W,Pienkowski,,unknown,,,,
551,JAPE,1999,2513,Mike,W,Pienkowski,,unknown,,,,
552,JAPE,2000,2513,Mike,W,Pienkowski,,unknown,,,,
554,JAPE,2010,2517,Michael,NA,Pocock,University of Bristol,unknown,Bristol,unknown,United Kingdom,
555,JAPE,2011,2517,Michael,NA,Pocock,,,,,,
556,JAPE,2012,2517,Michael,NA,Pocock,,,,,,
557,JAPE,2013,2517,Michael,NA,Pocock,,,,,,
558,JAPE,2014,2517,Michael,NA,Pocock,,,,,,
553,JAPE,2015,2517,Michael,NA,Pocock,Centre for Ecology and Hydrology,unknown,Wallingford,unknown,,
734,JAPE,2006,2598,Matthew,J,Walpole,unknown,unknown,Cambridge,unknown,United Kingdom,
735,JAPE,2007,2598,Matthew,J,Walpole,,,,,,
736,JAPE,2008,2598,Matthew,J,Walpole,,,,,,
737,JAPE,2009,2598,Matthew,J,Walpole,,,,,,
768,JAPE,2007,2608,Mark,NA,Whittingham,Newcastle University,unknown,Newcastle-upon-Tyne,unknown,United Kingdom,
769,JAPE,2008,2608,Mark,NA,Whittingham,,,,,,
770,JAPE,2009,2608,Mark,NA,Whittingham,,,,,,
767,JAPE,2010,2608,Mark,NA,Whittingham,,,,,,
771,JAPE,2011,2608,Mark,NA,Whittingham,,,,,,
772,JAPE,2012,2608,Mark,NA,Whittingham,,,,,,
773,JAPE,2013,2608,Mark,NA,Whittingham,,,,,,
774,JAPE,2014,2608,Mark,NA,Whittingham,,,,,,
775,JAPE,2015,2608,Mark,NA,Whittingham,,,,,,
75,JAPE,1986,2629,Nigel,NA,Bonner,British Antarctic Survey,unknown,Cambridge,unknown,United Kingdom,
76,JAPE,1987,2629,Nigel,NA,Bonner,,unknown,,,,
77,JAPE,1988,2629,Nigel,NA,Bonner,,unknown,,,,
78,JAPE,1989,2629,Nigel,NA,Bonner,,unknown,,,,
79,JAPE,1990,2629,Nigel,NA,Bonner,,unknown,,,,
80,JAPE,1991,2629,Nigel,NA,Bonner,,unknown,,,,
81,JAPE,1992,2629,Nigel,NA,Bonner,,unknown,,,,
82,JAPE,1993,2629,Nigel,NA,Bonner,,unknown,,,,
83,JAPE,1994,2629,Nigel,NA,Bonner,,unknown,,,,
84,JAPE,1995,2629,Nigel,NA,Bonner,,unknown,,,,
181,JAPE,2009,2640,Nicholas,NA,Dulvy,Simon Fraser University,unknown,Vancouver,unknown,Canada,
180,JAPE,2010,2640,Nicholas,NA,Dulvy,,unknown,,,,
182,JAPE,2011,2640,Nicholas,NA,Dulvy,,unknown,,,,
183,JAPE,2012,2640,Nicholas,NA,Dulvy,,unknown,,,,
184,JAPE,2013,2640,Nicholas,NA,Dulvy,,unknown,,,,
542,JAPE,2008,2679,Nathalie,NA,Pettorelli,Zoological Society ,unknown,London,unknown,United Kingdom,
543,JAPE,2009,2679,Nathalie,NA,Pettorelli,,unknown,,,,
541,JAPE,2010,2679,Nathalie,NA,Pettorelli,,unknown,,,,
544,JAPE,2011,2679,Nathalie,NA,Pettorelli,,unknown,,,,
545,JAPE,2012,2679,Nathalie,NA,Pettorelli,,unknown,,,,
546,JAPE,2013,2679,Nathalie,NA,Pettorelli,,unknown,,,,
547,JAPE,2014,2679,Nathalie,NA,Pettorelli,,unknown,,,,
747,JAPE,1990,2703,Nigel,NA,Webb,Institute of Terrestrial Ecology,Furzebrook Station,Wareham,Dorset,United Kingdom,
748,JAPE,1991,2703,Nigel,NA,Webb,,,,,,
746,JAPE,1992,2703,Nigel,NA,Webb,,,,,,
749,JAPE,1993,2703,Nigel,NA,Webb,,,,,,
750,JAPE,1994,2703,Nigel,NA,Webb,,,,,,
751,JAPE,1995,2703,Nigel,NA,Webb,,,,,,
752,JAPE,1996,2703,Nigel,NA,Webb,,,,,,
753,JAPE,1998,2703,Nigel,NA,Webb,,,,,,
754,JAPE,1999,2703,Nigel,NA,Webb,,,,,,
755,JAPE,2000,2703,Nigel,NA,Webb,,,,,,
756,JAPE,2001,2703,Nigel,NA,Webb,,,,,,
757,JAPE,2002,2703,Nigel,NA,Webb,,,,,,
393,JAPE,2010,2726,Owen,NA,Lewis,University of Oxford ,unknown,Oxford,unknown,United Kingdom,
394,JAPE,2011,2726,Owen,NA,Lewis,,unknown,,,,
395,JAPE,2012,2726,Owen,NA,Lewis,,unknown,,,,
396,JAPE,2013,2726,Owen,NA,Lewis,,unknown,,,,
397,JAPE,2014,2726,Owen,NA,Lewis,,unknown,,,,
398,JAPE,2015,2726,Owen,NA,Lewis,,unknown,,,,
6,JAPE,2010,2757,Paul,NA,Armsworth,The University of Tennessee,unknown,Knoxville,TN,USA,
7,JAPE,2011,2757,Paul,NA,Armsworth,,unknown,,,,
8,JAPE,2012,2757,Paul,NA,Armsworth,,unknown,,,,
9,JAPE,2013,2757,Paul,NA,Armsworth,,unknown,,,,
10,JAPE,2014,2757,Paul,NA,Armsworth,,unknown,,,,
89,JAPE,2012,2771,Paulo,NA,Brando,Instituto de Pesqutsa Ambiental da Amazonia. ,unknown,Belem,Para,Brazil,
90,JAPE,2013,2771,Paulo,NA,Brando,,,,,,
91,JAPE,2014,2771,Paulo,NA,Brando,,,,,,
92,JAPE,2015,2771,Paulo,NA,Brando,,,,,,
257,JAPE,2005,2813,Paul,NA,Giller,University of College Cork,unknown,unknown,Cork,Ireland,
258,JAPE,2006,2813,Paul,NA,Giller,,unknown,unknown,,,
259,JAPE,2007,2813,Paul,NA,Giller,,unknown,unknown,,,
260,JAPE,2008,2813,Paul,NA,Giller,,unknown,unknown,,,
281,JAPE,2003,2827,Pall,NA,Hersteinsson,University of Iceland,unknown,Reykjavik,unknown,Iceland,
282,JAPE,2004,2827,Pall,NA,Hersteinsson,,unknown,,,,
283,JAPE,2005,2827,Pall,NA,Hersteinsson,,unknown,,,,
284,JAPE,2006,2827,Pall,NA,Hersteinsson,,unknown,,,,
324,JAPE,2005,2836,Phil,NA,Hulme,CEH Banchory,unknown,Aberdeenshire,unknown,United Kingdom,
325,JAPE,2006,2836,Phil,NA,Hulme,,,,,,
326,JAPE,2007,2836,Phil,NA,Hulme,,,,,,
323,JAPE,2008,2836,Phil,NA,Hulme,Lincoln University,unknown,Lincoln,unknown,New Zealand,
327,JAPE,2009,2836,Phil,NA,Hulme,,,,,,
328,JAPE,2010,2836,Phil,NA,Hulme,,,,,,
329,JAPE,2011,2836,Phil,NA,Hulme,,,,,,
330,JAPE,2012,2836,Phil,NA,Hulme,,,,,,
331,JAPE,2013,2836,Phil,NA,Hulme,,,,,,
332,JAPE,2014,2836,Phil,NA,Hulme,,,,,,
344,JAPE,1988,2840,Paul,Gordon,Jarvis,University of Edinburgh,unknown,Edinburgh,Midlothian,United Kingdom,
345,JAPE,1989,2840,Paul,Gordon,Jarvis,,,,,,
346,JAPE,1990,2840,Paul,Gordon,Jarvis,,,,,,
347,JAPE,1991,2840,Paul,Gordon,Jarvis,,,,,,
348,JAPE,1992,2840,Paul,Gordon,Jarvis,,,,,,
349,JAPE,1993,2840,Paul,Gordon,Jarvis,,,,,,
350,JAPE,1994,2840,Paul,Gordon,Jarvis,,,,,,
351,JAPE,1995,2840,Paul,Gordon,Jarvis,,,,,,
352,JAPE,1996,2840,Paul,Gordon,Jarvis,,,,,,
353,JAPE,1997,2840,Paul,Gordon,Jarvis,,,,,,
364,JAPE,2012,2844,Paul,NA,Kardol,Swedish University of Agricultural Sciences,unknown,Uppsala,unknown,Sweden,
365,JAPE,2013,2844,Paul,NA,Kardol,,unknown,,,,
366,JAPE,2014,2844,Paul,NA,Kardol,,unknown,,,,
367,JAPE,2015,2844,Paul,NA,Kardol,,unknown,,,,
402,JAPE,2008,2860,Paul,NA,Lukacs,Colorado Division of Wildlife,unknown,Fort Collins,Colorado,USA,
403,JAPE,2009,2860,Paul,NA,Lukacs,,,,,,
401,JAPE,2010,2860,Paul,NA,Lukacs,,,,,,
404,JAPE,2011,2860,Paul,NA,Lukacs,,,,,,
405,JAPE,2012,2860,Paul,NA,Lukacs,,,,,,
406,JAPE,2013,2860,Paul,NA,Lukacs,,,,,,
407,JAPE,2014,2860,Paul,NA,Lukacs,,,,,,
408,JAPE,2015,2860,Paul,NA,Lukacs,University of Montana,,Missoula,Montana,USA,
582,JAPE,1986,2910,Peter,NA,Rothery,British Antarctic Survey,unknown,Cambridge,unknown,United Kingdom,
583,JAPE,1987,2910,Peter,NA,Rothery,,unknown,,,,
584,JAPE,1988,2910,Peter,NA,Rothery,,unknown,,,,
585,JAPE,1989,2910,Peter,NA,Rothery,,unknown,,,,
586,JAPE,1990,2910,Peter,NA,Rothery,,unknown,,,,
587,JAPE,1991,2910,Peter,NA,Rothery,,unknown,,,,
588,JAPE,1992,2910,Peter,NA,Rothery,,unknown,,,,
589,JAPE,1993,2910,Peter,NA,Rothery,,unknown,,,,
590,JAPE,1994,2910,Peter,NA,Rothery,,unknown,,,,
591,JAPE,1995,2910,Peter,NA,Rothery,,unknown,,,,
592,JAPE,1996,2910,Peter,NA,Rothery,unknown,unknown,,,,
593,JAPE,1997,2910,Peter,NA,Rothery,unknown,unknown,,,,
594,JAPE,1998,2910,Peter,NA,Rothery,unknown,unknown,,,,
595,JAPE,1999,2910,Peter,NA,Rothery,,unknown,,,,
596,JAPE,2000,2910,Peter,NA,Rothery,,unknown,,,,
597,JAPE,2001,2910,Peter,NA,Rothery,CEH Monks Wood,unknown,Huntingdon,,,
598,JAPE,2002,2910,Peter,NA,Rothery,,unknown,,,,
599,JAPE,2003,2910,Peter,NA,Rothery,,unknown,,,,
600,JAPE,2004,2910,Peter,NA,Rothery,unknown,unknown,,,,
601,JAPE,2005,2910,Peter,NA,Rothery,unknown,unknown,,,,
602,JAPE,2006,2910,Peter,NA,Rothery,unknown,unknown,,,,
680,JAPE,2005,2923,Philip,A,Stephens,University of Bristol,unknown,Bristol,unknown,United Kingdom,
681,JAPE,2006,2923,Philip,A,Stephens,,,,,,
679,JAPE,2007,2923,Philip,A,Stephens,,,,,,
682,JAPE,2008,2923,Philip,A,Stephens,Durham University,,Durham,unknown,,
683,JAPE,2009,2923,Philip,A,Stephens,,,,,,
678,JAPE,2010,2923,Philip,A,Stephens,,,,,,
684,JAPE,2011,2923,Philip,A,Stephens,,,,,,
685,JAPE,2012,2923,Philip,A,Stephens,,,,,,
686,JAPE,2013,2923,Philip,A,Stephens,,,,,,
687,JAPE,2014,2923,Philip,A,Stephens,,,,,,
677,JAPE,2015,2923,Philip,A,Stephens,,,,,,
712,JAPE,2006,2936,Paul,M,Thompson,University of Aberdeen,unknown,Aberdeen,unknown,United Kingdom,
713,JAPE,2007,2936,Paul,M,Thompson,,unknown,,,,
714,JAPE,2008,2936,Paul,M,Thompson,,unknown,,,,
715,JAPE,2009,2936,Paul,M,Thompson,,unknown,,,,
534,JAPE,2008,2964,Quentin,NA,Paynter,Landcare Research Ltd,unknown,Auckland,unknown,New Zealand,
535,JAPE,2009,2964,Quentin,NA,Paynter,,unknown,,,,
533,JAPE,2010,2964,Quentin,NA,Paynter,,unknown,,,,
536,JAPE,2011,2964,Quentin,NA,Paynter,,unknown,,,,
537,JAPE,2012,2964,Quentin,NA,Paynter,,unknown,,,,
538,JAPE,2013,2964,Quentin,NA,Paynter,,unknown,,,,
539,JAPE,2014,2964,Quentin,NA,Paynter,,unknown,,,,
540,JAPE,2015,2964,Quentin,NA,Paynter,,unknown,,,,
124,JAPE,1989,3020,Ralph,T,Clarke,unknown,unknown,,,United Kingdom,
125,JAPE,1990,3020,Ralph,T,Clarke,Freshwater Biological Association,,Wareham,,,
126,JAPE,1991,3020,Ralph,T,Clarke,,,,,,
127,JAPE,1992,3020,Ralph,T,Clarke,,,,,,
128,JAPE,1993,3020,Ralph,T,Clarke,Institute of Terrestrial Ecology,,Furzebrook,,,
129,JAPE,1994,3020,Ralph,T,Clarke,,,unknown,,,
130,JAPE,1995,3020,Ralph,T,Clarke,,,unknown,,,
131,JAPE,1996,3020,Ralph,T,Clarke,,,unknown,,,
132,JAPE,1997,3020,Ralph,T,Clarke,,,unknown,,,
185,JAPE,1985,3048,Ron,W,Edwards,University of Wales,unknown,Cardiff,unknown,United Kingdom,
186,JAPE,1986,3048,Ron,W,Edwards,,,,,,
187,JAPE,1987,3048,Ron,W,Edwards,,,,,,
188,JAPE,1988,3048,Ron,W,Edwards,,,,,,
221,JAPE,2000,3063,Robert,P,Freckleton,University of East Anglia,unknown,Norwich,unknown,United Kingdom,
222,JAPE,2001,3063,Robert,P,Freckleton,University of Oxford ,unknown,Oxford,,,
223,JAPE,2002,3063,Robert,P,Freckleton,,unknown,,,,
224,JAPE,2003,3063,Robert,P,Freckleton,,unknown,,,,
225,JAPE,2004,3063,Robert,P,Freckleton,,unknown,,,,
220,JAPE,2005,3063,Robert,P,Freckleto,,unknown,,,,
226,JAPE,2006,3063,Robert,P,Freckleton,,unknown,,,,
219,JAPE,2007,3063,Robert,P,Freckleton,University of Sheffield ,unknown,Sheffield ,,,
227,JAPE,2008,3063,Robert,P,Freckleton,,unknown,,,,
228,JAPE,2009,3063,Robert,P,Freckleton,,unknown,,,,
261,JAPE,1996,3075,Rhys,E,Green,University of Edinburgh,unknown,Edinburgh,,United Kingdom,
262,JAPE,1997,3075,Rhys,E,Green,,unknown,,,,
263,JAPE,1998,3075,Rhys,E,Green,,unknown,,,,
264,JAPE,1999,3075,Rhys,E,Green,,unknown,,,,
265,JAPE,2000,3075,Rhys,E,Green,University of Cambridge,unknown,Cambridge,,,
266,JAPE,2001,3075,Rhys,E,Green,,unknown,,,,
267,JAPE,2002,3075,Rhys,E,Green,,unknown,,,,
410,JAPE,1988,3143,Rob,H,Marrs,Institute of Terrestrial Ecology,unknown,Abbots Ripton,Cambs,United Kingdom,
411,JAPE,1989,3143,Rob,H,Marrs,,unknown,,,,
412,JAPE,1990,3143,Rob,H,Marrs,,unknown,,,,
413,JAPE,1991,3143,Rob,H,Marrs,,unknown,,,,
414,JAPE,1992,3143,Rob,H,Marrs,University of Liverpool,unknown,Liverpool,unknown,,
415,JAPE,1993,3143,Rob,H,Marrs,,unknown,,,,
416,JAPE,1994,3143,Rob,H,Marrs,,unknown,,,,
417,JAPE,1995,3143,Rob,H,Marrs,,unknown,,,,
418,JAPE,1996,3143,Rob,H,Marrs,,unknown,,,,
419,JAPE,1997,3143,Rob,H,Marrs,,unknown,,,,
420,JAPE,1998,3143,Rob,H,Marrs,,unknown,,,,
421,JAPE,1999,3143,Rob,H,Marrs,,unknown,,,,
464,JAPE,1985,3150,Roger,NA,Mead,unknown,unknown,unknown,unknown,United Kingdom,
465,JAPE,1986,3150,Roger,NA,Mead,unknown,unknown,unknown,unknown,,
466,JAPE,1987,3150,Roger,NA,Mead,unknown,unknown,unknown,unknown,,
569,JAPE,2006,3198,Richard,F,Pywell,NERC,Center for Ecology and Hydrology ,Huntingdon,Cambs,United Kingdom,
570,JAPE,2007,3198,Richard,F,Pywell,,,,,,
613,JAPE,2004,3211,Roy,NA,Sanderson,Newcastle University,unknown,Newcastle Upon Tyne,unknown,United Kingdom,
614,JAPE,2005,3211,Roy,NA,Sanderson,,unknown,,,,
615,JAPE,2006,3211,Roy,NA,Sanderson,,unknown,,,,
631,JAPE,1985,3222,Roy,W,Snaydon,University of Reading ,unknown,Reading,Berks,United Kingdom,
632,JAPE,1986,3222,Roy,W,Snaydon,,unknown,,,,
633,JAPE,1987,3222,Roy,W,Snaydon,,unknown,,,,
634,JAPE,1988,3222,Roy,W,Snaydon,,unknown,,,,
635,JAPE,1989,3222,Roy,W,Snaydon,,unknown,,,,
636,JAPE,1990,3222,Roy,W,Snaydon,,unknown,,,,
637,JAPE,1991,3222,Roy,W,Snaydon,,unknown,,,,
638,JAPE,1992,3222,Roy,W,Snaydon,,unknown,,,,
639,JAPE,1993,3222,Roy,W,Snaydon,,unknown,,,,
640,JAPE,1994,3222,Roy,W,Snaydon,,unknown,,,,
641,JAPE,1995,3222,Roy,W,Snaydon,,unknown,,,,
642,JAPE,1996,3222,Roy,W,Snaydon,,unknown,,,,
643,JAPE,1997,3222,Roy,W,Snaydon,,unknown,,,,
644,JAPE,1998,3222,Roy,W,Snaydon,,unknown,,,,
645,JAPE,1999,3222,Roy,W,Snaydon,,unknown,,,,
11,JAPE,2010,3272,Shelley,NA,Arnott,Queens University ,unknown,unknown,Ontario,Canada,
12,JAPE,2011,3272,Shelley,NA,Arnott,,unknown,unknown,,,
13,JAPE,2012,3272,Shelley,NA,Arnott,,unknown,unknown,,,
14,JAPE,2013,3272,Shelley,NA,Arnott,,unknown,unknown,,,
15,JAPE,2014,3272,Shelley,NA,Arnott,,unknown,unknown,,,
16,JAPE,2015,3272,Shelley,NA,Arnott,,unknown,unknown,,,
517,JAPE,1996,3422,Steve,J,Ormerod,Cardiff University,School of Biosciences,Cardiff,Wales,United Kingdom,
518,JAPE,1997,3422,Steve,J,Ormerod,,,,,,
519,JAPE,1998,3422,Steve,J,Ormerod,,,,,,
520,JAPE,1999,3422,Steve,J,Ormerod,,,,,,
516,JAPE,2000,3422,Steve,J,Ormerod,,,,,,
521,JAPE,2001,3422,Steve,J,Ormerod,,,,,,
522,JAPE,2002,3422,Steve,J,Ormerod,,,,,,
523,JAPE,2003,3422,Steve,J,Ormerod,,,,,,
524,JAPE,2004,3422,Steve,J,Ormerod,,,,,,
604,JAPE,2001,3456,Stephen,P,Rushton,University of Newcastle upon Tyne,unknown,Newcastle Upon Tyne,unknown,United Kingdom,
603,JAPE,2002,3456,Stephen,P,Rushton,,,,,,
605,JAPE,2002,3456,Stephen,P,Rushton,,,,,,
606,JAPE,2003,3456,Stephen,P,Rushton,,,,,,
607,JAPE,2004,3456,Stephen,P,Rushton,,,,,,
608,JAPE,2005,3456,Stephen,P,Rushton,,,,,,
617,JAPE,2012,3461,Santiago,NA,Saura,Universidad Politecnica de Madrid,unknown,Madrid,unknown,Spain,
616,LECO,2012,3461,S,NA,Saura,,,,,,
618,JAPE,2013,3461,Santiago,NA,Saura,,,,,,
619,JAPE,2014,3461,Santiago,NA,Saura,,,,,,
690,JAPE,2006,3486,Simon,NA,Thirgood,The Macaulay Institute ,unknown,Aberdeen,unknown,United Kingdom,
691,JAPE,2007,3486,Simon,NA,Thirgood,,,,,,
692,JAPE,2008,3486,Simon,NA,Thirgood,,,,,,
693,JAPE,2009,3486,Simon,NA,Thirgood,,,,,,
731,JAPE,2012,3495,Steve,NA,Votier,University of Plymouth,unknown,Plymouth,unknown,United Kingdom,
732,JAPE,2013,3495,Steve,NA,Votier,,,,,,
730,JAPE,2014,3495,Steve,NA,Votier,University of Exeter,,Exeter,,,
733,JAPE,2015,3495,Steve,NA,Votier,,,,,,
738,JAPE,2013,3498,Shiqiang,NA,Wan,Henan University,unknown,Kaifeng,unknown,China,
739,JAPE,2014,3498,Shiqiang,NA,Wan,,,,,,
740,JAPE,2015,3498,Shiqiang,NA,Wan,,,,,,
782,JAPE,2015,3503,Steve,NA,Wills,Durham University,unknown,Durham,unknown,United Kingdom,
530,JAPE,2013,3619,Tomas,NA,Part,Swedish University of Agricultural Sciences,unknown,Uppsala,unknown,Sweden,
531,JAPE,2014,3619,Tomas,NA,Part,,,,,,
532,JAPE,2015,3619,Tomas,NA,Part,,,,,,
579,JAPE,1985,3630,T,M,Roberts,unknown,unknown,unknown,unknown,United Kingdom,
580,JAPE,1986,3630,T,M,Roberts,,,,,,
581,JAPE,1987,3630,T,M,Roberts,,,,,,
721,JAPE,2003,3648,Teja,NA,Tscharntke,University of Gottingen,unknown,Gottingen,unknown,Germany,
722,JAPE,2004,3648,Teja,NA,Tscharntke,,,,,,
723,JAPE,2005,3648,Teja,NA,Tscharntke,,,,,,
724,JAPE,2006,3648,Teja,NA,Tscharntke,,,,,,
175,JAPE,2013,3681,Vincent,NA,Devictor,CNRS,unknown,Montpellier,unknown,France,
176,JAPE,2014,3681,Vincent,NA,Devictor,,,,,,
177,JAPE,2015,3681,Vincent,NA,Devictor,,,,,,
67,JAPE,1985,3714,William,C,Block,unknown,unknown,unknown,unknown,United Kingdom,
68,JAPE,1986,3714,William,C,Block,,,,,,
69,JAPE,1987,3714,William,C,Block,,,,,,
70,JAPE,1988,3714,William,C,Block,,,,,,
71,JAPE,1989,3714,William,C,Block,,,,,,
166,JAPE,1988,3730,W,NA,Day,unknown,unknown,unknown,unknown,United Kingdom,
167,JAPE,1989,3730,W,NA,Day,,,,,,
168,JAPE,1990,3730,W,NA,Day,,,,,,
169,JAPE,1991,3730,W,NA,Day,,,,,,
170,JAPE,1992,3730,W,NA,Day,,,Silsoe,,,
171,JAPE,1993,3730,W,NA,Day,,,Silsoe,,,
172,JAPE,1994,3730,W,NA,Day,,,Silsoe,,,
173,JAPE,1995,3730,W,NA,Day,,,Silsoe,,,
174,JAPE,1996,3730,W,NA,Day,,,Silsoe,,,
399,JAPE,1997,3766,W,M,Lonsdale,CSIRO ,unknown,Montpellier,unknown,France,MISSING 1998
400,JAPE,1999,3766,W,M,Lonsdale,CSIRO ,unknown,Canberra,unknown,Australia,
495,JAPE,2007,3772,William,NA,Montevecchi,Memorial University of Newfoundland,unknown,Newfoundland,unknown,Canada,
496,JAPE,2008,3772,William,NA,Montevecchi,,,,,,
497,JAPE,2009,3772,William,NA,Montevecchi,,,,,,
494,JAPE,2010,3772,William,NA,Montevecchi,,,,,,
498,JAPE,2011,3772,William,NA,Montevecchi,,,,,,
499,JAPE,2012,3772,William,NA,Montevecchi,,,,,,
94,JAPE,2005,3829,Yvonne,NA,Buckley,University of Queensland,unknown,Brisbane,unknown,Australia,
95,JAPE,2006,3829,Yvonne,NA,Buckley,,unknown,,,,
96,JAPE,2007,3829,Yvonne,NA,Buckley,,unknown,,,,
97,JAPE,2008,3829,Yvonne,NA,Buckley,,unknown,,,,
98,JAPE,2009,3829,Yvonne,NA,Buckley,,unknown,,,,
99,JAPE,2011,3829,Yvonne,NA,Buckley,,unknown,,,,
100,JAPE,2012,3829,Yvonne,NA,Buckley,,unknown,,,,
101,JAPE,2013,3829,Yvonne,NA,Buckley,,unknown,,,,
93,JECOL,2014,3829,Yvonne,NA,Buckley,unknown,unknown,unknown,unknown,NA,NOT IN THE DOC
135,JAPE,2008,3833,Yann,NA,Clough,Gottingen University ,unknown,Gottingen,unknown,Germany,
136,JAPE,2009,3833,Yann,NA,Clough,,,,,,
134,JAPE,2010,3833,Yann,NA,Clough,,,,,,
137,JAPE,2011,3833,Yann,NA,Clough,,,,,,
138,JAPE,2012,3833,Yann,NA,Clough,,,,,,
139,JAPE,2013,3833,Yann,NA,Clough,,,,,,
140,JAPE,2014,3833,Yann,NA,Clough,,,,,,
133,JAPE,2015,3833,Yann,NA,Clough,CEC ,unknown,Lund,unknown,Sweden,
34,JAPE,2002,3881,Jacques,NA,Baudry,INRA,unknown,Rennes,unknown,France,
35,JAPE,2003,3881,Jacques,NA,Baudry,,,,,,
36,JAPE,2004,3881,Jacques,NA,Baudry,,,,,,
37,JAPE,2005,3881,Jacques,NA,Baudry,,,,,,
38,JAPE,2006,3881,Jacques,NA,Baudry,,,,,,
50,JAPE,2014,3882,Joseph,NA,Bennett,University of Queensland,unknown,Brisbane,unknown,Australia,
51,JAPE,2015,3882,Joseph,NA,Bennett,,,,,,
423,JAPE,2001,3898,Jon,NA,Marshall,University of Bristol,Department of Agricultural Sciences ,Bristol,unknown,United Kingdom,
422,JAPE,2002,3898,Jon,NA,Marshall,Marshall Agroecology,unknown,Somerset,,,
424,JAPE,2003,3898,Jon,NA,Marshall,,unknown,,,,
425,JAPE,2004,3898,Jon,NA,Marshall,,unknown,,,,
790,JAPE,2002,3914,Jeremy,NA,Wilson,Royal Society for the Protection of Birds,unknown,Edinburgh,unknown,United Kingdom,
791,JAPE,2003,3914,Jeremy,NA,Wilson,,unknown,,,,
792,JAPE,2004,3914,Jeremy,NA,Wilson,,unknown,,,,
793,JAPE,2005,3914,Jeremy,NA,Wilson,,unknown,,,,
794,JAPE,2006,3914,Jeremy,NA,Wilson,,unknown,,,,
795,JAPE,2007,3914,Jeremy,NA,Wilson,,unknown,,,,
789,JAPE,2010,3914,Jeremy,NA,Wilson,,unknown,,,,
796,JAPE,2011,3914,Jeremy,NA,Wilson,,unknown,,,,
797,JAPE,2012,3914,Jeremy,NA,Wilson,,unknown,,,,
798,JAPE,2013,3914,Jeremy,NA,Wilson,,unknown,,,,
799,JAPE,2014,3914,Jeremy,NA,Wilson,,unknown,,,,
800,JAPE,2015,3914,Jeremy,NA,Wilson,,unknown,,,,
246,JAPE,2013,3930,Richard,NA,Fuller,University of Queensland,unknown,Brisbane,unknown,Australia,
247,JAPE,2014,3930,Richard,NA,Fuller,,unknown,,,,
248,JAPE,2015,3930,Richard,NA,Fuller,,unknown,,,,