journal,year,editor_id,first_name,middle_name,last_name,inst,unit,city,state,country,notes
AMNAT,2008,605,David,D,Ackerly,University of California Berkeley,missing,Berkeley,California,USA,
AMNAT,2009,605,David,D,Ackerly,,,,,USA,
AMNAT,2010,605,David,D,Ackerly,,,,,USA,
AMNAT,2011,605,David,D,Ackerly,,,,,USA,
AMNAT,2012,605,David,D,Ackerly,,,,,USA,
AMNAT,2013,605,David,D,Ackerly,,,,,USA,
AMNAT,2014,605,David,D,Ackerly,,,,,USA,
AMNAT,2010,606,Dean,C,Adams,Iowa State University,missing,Ames,Iowa,USA,
AMNAT,2011,606,Dean,C,Adams,,,,,USA,
AMNAT,2012,606,Dean,C,Adams,,,,,USA,
AMNAT,2013,606,Dean,C,Adams,,,,,USA,
AMNAT,2005,928,Elizabeth,,Adkins-Regan,Cornell University,Psychology,Ithaca,New York,USA,
AMNAT,2006,928,Elizabeth,missing,Adkins-Regan,,,,,USA,
AMNAT,2007,928,Elizabeth,missing,Adkins-Regan,,,,,USA,
AMNAT,2008,928,Elizabeth,missing,Adkins-Regan,,,,,USA,
AMNAT,2009,928,Elizabeth,missing,Adkins-Regan,,,,,USA,
AMNAT,2010,928,Elizabeth,missing,Adkins-Regan,,,,,USA,
AMNAT,2011,928,Elizabeth,missing,Adkins-Regan,,,,,USA,
AMNAT,2012,928,Elizabeth,missing,Adkins-Regan,,,,,USA,
AMNAT,2013,928,Elizabeth,missing,Adkins-Regan,,,,,USA,
AMNAT,2014,928,Elizabeth,missing,Adkins-Regan,,,,,USA,
AMNAT,2015,928,Elizabeth,missing,Adkins-Regan,,,,,USA,
AMNAT,2009,1046,Fredrick,R,Adler,University of Utah,missing,Salt Lake City,Utah,USA,
AMNAT,2010,1046,Fredrick,R,Adler,,,,,USA,
AMNAT,2011,1046,Fredrick,R,Adler,,,,,USA,
AMNAT,2012,1046,Fredrick,R,Adler,,,,,USA,
AMNAT,2013,1046,Fredrick,R,Adler,,,,,USA,
AMNAT,2014,1046,Fredrick,R,Adler,,,,,USA,
AMNAT,2011,2,Anurag,missing,Agrawal,Cornell University,missing,Ithaca,New York,USA,
AMNAT,2012,2,Anurag,missing,Agrawal,,,,,USA,
AMNAT,2013,2,Anurag,missing,Agrawal,,,,,USA,
AMNAT,2010,3266,Suzanne,H,Alonzo,Yale University,missing,New Haven,Connecticut,USA,
AMNAT,2011,3266,Suzanne,H,Alonzo,,,,,USA,
AMNAT,2012,3266,Suzanne,H,Alonzo,,,,,USA,
AMNAT,1992,1437,Jeanne,missing,Altmann,University of Chicago,missing,Chicago,Illinois,USA,
AMNAT,1993,1437,Jeanne,missing,Altmann,,,,,USA,
AMNAT,1994,1437,Jeanne,missing,Altmann,,,,,USA,
AMNAT,2007,2754,Priyanga,missing,Amarasekare,University of California Los Angeles,missing,Los Angeles,California,USA,
AMNAT,2008,2754,Priyanga,missing,Amarasekare,,,,,USA,
AMNAT,2009,2754,Priyanga,missing,Amarasekare,,,,,USA,
AMNAT,2010,2754,Priyanga,missing,Amarasekare,,,,,USA,
AMNAT,2011,2754,Priyanga,missing,Amarasekare,,,,,USA,
AMNAT,2012,2754,Priyanga,missing,Amarasekare,,,,,USA,
AMNAT,2013,2754,Priyanga,missing,Amarasekare,,,,,USA,
AMNAT,2014,2754,Priyanga,missing,Amarasekare,,,,,USA,
AMNAT,2015,2754,Priyanga,missing,Amarasekare,,,,,USA,
AMNAT,2009,2271,Maydianne,CB,Andrade,University of Toronto Scarborough,missing,Scarborough,Ontario,Canada,
AMNAT,2010,2271,Maydianne,CB,Andrade,,,,,Canada,
AMNAT,2011,2271,Maydianne,CB,Andrade,,,,,Canada,
AMNAT,2011,2272,Michael,missing,Angilletta,Arizona State University,missing,Tempe,Arizona,USA,
AMNAT,2012,2272,Michael,missing,Angilletta,,,,,USA,
AMNAT,2013,2272,Michael,missing,Angilletta,,,,,USA,
AMNAT,2002,241,Bradley,R,Anholt,University of Victoria,missing,Victoria,British Columbia,Canada,
AMNAT,2006,241,Bradley,R,Anholt,,,,,Canada,
AMNAT,2007,1147,Goran,missing,Arnqvist,University of Uppsala,missing,Uppsala,Uppland,Sweden,
AMNAT,2008,1147,Goran,missing,Arnqvist,,,,,Sweden,
AMNAT,2009,1147,Goran,missing,Arnqvist,,,,,Sweden,
AMNAT,2010,1147,Goran,missing,Arnqvist,,,,,Sweden,
AMNAT,2011,1147,Goran,missing,Arnqvist,,,,,Sweden,
AMNAT,2012,1147,Goran,missing,Arnqvist,,,,,Sweden,
AMNAT,2006,3512,Tia-Lynn,missing,Ashman,University of Pittsburgh,missing,Pittsburgh ,Pennsylvania,USA,
AMNAT,2007,3512,Tia-Lynn,missing,Ashman,,,,,USA,
AMNAT,2008,3512,Tia-Lynn,missing,Ashman,,,,,USA,
AMNAT,2009,3512,Tia-Lynn,missing,Ashman,,,,,USA,
AMNAT,2010,3512,Tia-Lynn,missing,Ashman,,,,,USA,
AMNAT,2011,3512,Tia-Lynn,missing,Ashman,,,,,USA,
AMNAT,2012,3512,Tia-Lynn,missing,Ashman,,,,,USA,
AMNAT,2013,3512,Tia-Lynn,missing,Ashman,,,,,USA,
AMNAT,2014,3512,Tia-Lynn,missing,Ashman,,,,,USA,
AMNAT,2009,387,Charles,F,Baer,University of Florida,missing,Gainesville,Florida,USA,
AMNAT,2010,387,Charles,F,Baer,,,,,USA,
AMNAT,2011,387,Charles,F,Baer,,,,,USA,
AMNAT,2012,387,Charles,F,Baer,,,,,USA,
AMNAT,2013,387,Charles,F,Baer,,,,,USA,
AMNAT,2014,387,Charles,F,Baer,,,,,USA,
AMNAT,2015,387,Charles,F,Baer,,,,,USA,
AMNAT,1998,2626,Nicholas,missing,Barton,University of Edinburgh,missing,Edinburgh,Scotland,United Kingdom,REVISIT
AMNAT,1999,2626,Nicholas,missing,Barton,missing,,,,United Kingdom,
AMNAT,2000,2626,Nicholas,missing,Barton,missing,,,,United Kingdom,
AMNAT,2007,395,Craig,W,Benkman,University of Wyoming,missing,Laramie,Wyoming,USA,
AMNAT,2008,395,Craig,W,Benkman,,,,,USA,
AMNAT,2009,395,Craig,W,Benkman,,,,,USA,
AMNAT,2010,395,Craig,W,Benkman,,,,,USA,
AMNAT,2011,395,Craig,W,Benkman,,,,,USA,
AMNAT,1997,1462,Joy,missing,Bergelson,University of Chicago,missing,Chicago,Illinois,USA,
AMNAT,1998,1462,Joy,missing,Bergelson,,,,,USA,
AMNAT,1999,1462,Joy,missing,Bergelson,,,,,USA,
AMNAT,2000,1462,Joy,missing,Bergelson,,,,,USA,
AMNAT,2008,3663,Uta,,Berger,Dresden University of Technology,missing,Dresden,Saxony,Germany,REVISIT HERE
AMNAT,2009,3663,Uta,missing,Berger,,,,,Germany,
AMNAT,2010,3663,Uta,missing,Berger,,,,,Germany,
AMNAT,2011,3663,Uta,missing,Berger,,,,,Germany,
AMNAT,2012,3663,Uta,missing,Berger,,,,,Germany,
AMNAT,2013,3663,Uta,missing,Berger,,,,,Germany,
AMNAT,2014,3663,Uta,missing,Berger,,,,,Germany,
AMNAT,2015,3663,Uta,missing,Berger,,,,,Germany,
AMNAT,2004,2302,Mark,missing,Blows,University of Queensland,missing,Brisbane,Queensland,Australia,
AMNAT,2006,2302,Mark,missing,Blows,,,,,Australia,
AMNAT,2007,2302,Mark,missing,Blows,,,,,Australia,
AMNAT,2004,247,Benjamin,missing,Bolker,University of Florida,missing,Gainesville,Florida,USA,
AMNAT,2006,247,Benjamin,missing,Bolker,,,,,USA,
AMNAT,2007,247,Benjamin,missing,Bolker,,,,,USA,
AMNAT,2008,247,Benjamin,missing,Bolker,,,,,USA,
AMNAT,2009,247,Benjamin,missing,Bolker,,,,,USA,
AMNAT,2010,247,Benjamin,missing,Bolker,,,,,USA,
AMNAT,2011,247,Benjamin,missing,Bolker,McMaster University,Ontario Canada,Hamilton,Ontario,Canada,
AMNAT,2012,247,Benjamin,missing,Bolker,McMaster University,Ontario Canada,Hamilton,Ontario,Canada,
AMNAT,2013,247,Benjamin,missing,Bolker,McMaster University,,Hamilton,Ontario,Canada,
AMNAT,2014,247,Benjamin,missing,Bolker,,,,,USA,
AMNAT,2015,247,Benjamin,missing,Bolker,,,,,USA,
AMNAT,2009,631,Daniel,I,Bolnick,University of Texas,missing,Austin,Texas,USA,
AMNAT,2010,631,Daniel,I,Bolnick,,,,,USA,
AMNAT,2011,631,Daniel,I,Bolnick,,,,,USA,
AMNAT,2012,631,Daniel,I,Bolnick,,,,,USA,
AMNAT,2013,631,Daniel,I,Bolnick,,,,,USA,
AMNAT,2014,631,Daniel,I,Bolnick,,,,,USA,
AMNAT,2015,631,Daniel,I,Bolnick,,,,,USA,
AMNAT,2013,2989,Russell,missing,Bonduriansky,University of New South Wales,missing,Sydney,New South Wales,Australia,
AMNAT,2014,2989,Russell,missing,Bonduriansky,,,,,Australia,
AMNAT,2015,2989,Russell,missing,Bonduriansky,,,,,Australia,
AMNAT,2009,1475,Janette,W,Boughman,University of Wisconsin,missing,Madison,Wisconsin,USA,
AMNAT,2010,1475,Janette,W,Boughman,,,,,USA,
AMNAT,2011,1475,Janette,W,Boughman,Michigan State,,E Lansing,MI,USA,
AMNAT,2002,940,Edmund,D,Brodie,Indiana University,missing,Bloomington,Indiana,USA,
AMNAT,2006,940,Edmund,D,Brodie,,,,,USA,
AMNAT,2007,940,Edmund,D,Brodie,,,,,USA,
AMNAT,2008,940,Edmund,D,Brodie,,,,,USA,
AMNAT,2009,940,Edmund,D,Brodie,University of Virginia,missing,Charlottesville,Virginia,USA,
AMNAT,2010,940,Edmund,D,Brodie,,,,,USA,
AMNAT,2011,940,Edmund,D,Brodie,,,,,USA,
AMNAT,2012,940,Edmund,D,Brodie,,,,,USA,
AMNAT,2013,940,Edmund,D,Brodie,,,,,USA,
AMNAT,2014,940,Edmund,D,Brodie,,,,,USA,
AMNAT,2005,1485,Judith,L,Bronstein,University of Arizona,missing,Tucson,Arizona,USA,
AMNAT,2006,1485,Judith,L,Bronstein,,,,,USA,
AMNAT,2007,1485,Judith,L,Bronstein,,,,,USA,
AMNAT,2009,1485,Judith,L,Bronstein,,,,,USA,
AMNAT,2010,1485,Judith,L,Bronstein,,,,,USA,
AMNAT,2011,1485,Judith,L,Bronstein,,,,,USA,
AMNAT,2012,1485,Judith,L,Bronstein,,,,,USA,
AMNAT,2013,1485,Judith,L,Bronstein,,,,,USA,
AMNAT,2014,1485,Judith,L,Bronstein,,,,,USA,
AMNAT,1999,1489,Jim,missing,Bull,University of Texas,missing,Austin,Texas,USA,
AMNAT,2000,1489,Jim,missing,Bull,,,,,USA,
AMNAT,2001,1489,Jim,missing,Bull,,,,,USA,
AMNAT,2002,1489,Jim,missing,Bull,,,,,USA,
AMNAT,2002,29,Austin,missing,Burt,"Imperial College, Silwood Park",missing,Sunninghill,Berkshire,United Kingdom,
AMNAT,2003,29,Austin,missing,Burt,,,,,United Kingdom,
AMNAT,2004,29,Austin,missing,Burt,,,,,United Kingdom,
AMNAT,2006,30,Armando,missing,Caballero,Universidad de Vigo,missing,Vigo,Galicia,Spain,
AMNAT,2007,30,Armando,missing,Caballero,,,,,Spain,
AMNAT,2008,30,Armando,missing,Caballero,,,,,Spain,
AMNAT,2009,30,Armando,missing,Caballero,,,,,Spain,
AMNAT,1991,648,Deborah,missing,Charlesworth,missing,missing,missing,missing,USA,
AMNAT,1992,648,Deborah,missing,Charlesworth,University of Chicago,missing,Chicago,Illinois,USA,
AMNAT,1993,648,Deborah,missing,Charlesworth,,,,,USA,
AMNAT,2003,1507,Jonathan,M,Chase,Washington University,missing,St. Louis ,Missouri,USA,
AMNAT,2006,1507,Jonathan,M,Chase,,,,,USA,
AMNAT,1991,2782,Peter,missing,Chesson,missing,missing,missing,missing,Australia,
AMNAT,1992,2782,Peter,missing,Chesson,,,,,Australia,
AMNAT,1993,2782,Peter,missing,Chesson,,,,,Australia,
AMNAT,1994,2782,Peter,missing,Chesson,,,,,Australia,
AMNAT,1995,2782,Peter,missing,Chesson,,,,,Australia,
AMNAT,2004,3299,Steven,L,Chown,University of Stellenbosch,missing,Stellenbosch,Western Cape,South Africa,is there a record for 2005?
AMNAT,2006,3299,Steven,L,Chown,missing,missing,missing,missing,South Africa,
AMNAT,2007,3299,Steven,L,Chown,,,,,South Africa,
AMNAT,2008,3299,Steven,L,Chown,,,,,South Africa,
AMNAT,2009,3299,Steven,L,Chown,,,,,South Africa,
AMNAT,2010,3299,Steven,L,Chown,,,,,South Africa,
AMNAT,2007,41,Andrew,missing,Clarke,British Antarctic Survey,missing,Cambridge,East of England,United Kingdom,
AMNAT,2008,41,Andrew,missing,Clarke,,,,,United Kingdom,
AMNAT,2009,41,Andrew,missing,Clarke,,,,,United Kingdom,
AMNAT,2008,255,Blaine,J,Cole,University of Houston,missing,Houston,Texas,USA,
AMNAT,2009,255,Blaine,J,Cole,,,,,USA,
AMNAT,2010,255,Blaine,J,Cole,,,,,USA,
AMNAT,2011,255,Blaine,J,Cole,,,,,USA,
AMNAT,2012,255,Blaine,J,Cole,,,,,USA,
AMNAT,2013,255,Blaine,J,Cole,,,,,USA,
AMNAT,2014,255,Blaine,J,Cole,,,,,USA,
AMNAT,1991,3022,Robert,K,Colwell,University of Connecticut,missing,Storrs,Connecticut,USA,
AMNAT,1992,3022,Robert,K,Colwell,,,,,USA,
AMNAT,1993,3022,Robert,K,Colwell,,,,,USA,
AMNAT,2014,3305,Sean,R,Connolly,James Cook University,missing,missing,Queensland,Australia,
AMNAT,2015,3305,Sean,R,Connolly,James Cook University,missing,missing,Queensland,Australia,
AMNAT,2006,1293,Hans,missing,Cornelissen,Vrije Universiteit Amsterdam,missing,Amsterdam,North Holland,Netherlands,
AMNAT,2006,3527,Tim,missing,Coulson,"Imperial College, Silwood Park",missing,Sunninghill,Berkshire,United Kingdom,
AMNAT,2007,3527,Tim,missing,Coulson,,,,,United Kingdom,
AMNAT,2008,3527,Tim,missing,Coulson,,,,,United Kingdom,
AMNAT,2009,3527,Tim,missing,Coulson,,,,,United Kingdom,
AMNAT,2010,3527,Tim,missing,Coulson,,,,,United Kingdom,
AMNAT,1991,1524,Jerry,A,Coyne,University of Chicago,missing,Chicago,Illinois,USA,
AMNAT,1992,1524,Jerry,A,Coyne,University of Chicago,,Chicago,Illinois,USA,
AMNAT,1993,1524,Jerry,A,Coyne,,,,,USA,
AMNAT,2004,257,Bernard,J,Crespi,Simon Fraser University,missing,Burnaby,British Columbia,canada,
AMNAT,2006,257,Bernard,J,Crespi,,,,,Canada,
AMNAT,2008,3027,Ross,H,Crozier,James Cook University,missing,missing,Queensland,Australia,
AMNAT,2009,3027,Ross,H,Crozier,,,,,Australia,
AMNAT,2003,428,Cliff,missing,Cunningham,Duke University,missing,Durham,North Carolina,USA,
AMNAT,2004,428,Cliff,missing,Cunningham,,,,,USA,
AMNAT,2005,3533,Troy,,Day,Queen's University,missing,Kingston,Ontario,Canada,
AMNAT,2006,3533,Troy,missing,Day,,,,,Canada,
AMNAT,2007,3533,Troy,missing,Day,,,,,Canada,
AMNAT,2008,3533,Troy,missing,Day,,,,,Canada,
AMNAT,2011,3533,Troy,missing,Day,,,,,Canada,
AMNAT,2012,3533,Troy,missing,Day,,,,,Australia,
AMNAT,2013,3533,Troy,missing,Day,,,,,Australia,
AMNAT,2014,3533,Troy,missing,Day,,,,,Australia,
AMNAT,1999,663,Donald,L,DeAngelis,missing,missing,missing,missing,USA,
AMNAT,2006,663,Donald,L,DeAngelis,,,,,USA,
AMNAT,2007,663,Donald,L,DeAngelis,,,,,USA,
AMNAT,2008,663,Donald,L,DeAngelis,,,,,USA,
AMNAT,2009,663,Donald,L,DeAngelis,,,,,USA,
AMNAT,2008,1169,Gregory,E,Demas,Indiana University,missing,Bloomington,Indiana,USA,
AMNAT,2009,1169,Gregory,E,Demas,,,,,USA,
AMNAT,2010,1169,Gregory,E,Demas,,,,,USA,
AMNAT,2011,1169,Gregory,E,Demas,,,,,USA,
AMNAT,2012,1169,Gregory,E,Demas,,,,,USA,
AMNAT,2013,1169,Gregory,E,Demas,,,,,USA,
AMNAT,2014,1169,Gregory,E,Demas,,,,,USA,
AMNAT,2015,1169,Gregory,E,Demas,,,,,USA,
AMNAT,2007,432,Claire,missing,deMezancourt,"Imperial College, Silwood Park",missing,Sunninghill,Berkshire,United Kingdom,
AMNAT,2008,432,Claire,missing,deMezancourt,,,,,United Kingdom,
AMNAT,2009,432,Claire,missing,deMezancourt,,,,,United Kingdom,
AMNAT,2010,432,Claire,missing,deMezancourt,,,,,United Kingdom,
AMNAT,2003,3315,Sebastian,missing,Diehl,Ludwig Maximilian University of Munich,missing,Munich,Bavaria,Germany,
AMNAT,2004,3315,Sebastian,missing,Diehl,,,,,Germany,
AMNAT,2006,3315,Sebastian,missing,Diehl,,,,,Germany,
AMNAT,2007,3315,Sebastian,missing,Diehl,,,,,Germany,
AMNAT,2008,3315,Sebastian,missing,Diehl,,,,,Germany,
AMNAT,2011,3315,Sebastian,missing,Diehl,Ume¥ University,missing,Umea,West Bothnia,Sweden,
AMNAT,2014,3315,Sebastian,missing,Diehl,,,,,Sweden,
AMNAT,2001,670,Daniel,missing,Doak,"University of California, Santa Cruz",missing,Santa Cruz,California,USA,
AMNAT,2002,670,Daniel,missing,Doak,,,,,USA,
AMNAT,2003,670,Daniel,missing,Doak,,,,,USA,
AMNAT,2007,1998,Kathleen,missing,Donohue,Harvard University,missing,Cambridge,Massachussetts,USA,
AMNAT,2008,1998,Kathleen,missing,Donohue,,,,,USA,
AMNAT,2009,1998,Kathleen,missing,Donohue,,,,,USA,
AMNAT,2010,1998,Kathleen,missing,Donohue,,,,,USA,
AMNAT,2006,3044,Robert,missing,Dudley,"University of California, Berkeley",missing,Berkeley,California,USA,
AMNAT,2007,3044,Robert,missing,Dudley,,,,,USA,
AMNAT,2008,3044,Robert,missing,Dudley,,,,,USA,
AMNAT,2009,3044,Robert,missing,Dudley,,,,,USA,
AMNAT,2010,3044,Robert,missing,Dudley,,,,,USA,
AMNAT,2011,3044,Robert,missing,Dudley,,,,,USA,
AMNAT,2012,3044,Robert,missing,Dudley,,,,,USA,
AMNAT,2013,3044,Robert,missing,Dudley,,,,,USA,
AMNAT,2014,3044,Robert,missing,Dudley,,,,,USA,
AMNAT,2015,3044,Robert,missing,Dudley,,,,,USA,
AMNAT,2015,2354,Meghan,missing,Duffy,missing,missing,missing,missing,USA,
AMNAT,2015,1396,Ian,missing,Dworkin,missing,missing,missing,missing,USA,
AMNAT,2008,1171,Greg,missing,Dwyer,University of Chicago,missing,Chicago,Illinois,USA,
AMNAT,2009,1171,Greg,missing,Dwyer,,,,,USA,
AMNAT,2010,1171,Greg,missing,Dwyer,,,,,USA,
AMNAT,2011,1171,Greg,missing,Dwyer,,,,,USA,
AMNAT,2012,1171,Greg,missing,Dwyer,,,,,USA,
AMNAT,2013,1171,Greg,missing,Dwyer,,,,,USA,
AMNAT,2014,1171,Greg,missing,Dwyer,,,,,USA,
AMNAT,2015,1171,Greg,missing,Dwyer,,,,,USA,
AMNAT,2008,440,Christopher,Green,Eckert,Queen's University,missing,Kingston,Ontario,Canada,
AMNAT,2009,440,Christopher,Green,Eckert,,,,,Canada,
AMNAT,2010,440,Christopher,Green,Eckert,,,,,Canada,
AMNAT,2011,440,Christopher,Green,Eckert,,,,,Canada,
AMNAT,2012,440,Christopher,Green,Eckert,,,,,Canada,
AMNAT,2013,440,Christopher,Green,Eckert,,,,,Canada,
AMNAT,2014,440,Christopher,Green,Eckert,,,,,Canada,
AMNAT,2015,440,Christopher,Green,Eckert,,,,,Canada,
AMNAT,2009,3320,Santiago,F,Elena,Consejo Superior de Investigaciones Cientificas,missing,Madrid,missing,Spain,
AMNAT,2010,3320,Santiago,F,Elena,,,,,Spain,
AMNAT,2011,3320,Santiago,F,Elena,,,,,Spain,
AMNAT,2012,3320,Santiago,F,Elena,,,,,Spain,
AMNAT,2006,959,Elizabeth,missing,Elle,Simon Fraser University,missing,Burnaby,British Columbia,Canada,
AMNAT,2007,959,Elizabeth,missing,Elle,,,,,Canada,
AMNAT,2008,959,Elizabeth,missing,Elle,,,,,Canada,
AMNAT,2009,959,Elizabeth,missing,Elle,,,,,Canada,
AMNAT,2010,959,Elizabeth,missing,Elle,,,,,Canada,
AMNAT,2011,959,Elizabeth,missing,Elle,,,,,Canada,
AMNAT,2012,959,Elizabeth,missing,Elle,,,,,Canada,
AMNAT,2015,959,Elizabeth,missing,Elle,,,,,Canada,
AMNAT,2011,1560,James,missing,Elser,missing,missing,missing,missing,USA,
AMNAT,2012,1560,James,missing,Elser,,,,,USA,
AMNAT,2013,1560,James,missing,Elser,,,,,USA,
AMNAT,2014,1560,James,missing,Elser,,,,,USA,
AMNAT,2001,1560,Jim,,Elser,Arizona State University,missing,Tempe,Arizona,USA,
AMNAT,2001,1560,Jim,missing,Elser,,,,,USA,
AMNAT,2002,1560,Jim,missing,Elser,,,,,USA,
AMNAT,2003,1560,Jim,missing,Elser,,,,,USA,
AMNAT,2003,681,Douglas,H,Erwin,National Museum of Natural History,missing,Washington,District of Columbia,USA,
AMNAT,2006,681,Douglas,H,Erwin,,,,,USA,
AMNAT,2007,681,Douglas,H,Erwin,,,,,USA,
AMNAT,2004,3739,William,F,Fagan,University of Maryland,missing,College Park,Maryland,USA,
AMNAT,2006,3739,William,F,Fagan,,,,,USA,
AMNAT,2007,3739,William,F,Fagan,,,,,USA,
AMNAT,2008,3739,William,F,Fagan,,,,,USA,
AMNAT,1998,2144,Lenore,,Fahrig,Carleton University,missing,Ottowa,Ontario,Canada,
AMNAT,1999,2144,Lenore,missing,Fahrig,,,,,Canada,
AMNAT,2000,2144,Lenore,missing,Fahrig,,,,,Canada,
AMNAT,2001,2144,Lenore,missing,Fahrig,,,,,Canada,
AMNAT,2002,2144,Lenore,missing,Fahrig,,,,,Canada,
AMNAT,2015,2377,Megan,missing,Frederickson,missing,missing,missing,missing,Canada,
AMNAT,2006,3891,James,D,Fry,University of Rochester,missing,Rochester,New York,USA,
AMNAT,2007,3891,James,D,Fry,,,,,USA,
AMNAT,2008,3891,James,D,Fry,,,,,USA,
AMNAT,2009,3891,James,D,Fry,,,,,USA,
AMNAT,2010,3891,James,D,Fry,,,,,USA,
AMNAT,2011,3891,James,D,Fry,,,,,USA,
AMNAT,2015,3065,Rebecca,missing,Fuller,missing,missing,missing,missing,USA,
AMNAT,2011,1589,Jean-Michel,missing,Gaillard,University Lyon 1 ,CNRS,Lyon,Auvergne-Rhone-Alpes,France,
AMNAT,2012,1589,Jean-Michel,missing,Gaillard,,,,,France,
AMNAT,2013,1589,Jean-Michel,missing,Gaillard,,,,,France,
AMNAT,2014,1589,Jean-Michel,missing,Gaillard,,,,,France,
AMNAT,2015,1589,Jean-Michel,missing,Gaillard,,,,,France,
AMNAT,2012,81,Andy,missing,Gardner,University of Oxford,missing,Oxford,England,United Kingdom,
AMNAT,2013,81,Andy,missing,Gardner,,,,,United Kingdom,
AMNAT,2014,81,Andy,missing,Gardner,,,,,United Kingdom,
AMNAT,1994,3552,Theodore,missing,Garland,University of Wisconsin,missing,Madison,Wisconsin,USA,
AMNAT,1995,3552,Theodore,missing,Garland,,,,,USA,
AMNAT,1996,3552,Theodore,missing,Garland,,,,,USA,
AMNAT,1997,3552,Theodore,missing,Garland,,,,,USA,
AMNAT,1998,3552,Theodore,missing,Garland,,,,,USA,
AMNAT,1999,3552,Theodore,missing,Garland,,,,,USA,
AMNAT,2000,3552,Theodore,missing,Garland,,,,,USA,
AMNAT,2010,2007,Kevin,J,Gaston,University of Sheffield,missing,Sheffield,England,United Kingdom,
AMNAT,2011,2007,Kevin,J,Gaston,University of Exeter,,Exeter,England,United Kingdom,
AMNAT,2012,2007,Kevin,J,Gaston,University of Sheffield,,Sheffield,England,United Kingdom,
AMNAT,2013,2007,Kevin,J,Gaston,University of Exeter,,Exeter,England,United Kingdom,
AMNAT,2014,2007,Kevin,J,Gaston,,,,,United Kingdom,
AMNAT,2015,2007,Kevin,J,Gaston,,,,,United Kingdom,
AMNAT,2003,3336,Sergey,missing,Gavrilets,University of Tennessee,missing,Knoxville,Tennessee,USA,
AMNAT,2004,3336,Sergey,missing,Gavrilets,,,,,USA,
AMNAT,2006,3336,Sergey,missing,Gavrilets,,,,,USA,
AMNAT,1996,2385,Monica,A,Geber,Cornell University,missing,Ithaca,New York,USA,
AMNAT,2007,2385,Monica,A,Geber,,,,,USA,
AMNAT,2008,2385,Monica,A,Geber,,,,,USA,
AMNAT,2006,1183,Greg,missing,Gibson,North Carolina State University,missing,Raleigh,North Carolina,USA,
AMNAT,2007,1183,Greg,missing,Gibson,,,,,USA,
AMNAT,2008,1183,Greg,missing,Gibson,,,,,USA,
AMNAT,2009,1183,Greg,missing,Gibson,,,,,USA,
AMNAT,2010,1183,Greg,missing,Gibson,,,,,USA,
AMNAT,2006,1185,George,W,Gilchrist,College of William and Mary,missing,,Virginia,USA,
AMNAT,2007,1185,George,W,Gilchrist,,,,,USA,
AMNAT,2008,1185,George,W,Gilchrist,,,,,USA,
AMNAT,2009,1185,George,W,Gilchrist,,,,,USA,
AMNAT,2005,2155,Luc-Alain,,Giraldeau,Universite de Quebec a Monteal,missing,Montreal,Quebec,Canada,
AMNAT,2006,2155,Luc-Alain,missing,Giraldeau,,,,,Canada,
AMNAT,2007,2155,Luc-Alain,missing,Giraldeau,,,,,Canada,
AMNAT,1996,1302,H,CharlesJ,Godfray,"Imperial College, Silwood Park",missing,Sunninghill,Berkshire,United Kingdom,
AMNAT,1997,1302,H,CharlesJ,Godfray,,,,,United Kingdom,
AMNAT,1998,1302,H,CharlesJ,Godfray,,,,,United Kingdom,
AMNAT,2006,3071,Richard,missing,Gomulkiewicz,Washington State University,missing,Pullman,Washington,USA,
AMNAT,2007,3071,Richard,missing,Gomulkiewicz,,,,,USA,
AMNAT,2005,3684,Volker,,Grimm,UFZ Center for Environmental Research,missing,Leipzig-Halle,missing,Germany,
AMNAT,2006,3684,Volker,missing,Grimm,,,,,Germany,
AMNAT,2007,3684,Volker,missing,Grimm,,,,,Germany,
AMNAT,2008,3684,Volker,missing,Grimm,,,,,Germany,
AMNAT,2009,3684,Volker,missing,Grimm,,,,,Germany,
AMNAT,2010,3684,Volker,missing,Grimm,,,,,Germany,
AMNAT,2011,3684,Volker,missing,Grimm,,,,,Germany,
AMNAT,2012,3684,Volker,missing,Grimm,,,,,Germany,
AMNAT,2013,1610,Jurgen,missing,Groeneveld,"Helmholtz Centre for Environmental Research, UFZ",missing,missing,missing,Germany,
AMNAT,2014,1610,Jurgen,missing,Groeneveld,,,,,Germany,
AMNAT,2015,1610,Jurgen,missing,Groeneveld,,,,,Germany,
AMNAT,2014,2011,Kevin,missing,Gross,North Carolina State University,missing,Raleigh,North Carolina,USA,
AMNAT,2015,2011,Kevin,missing,Gross,,,,,USA,
AMNAT,2004,1612,James,P,Grover,"University of Texas, Alrington",missing,Arlington,Texas,USA,
AMNAT,2006,1612,James,P,Grover,,,,,USA,
AMNAT,2006,1612,James,P,Grover,,,,,USA,
AMNAT,1995,2820,Patsy,missing,Haccou,University of Leiden,missing,Leiden,South Holland,Netherlands,
AMNAT,1996,2820,Patsy,missing,Haccou,,,,,Netherlands,
AMNAT,1997,2820,Patsy,missing,Haccou,,,,,Netherlands,
AMNAT,1998,2820,Patsy,missing,Haccou,,,,,Germany,
AMNAT,2014,3346,Spencer,R,Hall,Indiana University,missing,Bloomington,Indiana,USA,
AMNAT,2015,3346,Spencer,R,Hall,Indiana University,missing,Bloomington,Indiana,USA,
AMNAT,1998,1398,Ilkka,missing,Hanski,University of Helsinki,missing,Helsinki,Uusimaa,Finland,
AMNAT,1999,1398,Ilkka,missing,Hanski,,,,,Finland,
AMNAT,2000,1398,Ilkka,missing,Hanski,,,,,Finland,
AMNAT,2014,2165,Lawrence,missing,Harder,University of Calgary,missing,Calgary,Alberta,Canada,
AMNAT,2015,2165,Lawrence,D,Harder,University of Calgary,,Calgary,Alberta,Canada,
AMNAT,2014,2166,Luke,missing,Harmon,University of Idaho,missing,Moscow,Idaho,USA,
AMNAT,1996,3351,Susan,missing,Harrison,"University of California, Davis",,Davis,California,USA,
AMNAT,1997,3351,Susan,missing,Harrison,"University of California, Davis",,Davis,California,USA,
AMNAT,1998,3351,Susan,missing,Harrison,"University of California, Davis",,Davis,California,USA,
AMNAT,2010,3351,Susan,missing,Harrison,"University of California, Davis",,Davis,California,USA,
AMNAT,2013,3351,Susan,missing,Harrison,"University of California, Davis",,Davis,California,USA,
AMNAT,2014,3351,Susan,missing,Harrison,"University of California, Davis",,Davis,California,USA,
AMNAT,2015,3351,Susan,missing,Harrison,"University of California, Davis",,Davis,California,USA,
AMNAT,2004,3356,Stephen,B,Heard,University of New Brunswick,missing,,New Brunswick,Canada,
AMNAT,2006,3356,Stephen,B,Heard,,,,,Canada,
AMNAT,2007,3356,Stephen,B,Heard,,,,,Canada,
AMNAT,2008,3356,Stephen,B,Heard,,,,,Canada,
AMNAT,2009,3356,Stephen,B,Heard,,,,,Canada,
AMNAT,2010,3356,Stephen,B,Heard,,,,,Canada,
AMNAT,2011,3356,Stephen,B,Heard,,,,,Canada,
AMNAT,2012,3356,Stephen,B,Heard,,,,,Canada,
AMNAT,2013,3356,Stephen,B,Heard,,,,,Canada,
AMNAT,2014,3356,Stephen,B,Heard,,,,,Canada,
AMNAT,2005,2409,Michael,E,Hellberg,Louisiana State University,missing,Baton Rouge,Louisiana,USA,
AMNAT,2006,2409,Michael,E,Hellberg,,,,,USA,
AMNAT,2007,2409,Michael,E,Hellberg,,,,,USA,
AMNAT,2008,2409,Michael,E,Hellberg,,,,,USA,
AMNAT,2009,2409,Michael,E,Hellberg,,,,,USA,
AMNAT,2010,2409,Michael,E,Hellberg,,,,,USA,
AMNAT,2010,106,Ary,A,Hoffmann,University of Melbourne,missing,Melbourne,Victoria,Australia,
AMNAT,2011,106,Ary,A,Hoffmann,,,,,Australia,
AMNAT,2014,1640,J,Nathaniel,Holland,University of Houston,missing,Houston,Texas,USA,
AMNAT,2006,2413,Marcel,missing,Holyoak,"University of California, Davis",missing,Davis,California,USA,
AMNAT,2007,2413,Marcel,missing,Holyoak,,,,,USA,
AMNAT,2008,2413,Marcel,missing,Holyoak,,,,,USA,
AMNAT,2009,483,Carol,C,Horvitz,University of Miami,missing,Coral Gables,Florida,USA,
AMNAT,2010,483,Carol,C,Horvitz,,,,,USA,
AMNAT,2011,483,Carol,C,Horvitz,,,,,USA,
AMNAT,2008,2174,Lynne,D,Houck,Oregon State University,missing,Corvallis,Oregon,USA,2x spelling of 1st name; note correct version here
AMNAT,2009,2174,Lynn,D,Houck,,,,,USA,
AMNAT,2010,2174,Lynn,D,Houck,,,,,USA,
AMNAT,2011,2174,Lynn,D,Houck,,,,,USA,
AMNAT,1996,3101,Raymond,B,Huey,University of Washington,missing,Seattle,Washington,USA,
AMNAT,2006,3101,Raymond,B,Huey,,,,,USA,
AMNAT,2007,3101,Raymond,B,Huey,,,,,USA,
AMNAT,2008,3101,Raymond,B,Huey,,,,,USA,
AMNAT,2012,2017,Kimberly,A,Hughes,Florida State University,missing,Tallahassee,Florida,USA,
AMNAT,2013,2017,Kimberly,A,Hughes,,,,,USA,
AMNAT,2014,2017,Kimberly,A,Hughes,,,,,USA,
AMNAT,2002,1646,Jef,missing,Huisman,University of Amsterdam,missing,Amsterdam,North Holland,Netherlands,
AMNAT,2003,1646,Jef,missing,Huisman,,,,,Netherlands,
AMNAT,2004,1646,Jef,missing,Huisman,,,,,Netherlands,
AMNAT,2006,1646,Jef,missing,Huisman,,,,,Netherlands,
AMNAT,2007,1646,Jef,missing,Huisman,,,,,Netherlands,
AMNAT,2008,1646,Jef,missing,Huisman,,,,,Netherlands,
AMNAT,2010,1208,Gregory,missing,Hurst,University of Liverpool,missing,Liverpool,England,United Kingdom,
AMNAT,2011,1208,Gregory,missing,Hurst,,,,,United Kingdom,
AMNAT,2012,1208,Gregory,missing,Hurst,,,,,United Kingdom,
AMNAT,2010,732,Darren,missing,Irwin,University of British Columbia,missing,Vancouver,British Columbia,Canada,
AMNAT,2011,732,Darren,missing,Irwin,,,,,Canada,
AMNAT,2012,732,Darren,missing,Irwin,,,,,Canada,
AMNAT,1992,3835,Yoh,missing,Iwasa,Kyushu University ,missing,Fukuoka,Kyushu,Japan,
AMNAT,1993,3835,Yoh,missing,Iwasa,,,,,Japan,
AMNAT,1994,3835,Yoh,missing,Iwasa,,,,,Japan,
AMNAT,2006,1086,Frederic,C,Janzen,Iowa State University,missing,Ames,Iowa,USA,
AMNAT,2007,1086,Frederic,C,Janzen,,,,,USA,
AMNAT,2008,1086,Frederic,C,Janzen,,,,,USA,
AMNAT,2003,2839,Philippe,missing,Jarne,Centre National de la Recherche Scientifique,missing,Montpellier,Occitanie,France,
AMNAT,2004,2839,Philippe,missing,Jarne,,,,,France,
AMNAT,2006,2839,Philippe,missing,Jarne,,,,,France,
AMNAT,2007,2839,Philippe,missing,Jarne,,,,,France,
AMNAT,2007,296,Bruce,C,Jayne,University of Cincinnati,missing,Clifton,Ohio,USA,
AMNAT,2008,296,Bruce,C,Jayne,,,,,USA,
AMNAT,2008,1658,Jukka,missing,Jokela,EAWAG/ETH,missing,Dubendorf,Zurich,Switzerland,
AMNAT,2009,1658,Jukka,missing,Jokela,,,,,Switzerland,
AMNAT,2010,1658,Jukka,missing,Jokela,,,,,Switzerland,
AMNAT,1992,115,Alejandro,missing,Kacelnik,Oxford University,missing,Oxford,England,United Kingdom,
AMNAT,1993,115,Alejandro,missing,Kacelnik,,,,,United Kingdom,
AMNAT,1994,115,Alejandro,missing,Kacelnik,,,,,United Kingdom,
AMNAT,2008,3374,Susan,missing,Kalisz,University of Pittsburgh,missing,Pittsburgh ,Pennsylvania,USA,
AMNAT,2009,3374,Susan,missing,Kalisz,,,,,USA,
AMNAT,2010,3374,Susan,missing,Kalisz,,,,,USA,
AMNAT,2012,3374,Susan,missing,Kalisz,,,,,USA,
AMNAT,2013,3374,Susan,missing,Kalisz,,,,,USA,
AMNAT,2014,3374,Susan,missing,Kalisz,,,,,USA,
AMNAT,1996,2845,Peter,missing,Kareiva,University of Washington,missing,Seattle,Washington,USA,
AMNAT,1997,2845,Peter,missing,Kareiva,,,,,USA,
AMNAT,1998,2845,Peter,missing,Kareiva,,,,,USA,
AMNAT,2014,2427,Michael,missing,Kearney,University of Melbourne,missing,Melbourne,Victoria,Australia,
AMNAT,2015,2427,Michael,missing,Kearney,,,,,Australia,
AMNAT,2006,2429,Matt,J,Keeling,University of Warwick,missing,Coventry,England,United Kingdom,
AMNAT,2007,2429,Matt,J,Keeling,,,,,United Kingdom,
AMNAT,2008,2429,Matt,J,Keeling,,,,,United Kingdom,
AMNAT,2009,2429,Matt,J,Keeling,,,,,United Kingdom,
AMNAT,2010,2429,Matt,J,Keeling,,,,,United Kingdom,
AMNAT,2014,118,Andrew,J,Kerkhoff,Kenyon College,missing,Gambier,Ohio,USA,
AMNAT,2015,118,Andrew,J,Kerkhoff,,,,,USA,
AMNAT,2004,987,Ellen,D,Ketterson,Indiana University,missing,Bloomington,Indiana,USA,
AMNAT,2006,987,Ellen,D,Ketterson,,,,,USA,
AMNAT,2007,987,Ellen,D,Ketterson,,,,,USA,
AMNAT,2008,987,Ellen,D,Ketterson,,,,,USA,
AMNAT,2009,987,Ellen,D,Ketterson,,,,,USA,
AMNAT,2010,987,Ellen,D,Ketterson,,,,,USA,
AMNAT,2011,987,Ellen,D,Ketterson,,,,,USA,
AMNAT,1992,1668,Joel,Green,Kingsolver,University of Washington,missing,Seattle,Washington,USA,
AMNAT,1993,1668,Joel,Green,Kingsolver,,,,,USA,
AMNAT,1994,1668,Joel,Green,Kingsolver,,,,,USA,
AMNAT,1996,1668,Joel,Green,Kingsolver,,,,,USA,
AMNAT,1997,1668,Joel,Green,Kingsolver,,,,,USA,
AMNAT,1998,1668,Joel,Green,Kingsolver,,,,,USA,
AMNAT,1991,2435,Mark,missing,Kirkpatrick,missing,missing,missing,missing,USA,
AMNAT,1992,2435,Mark,missing,Kirkpatrick,University of Texas,missing,Austin,Texas,USA,
AMNAT,1993,2435,Mark,missing,Kirkpatrick,,,,,USA,
AMNAT,2007,496,Christopher,A,Klausmeier,Michigan State University,missing,East Lansing,Michigan,USA,
AMNAT,2008,496,Christopher,A,Klausmeier,,,,,USA,
AMNAT,2009,496,Christopher,A,Klausmeier,,,,,USA,
AMNAT,2010,496,Christopher,A,Klausmeier,,,,,USA,
AMNAT,2015,496,Christopher,missing,Klausmeier,,,,,USA,
AMNAT,2010,3690,Vlastimil,missing,Krivan,"Biology Centre, Ceske Budejovice",missing,,South Bohemia,Czech Republic,
AMNAT,2011,3690,Vlastimil,missing,Krivan,,,,,Czech Republic,
AMNAT,2012,3690,Vlastimil,missing,Krivan,,,,,Czech Republic,
AMNAT,2013,3690,Vlastimil,missing,Krivan,,,,,Czech Republic,
AMNAT,2014,3690,Vlastimil,missing,Krivan,,,,,Czech Republic,
AMNAT,2015,3690,Vlastimil,missing,Krivan,,,,,Czech Republic,
AMNAT,2003,133,Allan,missing,Larson,Washington University,missing,St. Louis ,Missouri,USA,
AMNAT,2004,133,Allan,missing,Larson,,,,,USA,
AMNAT,1992,3129,Richard,missing,Law,University of York,missing,York,England,United Kingdom,
AMNAT,1993,3129,Richard,missing,Law,,,,,United Kingdom,
AMNAT,1994,3129,Richard,missing,Law,,,,,United Kingdom,
AMNAT,2008,2444,Martin,J,Lechowicz,McGill University,missing,Montreal,Quebec,Canada,
AMNAT,2009,2444,Martin,J,Lechowicz,,,,,Canada,
AMNAT,2010,2444,Martin,J,Lechowicz,,,,,Canada,
AMNAT,1998,2445,Mathew,,Leibold,University of Chicago,missing,Chicago,Illinois,USA,
AMNAT,1999,2445,Mathew,missing,Leibold,,,,,USA,
AMNAT,2000,2445,Mathew,missing,Leibold,,,,,USA,
AMNAT,2001,2445,Mathew,missing,Leibold,,,,,USA,
AMNAT,2002,2445,Mathew,missing,Leibold,,,,,USA,
AMNAT,2015,2445,Mathew,A,Leibold,University of Texas Austin,missing,Austin,Texas,USA,
AMNAT,2009,2445,Matt,A,Leibold,University of Texas,,Austin,Texas,USA,
AMNAT,2010,2445,Matt,A,Leibold,,,,,USA,
AMNAT,2011,2445,Matt,A,Leibold,,,,,USA,
AMNAT,2012,2445,Matt,A,Leibold,,,,,USA,
AMNAT,2013,2445,Matt,A,Leibold,,,,,USA,
AMNAT,2014,2445,Matt,A,Leibold,,,,,USA,
AMNAT,2015,1707,Jeff,missing,Leips,missing,missing,missing,missing,USA,
AMNAT,2006,3589,Thomas,missing,Lenormand,"CNRS, Montpellier",missing,Montpellier,Occitanie,France,
AMNAT,2007,3589,Thomas,missing,Lenormand,,,,,France,
AMNAT,2008,3589,Thomas,missing,Lenormand,,,,,France,
AMNAT,2003,510,Curt,missing,Lively,Indiana University,missing,Bloomington,Indiana,USA,
AMNAT,2004,510,Curt,missing,Lively,,,,,USA,
AMNAT,2004,2455,Michel,missing,Loreau,Ecole Normale Superieure,missing,Paris,Ile-de-France,France,
AMNAT,1999,1725,Jonathan,B,Losos,Washington University,missing,St. Louis ,Missouri,USA,
AMNAT,2006,1725,Jonathan,B,Losos,,,,,USA,
AMNAT,2001,2861,Per,,Lundberg,Lund University,missing,Lund,Scania,Sweden,
AMNAT,2002,2861,Per,missing,Lundberg,,,,,Sweden,
AMNAT,2003,2861,Per,missing,Lundberg,,,,,Sweden,
AMNAT,2004,2861,Per,missing,Lundberg,,,,,Sweden,
AMNAT,2008,2462,Marc,missing,Mangel,"University of California, Santa Cruz",missing,Santa Cruz,California,USA,
AMNAT,2009,2462,Marc,missing,Mangel,,,,,USA,
AMNAT,2011,2462,Marc,missing,Mangel,,,,,USA,
AMNAT,2012,2462,Marc,missing,Mangel,,,,,USA,
AMNAT,2013,2462,Marc,missing,Mangel,,,,,USA,
AMNAT,2014,2462,Marc,missing,Mangel,,,,,USA,
AMNAT,2008,1740,John,L,Maron,University of Montana,missing,Missoula,Montana,USA,
AMNAT,2009,1740,John,L,Maron,,,,,USA,
AMNAT,2010,1740,John,L,Maron,,,,,USA,
AMNAT,2012,1740,John,L,Maron,,,,,USA,
AMNAT,2013,1740,John,L,Maron,,,,,USA,
AMNAT,2014,1740,John,L,Maron,,,,,USA,
AMNAT,2007,1742,Justin,missing,Marshall,University of Queensland,missing,Brisbane,Queensland,Australia,
AMNAT,2008,1742,Justin,missing,Marshall,University of Queensland,missing,Brisbane,Queensland,Australia,
AMNAT,2009,1742,Justin,missing,Marshall,,,,,Australia,
AMNAT,2011,520,Carlos,missing,MartinezDelRio,University of Wyoming,missing,Laramie,Wyoming,USA,
AMNAT,2012,520,Carlos,missing,MartinezDelRio,,,,,USA,
AMNAT,2013,520,Carlos,missing,MartinezDelRio,,,,,USA,
AMNAT,2007,997,Emilia,missing,Martins,Indiana University,missing,Bloomington,Indiana,USA,
AMNAT,2008,997,Emilia,missing,Martins,Indiana University,missing,Bloomington,Indiana,USA,
AMNAT,2011,321,Brian,J,McGill,University of Arizona,missing,Tucson,Arizona,USA,
AMNAT,2012,321,Brian,J,McGill,,,,,USA,
AMNAT,2013,321,Brian,J,McGill,,,,,USA,
AMNAT,2006,1755,John,M,McNamara,Bristol University,missing,Bristol,South West,United Kingdom,
AMNAT,2007,1755,John,M,McNamara,,,,,United Kingdom,
AMNAT,2008,1755,John,M,McNamara,,,,,United Kingdom,
AMNAT,1999,2474,Mark,A,McPeek,Dartmouth College,missing,Hanover,New Hampshire,USA,
AMNAT,2009,2474,Mark,A,McPeek,,,,,USA,
AMNAT,2010,2474,Mark,A,McPeek,,,,,USA,
AMNAT,2011,2474,Mark,A,McPeek,,,,,USA,
AMNAT,2012,2474,Mark,A,McPeek,,,,,USA,
AMNAT,2013,2474,Mark,missing,McPeek,,,,,USA,
AMNAT,2014,2474,Mark,missing,McPeek,,,,,USA,
AMNAT,1991,3603,Thomas,R,Meagher,missing,missing,missing,missing,USA,
AMNAT,1992,3603,Thomas,R,Meagher,Rutgers University,missing,New Brunswick,New Jersey,USA,
AMNAT,1993,3603,Thomas,R,Meagher,,,,,USA,
AMNAT,2004,151,Axel,missing,Meyer,University of Konstanz,missing,Konstanz,Baden-Wurttemberg,Germany,
AMNAT,2006,151,Axel,missing,Meyer,,,,,Germany,
AMNAT,2006,3839,Yannis,missing,Michalakis,CNRS-IRD,missing,Montpellier,Occitanie,France,
AMNAT,2007,3839,Yannis,missing,Michalakis,,,,,France,
AMNAT,2008,3839,Yannis,missing,Michalakis,,,,,France,
AMNAT,2009,3839,Yannis,missing,Michalakis,,,,,France,
AMNAT,2010,3839,Yannis,missing,Michalakis,,,,,France,
AMNAT,2011,3839,Yannis,missing,Michalakis,,,,,France,
AMNAT,2012,3839,Yannis,missing,Michalakis,,,,,France,
AMNAT,2013,3839,Yannis,missing,Michalakis,,,,,France,
AMNAT,2014,3839,Yannis,missing,Michalakis,,,,,France,
AMNAT,2015,3839,Yannis,missing,Michalakis,,,,,France,
AMNAT,2006,3160,Robert,missing,Montgomerie,Queen's University,missing,Kingston,Ontario,Canada,
AMNAT,2007,3160,Robert,missing,Montgomerie,,,,,Canada,
AMNAT,2008,3160,Robert,missing,Montgomerie,,,,,Canada,
AMNAT,2006,3773,Wolf,M,Mooij,Netherlands Institute of Ecology,missing,Wageningen,Gelderland,Netherlands,
AMNAT,2007,3773,Wolf,M,Mooij,,,,,Netherlands,
AMNAT,2008,3773,Wolf,M,Mooij,,,,,Netherlands,
AMNAT,2009,3773,Wolf,M,Mooij,,,,,Netherlands,
AMNAT,2010,3773,Wolf,M,Mooij,,,,,Netherlands,
AMNAT,2011,3773,Wolf,M,Mooij,,,,,Netherlands,
AMNAT,2012,3773,Wolf,M,Mooij,,,,,Netherlands,
AMNAT,2013,3773,Wolf,M,Mooij,,,,,Netherlands,
AMNAT,2014,3773,Wolf,M,Mooij,,,,,Netherlands,
AMNAT,1985,1340,Harold,A,Mooney,missing,missing,missing,missing,USA,
AMNAT,1986,1340,Harold,A,Mooney,,,,,USA,
AMNAT,1987,1340,Harold,A,Mooney,,,,,USA,
AMNAT,1988,1340,Harold,A,Mooney,,,,,USA,
AMNAT,1989,1340,Harold,A,Mooney,,,,,USA,
AMNAT,1990,1340,Harold,A,Mooney,,,,,USA,
AMNAT,1998,158,Allen,J,Moore,University of Kentucky,missing,Lexington,Kentucky,USA,
AMNAT,2004,158,Allen,J,Moore,University of Manchester,missing,,,United Kingdom,
AMNAT,2006,158,Allen,J,Moore,,,,,United Kingdom,
AMNAT,2007,158,Allen,J,Moore,University of Exeter,missing,Cornwall,England,United Kingdom,
AMNAT,2008,158,Allen,J,Moore,,,,,United Kingdom,
AMNAT,2009,158,Allen,J,Moore,,,,,United Kingdom,
AMNAT,2010,158,Allen,J,Moore,,,,,United Kingdom,
AMNAT,1999,2871,Peter,J,Morin,Rutgers University,missing,New Brunswick,New Jersey,USA,
AMNAT,2006,2871,Peter,J,Morin,,,,,USA,
AMNAT,2007,2871,Peter,J,Morin,,,,,USA,
AMNAT,2008,2871,Peter,J,Morin,,,,,USA,
AMNAT,2009,2871,Peter,J,Morin,,,,,USA,
AMNAT,2010,2871,Peter,J,Morin,,,,,USA,
AMNAT,2001,3775,William,F,Morris,Duke University,missing,Durham,North Carolina,USA,
AMNAT,2006,3775,William,F,Morris,,,,,USA,
AMNAT,2007,3775,William,F,Morris,,,,,USA,
AMNAT,2011,3775,William,F,Morris,,,,,USA,
AMNAT,2012,3775,William,F,Morris,,,,,USA,
AMNAT,2013,3775,William,F,Morris,,,,,USA,
AMNAT,2009,2489,Michael,Green,Neubert,Woods Hole Oceanographic Institute,missing,Woods Hole,Massachusetts,USA,
AMNAT,2010,2489,Michael,Green,Neubert,,,,,USA,
AMNAT,2011,2489,Michael,Green,Neubert,,,,,USA,
AMNAT,2012,2489,Michael,Green,Neubert,,,,,USA,
AMNAT,2013,2489,Michael,Green,Neubert,,,,,USA,
AMNAT,2014,2489,Michael,Green,Neubert,,,,,USA,
AMNAT,2015,2489,Michael,Green,Neubert,,,,,USA,
AMNAT,2004,2883,Peter,missing,Nonacs,"University of California, Los Angeles",missing,,California,USA,
AMNAT,2006,2883,Peter,missing,Nonacs,,,,,USA,
AMNAT,2007,2883,Peter,missing,Nonacs,,,,,USA,
AMNAT,2013,2883,Peter,missing,Nonacs,,,,,USA,
AMNAT,2014,2883,Peter,missing,Nonacs,,,,,USA,
AMNAT,2015,2883,Peter,missing,Nonacs,,,,,USA,
AMNAT,2006,2493,Mohamed,AF,Noor,Duke University,missing,Durham,North Carolina,USA,
AMNAT,2014,3416,Scott,L,Nuismer,University of Idaho,missing,Moscow,Idaho,USA,
AMNAT,2007,3417,Sergey,missing,Nuzhdin,"University of California, Davis",missing,Davis,California,USA,
AMNAT,2008,3417,Sergey,missing,Nuzhdin,,,,,USA,
AMNAT,2014,3420,Sean,missing,ODonnell,Drexel University,missing,Philadelphia,Pennsylvania,USA,
AMNAT,2015,3420,Sean,missing,ODonnell,,,,,USA,
AMNAT,2002,1411,Isabel,missing,Olivieri,Universite Montpellier 2,missing,Montpellier,Occitanie,France,
AMNAT,2003,1411,Isabel,missing,Olivieri,,,,,France,
AMNAT,2004,1411,Isabel,missing,Olivieri,,,,,France,
AMNAT,1997,2502,Mark,missing,Pagel,missing,missing,missing,missing,United Kingdom,
AMNAT,1999,2502,Mark,missing,Pagel,University of Reading,missing,Reading,England,United Kingdom,
AMNAT,2000,2502,Mark,missing,Pagel,,,,,United Kingdom,
AMNAT,2001,2502,Mark,missing,Pagel,,,,,United Kingdom,
AMNAT,2002,2502,Mark,missing,Pagel,,,,,United Kingdom,
AMNAT,2003,2502,Mark,missing,Pagel,,,,,United Kingdom,
AMNAT,2004,2502,Mark,missing,Pagel,,,,,United Kingdom,
AMNAT,2003,2888,Patricia,missing,Parker,University of Missouri at St. Louis,missing,St. Louis,Missouri,USA,
AMNAT,2004,2888,Patricia,missing,Parker,,,,,USA,
AMNAT,1991,1800,John,missing,Pastor,missing,missing,missing,missing,USA,
AMNAT,1992,1800,John,missing,Pastor,"University of Minnesota, Duluth",missing,Duluth,Minnesota,USA,
AMNAT,1993,1800,John,missing,Pastor,,,,,USA,
AMNAT,2004,2677,Nipam,H,Patel,"University of California, Berkeley",missing,Berkeley,California,USA,
AMNAT,2006,2677,Nipam,H,Patel,,,,,USA,
AMNAT,2007,2677,Nipam,H,Patel,,,,,USA,
AMNAT,2008,2677,Nipam,H,Patel,,,,,USA,
AMNAT,2009,2677,Nipam,H,Patel,,,,,USA,
AMNAT,2002,2678,Nicolas,missing,Perrin,Universite de Lausanne,missing,Lausanne,Canton de Vaud,France,
AMNAT,2003,2678,Nicolas,missing,Perrin,,,,,France,
AMNAT,2004,2678,Nicolas,missing,Perrin,,,,,France,
AMNAT,2006,2678,Nicolas,missing,Perrin,,,,,Switzerland,
AMNAT,2007,2678,Nicolas,missing,Perrin,,,,,Switzerland,
AMNAT,2003,552,Christopher,W,Petersen,College of the Atlantic,missing,Bar Harbor,Maine,USA,
AMNAT,2006,552,Christopher,W,Petersen,,,,,USA,
AMNAT,2007,552,Christopher,W,Petersen,,,,,USA,
AMNAT,2004,554,Catherine,A,Pfister,University of Chicago,missing,Chicago,Illinois,USA,
AMNAT,2006,554,Catherine,A,Pfister,,,,,USA,
AMNAT,2007,554,Catherine,A,Pfister,,,,,USA,
AMNAT,2008,554,Catherine,A,Pfister,,,,,USA,
AMNAT,2009,3622,Tommaso,missing,Pizzari,University of Oxford,missing,Oxford,England,United Kingdom,
AMNAT,2010,3622,Tommaso,missing,Pizzari,,,,,United Kingdom,
AMNAT,2011,3622,Tommaso,missing,Pizzari,,,,,United Kingdom,
AMNAT,2012,3622,Tommaso,missing,Pizzari,,,,,United Kingdom,
AMNAT,1998,1347,Hugh,,Possingham,University of Adelaide,missing,Adelaide,South Australia,Australia,
AMNAT,1999,1347,Hugh,missing,Possingham,,,,,Australia,
AMNAT,2000,1347,Hugh,missing,Possingham,,,,,Australia,
AMNAT,2001,1347,Hugh,missing,Possingham,,,,,Australia,
AMNAT,2002,1347,Hugh,missing,Possingham,,,,,Australia,
AMNAT,2002,3625,Trevor,missing,Price,"University of California, San Diego",missing,San Diego,California,USA,
AMNAT,2003,3625,Trevor,missing,Price,,,,,USA,
AMNAT,2004,3625,Trevor,missing,Price,University of Chicago,,Chicago,Illinois,USA,
AMNAT,2002,829,Daniel,missing,Promislow,University of Georgia,missing,Athens,Georgia,USA,
AMNAT,2003,829,Daniel,missing,Promislow,,,,,USA,
AMNAT,2004,829,Daniel,missing,Promislow,,,,,USA,
AMNAT,2007,175,Anna,missing,Qvarnstrom,University of Uppsala,missing,Uppsala,Uppland,Sweden,
AMNAT,2008,175,Anna,missing,Qvarnstrom,,,,,Sweden,
AMNAT,2009,175,Anna,missing,Qvarnstrom,,,,,Sweden,
AMNAT,2010,175,Anna,missing,Qvarnstrom,,,,,Sweden,
AMNAT,2011,175,Anna,missing,Qvarnstrom,,,,,Sweden,
AMNAT,2012,175,Anna,missing,Qvarnstrom,,,,,Sweden,
AMNAT,1991,2226,Leslie,A,Real,missing,missing,missing,missing,USA,
AMNAT,1992,2226,Leslie,A,Real,,,,,USA,
AMNAT,1993,2226,Leslie,A,Real,,,,,USA,
AMNAT,2005,839,David,N,Reznick,"University of California, Riverside",missing,Riverside,California,USA,
AMNAT,2006,839,David,N,Reznick,,,,,USA,
AMNAT,2007,839,David,N,Reznick,,,,,USA,
AMNAT,2008,839,David,N,Reznick,,,,,USA,
AMNAT,2009,839,David,N,Reznick,,,,,USA,
AMNAT,2010,839,David,N,Reznick,,,,,USA,
AMNAT,2011,839,David,N,Reznick,,,,,USA,
AMNAT,2012,839,David,N,Reznick,,,,,USA,
AMNAT,2013,839,David,N,Reznick,,,,,USA,
AMNAT,2014,839,David,N,Reznick,,,,,USA,
AMNAT,2015,839,David,N,Reznick,,,,,USA,
AMNAT,2008,3450,Sean,H,Rice,Texas Tech University,missing,Lubbock,Texas,USA,
AMNAT,2009,3450,Sean,H,Rice,,,,,USA,
AMNAT,2010,3450,Sean,H,Rice,,,,,USA,
AMNAT,2011,3450,Sean,H,Rice,,,,,USA,
AMNAT,2012,3450,Sean,H,Rice,,,,,USA,
AMNAT,2013,3450,Sean,H,Rice,,,,,USA,
AMNAT,2014,3450,Sean,H,Rice,,,,,USA,
AMNAT,2010,3454,Sergio,missing,Rinaldi,missing,missing,missing,missing,Italy,
AMNAT,1998,2076,Kermit,,Ritland,University of British Columbia,missing,Vancouver,British Columbia,Canada,
AMNAT,1999,2076,Kermit,missing,Ritland,,,,,Canada,
AMNAT,2000,2076,Kermit,missing,Ritland,,,,,Canada,
AMNAT,2001,2076,Kermit,missing,Ritland,,,,,Canada,
AMNAT,2008,846,Daniel,L,Roelke,Texas A&M University,missing,College Station,Texas,USA,
AMNAT,2009,846,Daniel,L,Roelke,,,,,USA,
AMNAT,2010,846,Daniel,L,Roelke,,,,,USA,
AMNAT,2011,846,Daniel,L,Roelke,,,,,USA,
AMNAT,2012,846,Daniel,L,Roelke,,,,,USA,
AMNAT,2013,846,Daniel,L,Roelke,,,,,USA,
AMNAT,2014,846,Daniel,L,Roelke,,,,,USA,
AMNAT,2015,846,Daniel,L,Roelke,,,,,USA,
AMNAT,2008,2909,Pej,missing,Rohani,University of Georgia,missing,Athens,Georgia,USA,
AMNAT,2009,2909,Pej,missing,Rohani,,,,,USA,
AMNAT,2010,2909,Pej,missing,Rohani,,,,,USA,
AMNAT,2011,2909,Pej,missing,Rohani,,,,,USA,
AMNAT,2012,2909,Pej,missing,Rohani,,,,,USA,
AMNAT,2013,2909,Pej,missing,Rohani,,,,,USA,
AMNAT,2014,2909,Pej,missing,Rohani,,,,,USA,
AMNAT,2015,2909,Pej,missing,Rohani,,,,,USA,
AMNAT,2008,183,Axel,Green,Rossberg,International Institute for Applied Systems Analysis,missing,Laxenburg,Lower Austria,Austria,
AMNAT,2009,183,Axel,Green,Rossberg,,,,,Austria,
AMNAT,2010,183,Axel,Green,Rossberg,,,,,Austria,
AMNAT,2011,183,Axel,Green,Rossberg,,,,,Austria,
AMNAT,2012,183,Axel,Green,Rossberg,,,,,Austria,
AMNAT,2013,183,Axel,Green,Rossberg,,,,,Austria,
AMNAT,2014,183,Axel,Green,Rossberg,,,,,Austria,
AMNAT,2015,183,Axel,Green,Rossberg,,,,,United Kingdom,
AMNAT,1991,3697,V,Louise,Roth,missing,missing,missing,missing,USA,
AMNAT,1992,3697,V,Louise,Roth,Duke University,missing,Durham,North Carolina,USA,
AMNAT,1993,3697,V,Louise,Roth,,,,,USA,
AMNAT,1994,3697,V,Louise,Roth,,,,,USA,
AMNAT,1985,1847,Jonathan,missing,Roughgarden,missing,missing,missing,missing,USA,
AMNAT,1986,1847,Jonathan,missing,Roughgarden,,,,,USA,
AMNAT,1987,1847,Jonathan,missing,Roughgarden,,,,,USA,
AMNAT,1988,1847,Jonathan,missing,Roughgarden,,,,,USA,
AMNAT,1989,1847,Jonathan,missing,Roughgarden,,,,,USA,
AMNAT,1990,1847,Jonathan,missing,Roughgarden,,,,,USA,
AMNAT,2001,2234,Locke,missing,Rowe,University of Toronto,missing,Toronto,Ontario,Canada,
AMNAT,2002,2234,Locke,missing,Rowe,,,,,Canada,
AMNAT,2003,2234,Locke,missing,Rowe,,,,,Canada,
AMNAT,2004,2234,Locke,missing,Rowe,,,,,Canada,
AMNAT,2006,2234,Locke,missing,Rowe,,,,,Canada,
AMNAT,2007,2234,Locke,missing,Rowe,,,,,Canada,
AMNAT,2008,2234,Locke,missing,Rowe,,,,,Canada,
AMNAT,2009,2234,Locke,missing,Rowe,,,,,Canada,
AMNAT,2010,2234,Locke,missing,Rowe,,,,,Canada,
AMNAT,2011,2234,Locke,missing,Rowe,,,,,Canada,
AMNAT,2012,2234,Locke,missing,Rowe,,,,,Canada,
AMNAT,2013,2234,Locke,missing,Rowe,,,,,Canada,
AMNAT,2014,2234,Locke,missing,Rowe,,,,,Canada,
AMNAT,2015,2234,Locke,missing,Rowe,,,,,Canada,
AMNAT,2003,2079,Kaustuv,missing,Roy,"University of California, San Diego",missing,San Diego,California,USA,
AMNAT,2004,2079,Kaustuv,missing,Roy,,,,,USA,
AMNAT,2006,2079,Kaustuv,missing,Roy,,,,,USA,
AMNAT,2007,2079,Kaustuv,missing,Roy,,,,,USA,
AMNAT,2008,2079,Kaustuv,missing,Roy,,,,,USA,
AMNAT,2014,3698,Volker,HW,Rudolf,Rice University,missing,Houston,Texas,USA,
AMNAT,2015,3698,Volker,HW,Rudolf,,,,,,
AMNAT,2005,2547,Michael,J,Ryan,University of Texas,missing,Austin,Texas,USA,
AMNAT,2006,2547,Michael,J,Ryan,,,,,USA,
AMNAT,2007,2547,Michael,J,Ryan,,,,,USA,
AMNAT,2003,350,Barbara,missing,Schaal,Washington University,missing,St. Louis,Missouri,USA,
AMNAT,2004,350,Barbara,missing,Schaal,,,,,USA,
AMNAT,1998,862,Dolph,missing,Schluter,University of British Columbia,missing,Vancouver,British Columbia,Canada,
AMNAT,1999,862,Dolph,missing,Schluter,,,,,Canada,
AMNAT,2000,862,Dolph,missing,Schluter,,,,,Canada,
AMNAT,2001,1857,Johanna,missing,Schmitt,Brown University,missing,Providence ,Rhode Island,USA,
AMNAT,2010,2740,Oswald,J,Schmitz,Yale University,missing,New Haven,Connecticut,USA,
AMNAT,2011,2740,Oswald,J,Schmitz,,,,,USA,
AMNAT,2012,2740,Oswald,J,Schmitz,,,,,USA,
AMNAT,2013,2740,Oswald,J,Schmitz,,,,,USA,
AMNAT,2005,565,Christopher,J,Schneider,Boston University,missing,Boston,Massachusetts,USA,
AMNAT,2006,565,Christopher,J,Schneider,,,,,USA,
AMNAT,2007,565,Christopher,J,Schneider,,,,,USA,
AMNAT,1991,1861,Jon,missing,Seger,missing,missing,missing,missing,USA,
AMNAT,1992,1861,Jon,missing,Seger,University of Utah,missing,Salt Lake City,Utah,USA,
AMNAT,1993,1861,Jon,missing,Seger,,,,,USA,
AMNAT,1994,1861,Jon,missing,Seger,,,,,USA,
AMNAT,1995,1861,Jon,missing,Seger,,,,,USA,
AMNAT,2011,2559,Maria,missing,Servedio,"University of North Carolina, Chapel Hill",missing,Chapel Hill,North Carolina,USA,
AMNAT,2012,2559,Maria,missing,Servedio,,,,,USA,
AMNAT,2013,2559,Maria,missing,Servedio,,,,,USA,
AMNAT,2014,2559,Maria,missing,Servedio,,,,,USA,
AMNAT,1994,3218,Ruth,Green,Shaw,University of Minnesota,missing,Minneapolis-St. Paul,Minnesota,USA,
AMNAT,1995,3218,Ruth,Green,Shaw,,,,,USA,
AMNAT,1996,3218,Ruth,Green,Shaw,,,,,USA,
AMNAT,1997,3218,Ruth,Green,Shaw,,,,,USA,
AMNAT,2009,3218,Ruth,Green,Shaw,,,,,USA,
AMNAT,2010,3218,Ruth,Green,Shaw,,,,,USA,
AMNAT,2011,3218,Ruth,Green,Shaw,,,,,USA,
AMNAT,2002,353,Ben,missing,Sheldon,University of Oxford,missing,Oxford,England,United Kingdom,
AMNAT,2003,353,Ben,missing,Sheldon,,,,,United Kingdom,
AMNAT,2004,353,Ben,missing,Sheldon,,,,,United Kingdom,
AMNAT,2006,353,Ben,missing,Sheldon,,,,,United Kingdom,
AMNAT,2007,353,Ben,missing,Sheldon,,,,,United Kingdom,
AMNAT,2008,353,Ben,missing,Sheldon,,,,,United Kingdom,
AMNAT,2009,353,Ben,missing,Sheldon,,,,,United Kingdom,
AMNAT,2010,353,Ben,missing,Sheldon,,,,,United Kingdom,
AMNAT,2011,353,Ben,missing,Sheldon,,,,,United Kingdom,
AMNAT,2012,353,Ben,missing,Sheldon,,,,,United Kingdom,
AMNAT,2007,3638,Thomas,N,Sherratt,Carleton University,missing,Ottowa,Ontario,Canada,
AMNAT,2008,3638,Thomas,N,Sherratt,,,,,Canada,
AMNAT,2009,3638,Thomas,N,Sherratt,,,,,Canada,
AMNAT,2010,3638,Thomas,N,Sherratt,,,,,Canada,
AMNAT,2011,3638,Thomas,N,Sherratt,,,,,Canada,
AMNAT,2012,3638,Thomas,N,Sherratt,,,,,Canada,
AMNAT,2013,3638,Thomas,N,Sherratt,,,,,Canada,
AMNAT,2014,3638,Thomas,N,Sherratt,,,,,Canada,
AMNAT,1998,199,Andrew,missing,Sih,University of Kentucky,missing,Lexington,Kentucky,USA,
AMNAT,1999,199,Andrew,missing,Sih,,,,,USA,
AMNAT,2000,199,Andrew,missing,Sih,,,,,USA,
AMNAT,1999,867,Daniel,missing,Simberloff,University of Tennessee,missing,Knoxville,Tennessee,USA,
AMNAT,2000,867,Daniel,missing,Simberloff,University of Tennessee,,Knoxville,Tennessee,USA,
AMNAT,2001,867,Daniel,missing,Simberloff,,,,,USA,
AMNAT,2006,203,Andrew,missing,Solow,Woods Hole Oceanographic Institute,missing,Woods Hole,Massachusetts,USA,
AMNAT,2007,203,Andrew,missing,Solow,,,,,USA,
AMNAT,2008,203,Andrew,missing,Solow,,,,,USA,
AMNAT,2009,203,Andrew,missing,Solow,,,,,USA,
AMNAT,2010,203,Andrew,missing,Solow,,,,,USA,
AMNAT,2011,203,Andrew,missing,Solow,,,,,USA,
AMNAT,2012,203,Andrew,missing,Solow,,,,,USA,
AMNAT,2013,203,Andrew,missing,Solow,,,,,USA,
AMNAT,2009,876,Diane,S,Srivastava,University of British Columbia,missing,Vancouver,British Columbia,Canada,
AMNAT,2010,876,Diane,S,Srivastava,,,,,Canada,
AMNAT,2011,876,Diane,S,Srivastava,,,,,Canada,
AMNAT,2012,876,Diane,S,Srivastava,,,,,Canada,
AMNAT,2013,876,Diane,S,Srivastava,,,,,Canada,
AMNAT,2012,1885,John,J,Stachowicz,"University of California, Davis",missing,Davis,California,USA,
AMNAT,2013,1885,John,J,Stachowicz,,,,,USA,
AMNAT,2014,1885,John,J,Stachowicz,,,,,USA,
AMNAT,2015,1885,John,J,Stachowicz,,,,,USA,
AMNAT,1992,1886,Judy,A,Stamps,"University of California, Davis",missing,Davis,California,USA,
AMNAT,2006,1886,Judy,missing,Stamps,,,,,USA,
AMNAT,2009,3481,Scott,J,Steppan,Florida State University,missing,Tallahassee,Florida,USA,
AMNAT,2010,3481,Scott,J,Steppan,,,,,USA,
AMNAT,2011,3481,Scott,J,Steppan,,,,,USA,
AMNAT,2012,3481,Scott,J,Steppan,,,,,USA,
AMNAT,2013,3481,Scott,J,Steppan,,,,,USA,
AMNAT,2014,3481,Scott,J,Steppan,,,,,USA,
AMNAT,1999,2246,Lewi,missing,Stone,Tel Aviv University,missing,Tel Aviv,Tel Aviv,Israel,
AMNAT,2000,2246,Lewi,missing,Stone,,,,,Israel,
AMNAT,2001,2246,Lewi,missing,Stone,,,,,Israel,
AMNAT,2006,3483,Sonia,missing,Sultan,Wesleyan University,missing,Middletown,Connecticut,USA,
AMNAT,2009,1031,Erik,,Svensson,Lund University,missing,Lund,Scania,Sweden,
AMNAT,2010,1031,Erik,missing,Svensson,,,,,Sweden,
AMNAT,2011,1031,Erik,missing,Svensson,,,,,Sweden,
AMNAT,2012,1031,Erik,missing,Svensson,,,,,Sweden,
AMNAT,2013,1031,Erik,missing,Svensson,,,,,Sweden,
AMNAT,2014,1031,Erik,missing,Svensson,,,,,Sweden,
AMNAT,2015,1031,Erik,missing,Svensson,,,,,Sweden,
AMNAT,2003,2933,Peter,D,Taylor,Queen's University,missing,Kingston,Ontario,Canada,
AMNAT,2006,2933,Peter,D,Taylor,,,,,Canada,
AMNAT,2007,2933,Peter,D,Taylor,,,,,Canada,
AMNAT,2008,2933,Peter,D,Taylor,,,,,Canada,
AMNAT,2009,2933,Peter,D,Taylor,,,,,Canada,
AMNAT,2010,2933,Peter,D,Taylor,,,,,Canada,
AMNAT,2011,2933,Peter,D,Taylor,,,,,Canada,
AMNAT,2012,2933,Peter,D,Taylor,,,,,Canada,
AMNAT,2013,2933,Peter,D,Taylor,,,,,Canada,
AMNAT,2014,2933,Peter,D,Taylor,,,,,Canada,
AMNAT,2012,1904,Joshua,missing,Tewksbury,missing,missing,missing,missing,USA,
AMNAT,2002,577,Chris,missing,Thomas,University of Leeds,missing,Leeds,England,United Kingdom,
AMNAT,2003,577,Chris,missing,Thomas,,,,,United Kingdom,
AMNAT,2004,577,Chris,missing,Thomas,,,,,United Kingdom,
AMNAT,1991,891,David,missing,Tilma,missing,missing,missing,missing,USA,
AMNAT,1994,891,David,missing,Tilma,,,,,USA,
AMNAT,1991,1912,Joseph,missing,Travis,Florida State University,missing,Tallahassee,Florida,USA,
AMNAT,1992,1912,Joseph,missing,Travis,,,,,USA,
AMNAT,1993,1912,Joseph,missing,Travis,,,,,USA,
AMNAT,1994,1912,Joseph,missing,Travis,,,,,USA,
AMNAT,1999,1912,Joseph,missing,Travis,,,,,USA,
AMNAT,2000,1912,Joseph,missing,Travis,,,,,USA,
AMNAT,2001,1912,Joseph,missing,Travis,,,,,USA,
AMNAT,2002,1912,Joseph,missing,Travis,,,,,USA,
AMNAT,2013,1919,J,Albert C,Uy,University of Miami,missing,Coral Gables,Florida,USA,
AMNAT,2014,1919,J,Albert C,Uy,,,,,USA,
AMNAT,2015,1919,J,Albert C,Uy,,,,,USA,
AMNAT,1992,2584,Marcy,missing,Uyenoyama,Duke University,missing,Durham,North Carolina,USA,
AMNAT,1993,2584,Marcy,missing,Uyenoyama,,,,,USA,
AMNAT,1994,2584,Marcy,missing,Uyenoyama,,,,,USA,
AMNAT,1995,2584,Marcy,missing,Uyenoyama,,,,,USA,
AMNAT,1996,2584,Marcy,missing,Uyenoyama,,,,,USA,
AMNAT,1997,2584,Marcy,missing,Uyenoyama,,,,,USA,
AMNAT,2008,1039,Egbert,H,van Nes,Wageningen University,missing,Wageningen,Gelderland,Netherlands,
AMNAT,2009,1039,Egbert,H,VanNes,,,,,Netherlands,
AMNAT,2010,1039,Egbert,H,VanNes,,,,,Netherlands,
AMNAT,2011,1039,Egbert,H,VanNes,,,,,Netherlands,
AMNAT,2012,1039,Egbert,H,VanNes,,,,,Netherlands,
AMNAT,2013,1039,Egbert,H,VanNes,,,,,Netherlands,
AMNAT,2014,1039,Egbert,H,VanNes,,,,,Netherlands,
AMNAT,2015,1039,Egbert,H,VanNes,,,,,,
AMNAT,2014,2590,Mark,missing,Vellend,Universite de Sherbrooke,missing,Sherbrooke,Quebec,Canada,
AMNAT,2015,2590,Mark,missing,Vellend,,,,,Canada,
AMNAT,2003,2948,Peter,missing,Wainwright,Yale University,missing,New Haven,Connecticut,USA,
AMNAT,2004,2948,Peter,missing,Wainwright,,,,,USA,
AMNAT,2006,907,David,missing,Waxman,University of Sussex,missing,Sussex,England,United Kingdom,
AMNAT,2007,907,David,missing,Waxman,,,,,United Kingdom,
AMNAT,2008,907,David,missing,Waxman,,,,,United Kingdom,
AMNAT,2009,907,David,missing,Waxman,,,,,United Kingdom,
AMNAT,2010,907,David,missing,Waxman,,,,,United Kingdom,
AMNAT,2003,1142,Franz,J,Weissing,University of Groningen,missing,Groningen,Groningen,Netherlands,
AMNAT,2007,1142,Franz,J,Weissing,,,,,Netherlands,
AMNAT,2008,1142,Franz,J,Weissing,,,,,Netherlands,
AMNAT,2009,1142,Franz,J,Weissing,,,,,Netherlands,
AMNAT,2010,1142,Franz,J,Weissing,,,,,Netherlands,
AMNAT,2011,1142,Franz,J,Weissing,,,,,Netherlands,
AMNAT,2012,1142,Franz,J,Weissing,,,,,Netherlands,
AMNAT,2013,1142,Franz,J,Weissing,,,,,Netherlands,
AMNAT,2014,1142,Franz,J,Weissing,,,,,Netherlands,
AMNAT,2006,3500,Stuart,missing,West,University of Edinburgh,missing,Edinburgh,Scotland,United Kingdom,
AMNAT,2007,3500,Stuart,missing,West,,,,,United Kingdom,
AMNAT,2008,3500,Stuart,missing,West,,,,,United Kingdom,
AMNAT,2009,3500,Stuart,missing,West,,,,,United Kingdom,
AMNAT,2010,3500,Stuart,missing,West,,,,,United Kingdom,
AMNAT,2011,3500,Stuart,missing,West,,,,,United Kingdom,
AMNAT,2002,2606,Mark,missing,Westoby,Macquarie University,missing,Sydney,New South Wales,Australia,
AMNAT,2003,2606,Mark,missing,Westoby,,,,,Australia,
AMNAT,2004,2606,Mark,missing,Westoby,,,,,Australia,
AMNAT,2005,2607,Michael,missing,Whitlock,missing,missing,missing,missing,Canada,
AMNAT,2006,2607,Michael,C,Whitlock,,,,,Canada,
AMNAT,2007,2607,Michael,C,Whitlock,,,,,Canada,
AMNAT,2008,2607,Michael,C,Whitlock,,,,,Canada,
AMNAT,2006,1954,John,J,Wiens,State University of New York at Stony Brook,missing,Stony Brook,New York,USA,
AMNAT,2007,1954,John,J,Wiens,,,,,USA,
AMNAT,2008,1954,John,J,Wiens,,,,,USA,
AMNAT,2009,1954,John,J,Wiens,,,,,USA,
AMNAT,1992,1378,Henry,M,Wilbur,University of Virginia,missing,Charlottesville,Virginia,USA,
AMNAT,2007,1378,Henry,M,Wilbur,,,,,USA,
AMNAT,2008,1378,Henry,M,Wilbur,,,,,USA,
AMNAT,2012,3661,Tony,D,Williams,Simon Fraser University,missing,Burnaby,British Columbia,Canada,
AMNAT,2013,3661,Tony,D,Williams,,,,,Canada,
AMNAT,2014,3661,Tony,D,Williams,,,,,Canada,
AMNAT,2006,3821,Will,missing,Wilson,Duke University,missing,Durham,North Carolina,USA,
AMNAT,2007,3821,Will,missing,Wilson,,,,,USA,
AMNAT,2014,231,Alice,A,Winn,missing,missing,missing,missing,USA,
AMNAT,1991,601,Chung-I,missing,Wu,missing,missing,missing,missing,USA,
AMNAT,1992,601,Chung-I,missing,Wu,University of Chicago,missing,Chicago,Illinois,USA,
AMNAT,1993,601,Chung-I,missing,Wu,,,,,USA,
AMNAT,1994,601,Chung-I,missing,Wu,,,,,USA,
AMNAT,1995,601,Chung-I,missing,Wu,,,,,USA,
AMNAT,2003,601,Chung-I,missing,Wu,,,,,USA,
AMNAT,2004,601,Chung-I,missing,Wu,,,,,USA,
AMNAT,2006,601,Chung-I,missing,Wu,,,,,USA,
AMNAT,2007,601,Chung-I,missing,Wu,,,,,USA,
AMNAT,1997,2623,Marlene,missing,Zuk,"University of California, Riverside",missing,Riverside,California,USA,
AMNAT,1998,2623,Marlene,missing,Zuk,,,,,USA,
AMNAT,1999,2623,Marlene,missing,Zuk,,,,,USA,
AMNAT,2000,2623,Marlene,missing,Zuk,,,,,USA,
AMNAT,2001,2623,Marlene,missing,Zuk,,,,,USA,