INST,INST_CORR,UNIT_CORR,COUNTRY_CORR,COUNTRY,,,,,"DATAFILE$INST[DATAFILE$INST==""",Alterra,"""]<-""",ALTERRA Research Institute for the Green World,"""","DATAFILE$INST[DATAFILE$INST==""Alterra""]<-""ALTERRA Research Institute for the Green World"""
Iowa State University,,,USA,UsA,,,,,"DATAFILE$INST[DATAFILE$INST==""",ALTERRA Research Instituut voor de groene ruimte,"""]<-""",ALTERRA Research Institute for the Green World,"""","DATAFILE$INST[DATAFILE$INST==""ALTERRA Research Instituut voor de groene ruimte""]<-""ALTERRA Research Institute for the Green World"""
Gatty Marine Lab (University of Saint Andrews),University of Saint Andrews,Gatty Marine Lab,,Scotland,,,,,"DATAFILE$INST[DATAFILE$INST==""",Arizona State University west,"""]<-""",Arizona State University West Campus,"""","DATAFILE$INST[DATAFILE$INST==""Arizona State University west""]<-""Arizona State University West Campus"""
Mammal Research Institute (University of Pretoria),University of Pretoria,Mammal Research Institute,,South Africa,,,,,"DATAFILE$INST[DATAFILE$INST==""",Commonwealth Scientific and Industrial Research Organisation ,"""]<-""",Commonwealth Scientific and Industrial Research Organisation,"""","DATAFILE$INST[DATAFILE$INST==""Commonwealth Scientific and Industrial Research Organisation ""]<-""Commonwealth Scientific and Industrial Research Organisation"""
Alterra,ALTERRA Research Institute for the Green World,,,Netherlands,,,,,"DATAFILE$INST[DATAFILE$INST==""",Dartmouth University,"""]<-""",Dartmouth College,"""","DATAFILE$INST[DATAFILE$INST==""Dartmouth University""]<-""Dartmouth College"""
ALTERRA Research Instituut voor de groene ruimte,ALTERRA Research Institute for the Green World,,,Netherlands,,,,,"DATAFILE$INST[DATAFILE$INST==""",Field Museum Of Natural History,"""]<-""",Field Museum of Natural History,"""","DATAFILE$INST[DATAFILE$INST==""Field Museum Of Natural History""]<-""Field Museum of Natural History"""
Arizona State University west,Arizona State University West Campus,,,USA,,,,,"DATAFILE$INST[DATAFILE$INST==""",Freie Universit�t Berlin,"""]<-""",Freie University of Berlin,"""","DATAFILE$INST[DATAFILE$INST==""Freie Universit�t Berlin""]<-""Freie University of Berlin"""
Commonwealth Scientific and Industrial Research Organisation ,Commonwealth Scientific and Industrial Research Organisation,,,Australia,,,,,"DATAFILE$INST[DATAFILE$INST==""",Jawaharial Nehru University,"""]<-""",Jawaharlal Nehru University,"""","DATAFILE$INST[DATAFILE$INST==""Jawaharial Nehru University""]<-""Jawaharlal Nehru University"""
Dartmouth University,Dartmouth College,,,USA,,,,,"DATAFILE$INST[DATAFILE$INST==""",Kansas State University ,"""]<-""",Kansas State University,"""","DATAFILE$INST[DATAFILE$INST==""Kansas State University ""]<-""Kansas State University"""
Field Museum Of Natural History,Field Museum of Natural History,,,USA,,,,,"DATAFILE$INST[DATAFILE$INST==""",Landcare Research  Lincoln,"""]<-""",Landcare Research Ltd,"""","DATAFILE$INST[DATAFILE$INST==""Landcare Research  Lincoln""]<-""Landcare Research Ltd"""
Freie Universit�t Berlin,Freie University of Berlin,,,Germany,,,,,"DATAFILE$INST[DATAFILE$INST==""",Lehman College,"""]<-""",Lehman College CUNY,"""","DATAFILE$INST[DATAFILE$INST==""Lehman College""]<-""Lehman College CUNY"""
Jawaharial Nehru University,Jawaharlal Nehru University,,,India,,,,,"DATAFILE$INST[DATAFILE$INST==""",Mississippi State Univ.,"""]<-""",Mississippi State University,"""","DATAFILE$INST[DATAFILE$INST==""Mississippi State Univ.""]<-""Mississippi State University"""
Kansas State University ,Kansas State University,,,USA,,,,,"DATAFILE$INST[DATAFILE$INST==""",Monks Wood,"""]<-""",Monks Wood Experiment Station,"""","DATAFILE$INST[DATAFILE$INST==""Monks Wood""]<-""Monks Wood Experiment Station"""
Landcare Research  Lincoln,Landcare Research Ltd,,,New Zealand,,,,,"DATAFILE$INST[DATAFILE$INST==""",Oklahoma State,"""]<-""",Oklahoma State University,"""","DATAFILE$INST[DATAFILE$INST==""Oklahoma State""]<-""Oklahoma State University"""
Lehman College,Lehman College CUNY,,,USA,,,,,"DATAFILE$INST[DATAFILE$INST==""",Syngenta Crop Protection Inc,"""]<-""",Syngenta Crop Protection Inc.,"""","DATAFILE$INST[DATAFILE$INST==""Syngenta Crop Protection Inc""]<-""Syngenta Crop Protection Inc."""
Mississippi State Univ.,Mississippi State University,,,USA,,,,,"DATAFILE$INST[DATAFILE$INST==""",Texas Tech,"""]<-""",Texas Tech University,"""","DATAFILE$INST[DATAFILE$INST==""Texas Tech""]<-""Texas Tech University"""
Monks Wood,Monks Wood Experiment Station,,,England,,,,,"DATAFILE$INST[DATAFILE$INST==""",Universidad National Autonoma de Mexico,"""]<-""",Universidad Nacional Autonoma de Mexico,"""","DATAFILE$INST[DATAFILE$INST==""Universidad National Autonoma de Mexico""]<-""Universidad Nacional Autonoma de Mexico"""
Oklahoma State,Oklahoma State University,,,USA,,,,,"DATAFILE$INST[DATAFILE$INST==""",Universidade Federal De Alagoas,"""]<-""",Universidade Federal de Alagoas,"""","DATAFILE$INST[DATAFILE$INST==""Universidade Federal De Alagoas""]<-""Universidade Federal de Alagoas"""
Syngenta Crop Protection Inc,Syngenta Crop Protection Inc.,,,USA,,,,,"DATAFILE$INST[DATAFILE$INST==""",Université de Montreal,"""]<-""",Universite de Montreal,"""","DATAFILE$INST[DATAFILE$INST==""Université de Montreal""]<-""Universite de Montreal"""
Texas Tech,Texas Tech University,,,USA,,,,,"DATAFILE$INST[DATAFILE$INST==""",Université Joseph Fourier,"""]<-""",Universite Joseph Fourier,"""","DATAFILE$INST[DATAFILE$INST==""Université Joseph Fourier""]<-""Universite Joseph Fourier"""
Universidad National Autonoma de Mexico,Universidad Nacional Autonoma de Mexico,,,Mexico,,,,,"DATAFILE$INST[DATAFILE$INST==""",Universite Pierre and Marie Curie,"""]<-""",Universite Pierre Et Marie Curie,"""","DATAFILE$INST[DATAFILE$INST==""Universite Pierre and Marie Curie""]<-""Universite Pierre Et Marie Curie"""
Universidade Federal De Alagoas,Universidade Federal de Alagoas,,,Brazil,,,,,"DATAFILE$INST[DATAFILE$INST==""",Uc Santa Cruz,"""]<-""",UniversityÊofÊCaliforniaÊSantaÊCruz,"""","DATAFILE$INST[DATAFILE$INST==""Uc Santa Cruz""]<-""UniversityÊofÊCaliforniaÊSantaÊCruz"""
Université de Montreal,Universite de Montreal,,,Canada,,,,,"DATAFILE$INST[DATAFILE$INST==""",University of Edinburhg,"""]<-""",University of Edinburgh,"""","DATAFILE$INST[DATAFILE$INST==""University of Edinburhg""]<-""University of Edinburgh"""
Université Joseph Fourier,Universite Joseph Fourier,,,France,,,,,"DATAFILE$INST[DATAFILE$INST==""",University of Leuvenn,"""]<-""",University of Leuven,"""","DATAFILE$INST[DATAFILE$INST==""University of Leuvenn""]<-""University of Leuven"""
Universite Pierre and Marie Curie,Universite Pierre Et Marie Curie,,,France,,,,,"DATAFILE$INST[DATAFILE$INST==""",University of Los Andes Bogota,"""]<-""",University of Los Andes,"""","DATAFILE$INST[DATAFILE$INST==""University of Los Andes Bogota""]<-""University of Los Andes"""
Uc Santa Cruz,UniversityÊofÊCaliforniaÊSantaÊCruz,,,USA,,,,,"DATAFILE$INST[DATAFILE$INST==""",University of Missisippi,"""]<-""",University of Mississippi,"""","DATAFILE$INST[DATAFILE$INST==""University of Missisippi""]<-""University of Mississippi"""
University of Edinburhg,University of Edinburgh,,,United Kingdom,,,,,"DATAFILE$INST[DATAFILE$INST==""",University of Montanna,"""]<-""",University of Montana,"""","DATAFILE$INST[DATAFILE$INST==""University of Montanna""]<-""University of Montana"""
University of Leuvenn,University of Leuven,,,Belgium,,,,,"DATAFILE$INST[DATAFILE$INST==""",Unsw,"""]<-""",University of New South Wales,"""","DATAFILE$INST[DATAFILE$INST==""Unsw""]<-""University of New South Wales"""
University of Los Andes Bogota,University of Los Andes,,,Colombia,,,,,"DATAFILE$INST[DATAFILE$INST==""",Mammal Research Institute (University of Pretoria),"""]<-""",University of Pretoria,"""","DATAFILE$INST[DATAFILE$INST==""Mammal Research Institute (University of Pretoria)""]<-""University of Pretoria"""
University of Missisippi,University of Mississippi,,,USA,,,,,"DATAFILE$INST[DATAFILE$INST==""",Gatty Marine Lab (University of Saint Andrews),"""]<-""",University of Saint Andrews,"""","DATAFILE$INST[DATAFILE$INST==""Gatty Marine Lab (University of Saint Andrews)""]<-""University of Saint Andrews"""
University of Montanna,University of Montana,,,USA,,,,,"DATAFILE$INST[DATAFILE$INST==""",University of St Andrews,"""]<-""",University of St. Andrews,"""","DATAFILE$INST[DATAFILE$INST==""University of St Andrews""]<-""University of St. Andrews"""
Unsw,University of New South Wales,,,Australia,,,,,"DATAFILE$INST[DATAFILE$INST==""",University of Stirlinng,"""]<-""",University of Stirling,"""","DATAFILE$INST[DATAFILE$INST==""University of Stirlinng""]<-""University of Stirling"""
University of St Andrews,University of St. Andrews,,,United Kingdom,,,,,"DATAFILE$INST[DATAFILE$INST==""",University of Tenessee,"""]<-""",University of Tennessee,"""","DATAFILE$INST[DATAFILE$INST==""University of Tenessee""]<-""University of Tennessee"""
University of Stirlinng,University of Stirling,,,United Kingdom,,,,,"DATAFILE$INST[DATAFILE$INST==""",University of Texas At Austin,"""]<-""",University of Texas Austin,"""","DATAFILE$INST[DATAFILE$INST==""University of Texas At Austin""]<-""University of Texas Austin"""
University of Tenessee,University of Tennessee,,,USA,,,,,"DATAFILE$INST[DATAFILE$INST==""",University of Wisconsin,"""]<-""",University of Wisconsin,"""","DATAFILE$INST[DATAFILE$INST==""University of Wisconsin""]<-""University of Wisconsin"""
University of Texas At Austin,University of Texas Austin,,,USA,,,,,"DATAFILE$INST[DATAFILE$INST==""",Victorian School of forestry,"""]<-""",Victorian School of Forestry,"""","DATAFILE$INST[DATAFILE$INST==""Victorian School of forestry""]<-""Victorian School of Forestry"""
University of Wisconsin,University of Wisconsin,,,USA,,,,,"DATAFILE$INST[DATAFILE$INST==""",VRije Universiteit Amsterdam,"""]<-""",Vrije Universiteit Amsterdam,"""","DATAFILE$INST[DATAFILE$INST==""VRije Universiteit Amsterdam""]<-""Vrije Universiteit Amsterdam"""
Victorian School of forestry,Victorian School of Forestry,,,Australia,,,,,"DATAFILE$INST[DATAFILE$INST==""",Washington U St Louis,"""]<-""",Washington University,"""","DATAFILE$INST[DATAFILE$INST==""Washington U St Louis""]<-""Washington University"""
VRije Universiteit Amsterdam,Vrije Universiteit Amsterdam,,,Netherlands,,,,,"DATAFILE$INST[DATAFILE$INST==""",Western Cotton Research Lab.,"""]<-""",Western Cotton Research Lab,"""","DATAFILE$INST[DATAFILE$INST==""Western Cotton Research Lab.""]<-""Western Cotton Research Lab"""
Washington U St Louis,Washington University,,,USA,,,,,"DATAFILE$INST[DATAFILE$INST==""",Western Michigan University,"""]<-""",Western Michigan University,"""","DATAFILE$INST[DATAFILE$INST==""Western Michigan University""]<-""Western Michigan University"""
Western Cotton Research Lab.,Western Cotton Research Lab,,,USA,USA,,,,"DATAFILE$INST[DATAFILE$INST==""",Woods Hole,"""]<-""",Woods Hole Oceanographic Institution,"""","DATAFILE$INST[DATAFILE$INST==""Woods Hole""]<-""Woods Hole Oceanographic Institution"""
Western Michigan University,Western Michigan University,,,,,,,,"DATAFILE$INST[DATAFILE$INST==""",WWF,"""]<-""",World Wildlife Fund,"""","DATAFILE$INST[DATAFILE$INST==""WWF""]<-""World Wildlife Fund"""
Woods Hole,Woods Hole Oceanographic Institution,,,USA,,,,,"DATAFILE$UNIT[DATAFILE$INST==""",University of Saint Andrews,"""]<-""",Gatty Marine Lab,"""","DATAFILE$UNIT[DATAFILE$INST==""University of Saint Andrews""]<-""Gatty Marine Lab"""
WWF,World Wildlife Fund,,,Italy,,,,,"DATAFILE$UNIT[DATAFILE$INST==""",University of Pretoria,"""]<-""",Mammal Research Institute,"""","DATAFILE$UNIT[DATAFILE$INST==""University of Pretoria""]<-""Mammal Research Institute"""
Adelaide,,,,Australia,,,,,,,,,,
Agriculture and Agri Food,,,,Canada,,,,,,,,,,
Agriculture and Agri Food Canada,,,,Canada,,,,,,,,,,
Albert Ludwigs Universit_t Freiburg,,,,Germany,,,,,,,,,,
Alberta,,,,Canada,,,,,,,,,,
Amherst,,,,USA,,,,,,,,,,
Amsterdam,,,,Switzerland,,,,,,,,,,
Antwerp,,,,Belgium,,,,,,,,,,
ANUTECH,,,,Australia,,,,,,,,,,
Arizona,,,,USA,,,,,,,,,,
ART Research Stationn,,,,Switzerland,,,,,,,,,,
ASA CSSA SSSA,,,,USA,,,,,,,,,,
Ascot,,,,England,,,,,,,,,,
Auckland,,,,New Zealand,,,,,,,,,,
BASF Plant Science,,,,Australia,,,,,,,,,,
BASF Plant Science,,,,USA,,,,,,,,,,
Beijing,,,,China,,,,,,,,,,
Bethesda,,,,USA,,,,,,,,,,
Bialystok,,,,Poland,,,,,,,,,,
Bidhan Chandra Krishi Viswavid,,,,India,,,,,,,,,,
Bristol,,,,England,,,,,,,,,,
California,,,,USA,,,,,,,,,,
Cambridge,,,,England,,,,,,,,,,
Canberra,,,,Australia,,,,,,,,,,
Cardiff,,,,Wales,,,,,,,,,,
Centre for Ecology and Hydrology,,,,United Kingdom,,,,,,,,,,
Chicago,,,,USA,,,,,,,,,,
China Agricultural University,,,,China,,,,,,,,,,
Christchurch,,,,New Zealand,,,,,,,,,,
Ciudad Universitaria,,,,Spain,,,,,,,,,,
CNRS Centre dEcologie des Ressources Renouvelables,,,,France,,,,,,,,,,
Colorado,,,,USA,,,,,,,,,,
Copenhagen,,,,Denmark,,,,,,,,,,
CUNY College of Staten Island,,,,USA,,,,,,,,,,
Dartmouth,,,,USA,,,,,,,,,,
Davis,,,,USA,,,,,,,,,,
Duke,,,,USA,,,,,,,,,,
Duke University,,,,USA,,,,,,,,,,
Dundee,,,,Scotland,,,,,,,,,,
Florida,,,,USA,,,,,,,,,,
Free University Amsterdam,,,,Switzerland,,,,,,,,,,
French Institute of Pondicherry,,,,India,,,,,,,,,,
Georgia State University,,,,USA,,,,,,,,,,
Gorgan University of Agric. Sci.,,,,Iran,,,,,,,,,,
Guelph,,,,Canada,,,,,,,,,,
Hawaii,,,,USA,,,,,,,,,,
Helmholtz Centre for Environmental Research UFZ,,,,Germany,,,,,,,,,,
Helmholtz Centre for Environmental Research UFZ Leipzig Halle,,,,Germany,,,,,,,,,,
Henan University,,,,China,,,,,,,,,,
Hokkaido,,,,Japan,,,,,,,,,,
Hokkaido University,,,,Japan,,,,,,,,,,
Illinois,,,,USA,,,,,,,,,,
Imperial College London Silwood Park,,,,United Kingdom,,,,,,,,,,
Indiana,,,,USA,,,,,,,,,,
Innsbruck,,,,Austria,,,,,,,,,,
Instituto Mediterraneo de Estudios Avanzados (IMEDEA),,,,Spain,,,,,,,,,,
Instituto Nacional de Tecnologia Agropecua,,,,Argentina,,,,,,,,,,
Instituto Nacional de Tecnologia Agropecua EEA Oliveros,,,,Argentina,,,,,,,,,,
Instituto Venezolano de Investigaciones Cientificas,,,,Venezuela,,,,,,,,,,
Instituto Venezolano Investigaciones Cientificas,,,,Venezuela,,,,,,,,,,
Iowa State University,,,,Argentina,,,,,,,,,,
Jena,,,,Germany,,,,,,,,,,
Journal of Tropical Ecology,,,,United Kingdom,,,,,,,,,,
Krakow,,,,Poland,,,,,,,,,,
Kyoto,,,,Japan,,,,,,,,,,
Laboratoire Associe de Modelisation des Plantes<a0>(AMAP),,,,France,,,,,,,,,,
Lakehead University,,,,Canada,,,,,,,,,,
Lakehead University,,,,USA,,,,,,,,,,
Lancaster,,,,England,,,,,,,,,,
Lancaster University,,,,United Kingdom,,,,,,,,,,
Lancaster University,,,,USA,,,,,,,,,,
Landcaster University,,,,United Kingdom,,,,,,,,,,
Landolakes,,,,USA,,,,,,,,,,
Leibniz Centre for Agricultural Landscape Research,,,,Germany,,,,,,,,,,
Leibniz Centre for Agricultural Landscape Research,,,,USA,,,,,,,,,,
LGL Ecological Research Associates,,,,USA,,,,,,,,,,
Lincoln University,,,,New Zealand,,,,,,,,,,
Massey,,,,New Zealand,,,,,,,,,,
Massey University,,,,New Zealand,,,,,,,,,,
Millbrook,,,,USA,,,,,,,,,,
Minnesota,,,,USA,,,,,,,,,,
Monash,,,,Australia,,,,,,,,,,
Monash University,,,,Australia,,,,,,,,,,
Montana,,,,USA,,,,,,,,,,
Montpellier,,,,France,,,,,,,,,,
Museum National dHistoire Naturelle,,,,France,,,,,,,,,,
National University of Rosario,,,,Argentina,,,,,,,,,,
National University of Rosario,,,,USA,,,,,,,,,,
National University of Singapore,,,,China,,,,,,,,,,
National University of Singapore,,,,Singapore,,,,,,,,,,
Natural Environment Research Council,,,,United Kingdom,,,,,,,,,,
Natural History Museum,,,,England,,,,,,,,,,
Natural History Museum,,,,United Kingdom,,,,,,,,,,
Natural History Museum,,,,USA,,,,,,,,,,
Natural History Museum London,,,,United Kingdom,,,,,,,,,,
Natural History Museum UK,,,,NA,,,,,,,,,,
Nebraska,,,,USA,,,,,,,,,,
New York Botanical Garden,,,,United Kingdom,,,,,,,,,,
New York Botanical Garden,,,,USA,,,,,,,,,,
Newfoundland,,,,Canada,,,,,,,,,,
no one by this name,,,,Australia,,,,,,,,,,
no one by this name,,,,Canada,,,,,,,,,,
no one by this name,,,,Finland,,,,,,,,,,
no one by this name,,,,New Zealand,,,,,,,,,,
no one by this name,,,,United Kingdom,,,,,,,,,,
no one by this name,,,,USA,,,,,,,,,,
North Carolina,,,,USA,,,,,,,,,,
North Carolina Agricultural and Technical State University,,,,USA,,,,,,,,,,
North Carolina State University,,,,USA,,,,,,,,,,
Notre Dame,,,,USA,,,,,,,,,,
Notre Dame University,,,,United Kingdom,,,,,,,,,,
Oregon Trail,,,,USA,,,,,,,,,,
Pekinn,,,,China,,,,,,,,,,
Pennsylvania State University,,,,Costa Rica,,,,,,,,,,
Pennsylvania State University,,,,USA,,,,,,,,,,
Pepperdine,,,,USA,,,,,,,,,,
Pepperdine University,,,,USA,,,,,,,,,,
Philadelphia,,,,USA,,,,,,,,,,
Pittsburgh,,,,USA,,,,,,,,,,
Plymouth,,,,England,,,,,,,,,,
Portland State University,,,,United Kingdom,,,,,,,,,,
Portland State University,,,,USA,,,,,,,,,,
Pretoria,,,,South Africa,,,,,,,,,,
Princeton,,,,USA,,,,,,,,,,
Queens University,,,,Canada,,,,,,,,,,
Queens University,,,,USA,,,,,,,,,,
Queens University of Belfast,,,,N. Ireland,Northern Ireland,,,,,,,,,
Queensland,,,,Australia,,,,,,,,,,
Reading,,,,England,,,,,,,,,,
Regina,,,,Canada,,,,,,,,,,
Rice University,,,,Canada,,,,,,,,,,
Rice University,,,,USA,,,,,,,,,,
Riso DTUniversity of National Laboratory for Sustainable Energy,,,,Denmark,,,,,,,,,,
Riverside,,,,USA,,,,,,,,,,
Rose Hulman Institute of Technology,,,,USA,,,,,,,,,,
Rothamsted Research,,,,England,,,,,,,,,,
Rothamsted Research,,,,United Kingdom,,,,,,,,,,
Royal Botanic Gardens Kew,,,,Australia,,,,,,,,,,
Royal Botanic Gardens Kew,,,,United Kingdom,,,,,,,,,,
Royal Botanic Gardens Kew,,,,USA,,,,,,,,,,
Royal Society for the Protection of Bitds,,,,United Kingdom,,,,,,,,,,
Russian Academy of Sciences,,,,Russia,,,,,,,,,,
Russian Academy of Sciences Siberian Branch,,,,Russia,,,,,,,,,,
Sackville,,,,Canada,,,,,,,,,,
Santa Cruz,,,,USA,,,,,,,,,,
Santiago,,,,Chile,,,,,,,,,,
Saskatchewan,,,,Canada,,,,,,,,,,
School of Biological Sciences,,,,Australia,,,,,,,,,,
School of Environment and Nat Resources,,,,USA,,,,,,,,,,
School of Environmental Science,,,,Australia,,,,,,,,,,
Seattle WA,,,,USA,,,,,,,,,,
Seoul,,,,Republic of Korea,,,,,,,,,,
Simon Fraser University,,,,Canada,,,,,,,,,,
Simon Fraser University,,,,Canada,,,,,,,,,,
South Florida,,,,USA,,,,,,,,,,
St. de Pytosociologie Fondamental,,,,France,,,,,,,,,,
State University of New York College of Environmental Science and Forestry,,,,USA,,,,,,,,,,
State University of New York Stony Brook,,,,USA,,,,,,,,,,
Swedish Agricultural University,,,,Sweden,,,,,,,,,,
Swedish University of Agricultural Sciences,,,,Sweden,,,,,,,,,,
Tartu,,,,Estonia,,,,,,,,,,
Tartu University,,,,Estonia,,,,,,,,,,
Tennessee,,,,USA,,,,,,,,,,
Toronto,,,,Canada,,,,,,,,,,
Truman State,,,,USA,,,,,,,,,,
Tufts,,,,USA,,,,,,,,,,
Tufts University,,,,USA,,,,,,,,,,
Tulane,,,,USA,,,,,,,,,,
Tulane University,,,,USA,,,,,,,,,,
TUniversity of Dresden,,,,Germany,,,,,,,,,,
Ulm,,,,Germany,,,,,,,,,,
Ulster,,,,Northern Ireland,,,,,,,,,,
Universidade Federal do Rio de Janeiro Museu Nacional,,,,Brazil,,,,,,,,,,
Universite Claude Bernard Lyon 1,,,,France,,,,,,,,,,
Universite Claude Bernard Lyons,,,,France,,,,,,,,,,
Universite du Quebec en Abitibi Temiscamingue,,,,Canada,,,,,,,,,,
Universite Laval Quebec,,,,Canada,,,,,,,,,,
Universite Laval Quebec,,,,USA,,,,,,,,,,
Universite Montpellier,,,,France,,,,,,,,,,
Universite Montpellier II,,,,France,,,,,,,,,,
University College London,,,,United Kingdom,,,,,,,,,,
University College London,,,,USA,,,,,,,,,,
University of Alaska Fairbanks,,,,Norway,,,,,,,,,,
University of Alaska Fairbanks,,,,USA,,,,,,,,,,
University of Bonn,,,,Germany,,,,,,,,,,
University of Bonn,,,,USA,,,,,,,,,,
University of Buenos Aires and IFEVA,,,,Argentina,,,,,,,,,,
University of Cambridge,,,,NA,,,,,,,,,,
University of Cape Town,,,,South Africa,,,,,,,,,,
University of Cape Town,,,,United Kingdom,,,,,,,,,,
University of Connecticut,,,,United Kingdom,,,,,,,,,,
University of Connecticut,,,,USA,,,,,,,,,,
University of Durham,,,,NA,,,,,,,,,,
University of East Angolia,,,,United Kingdom,,,,,,,,,,
University of Georgia,,,,United Kingdom,,,,,,,,,,
University of ibadan,,,,Nigeria,,,,,,,,,,
University of Kentucky,,,,Australia,,,,,,,,,,
University of Maryland,,,,Canada,,,,,,,,,,
University of Maryland Center for Environmental Science,,,,USA,,,,,,,,,,
University of Natural Resources and Life Sciences Vienna,,,,Austria,,,,,,,,,,
University of Oldenberg,,,,Germany,,,,,,,,,,
University of Oldenburg,,,,Germany,,,,,,,,,,
University of Oldenburg,,,,Switzerland,,,,,,,,,,
University of Oxford,,,,Australia,,,,,,,,,,
University of Oxford,,,,England,,,,,,,,,,
University of Pennsylvania,,,,Australia,,,,,,,,,,
University of Pennsylvania,,,,USA,,,,,,,,,,
University of Regina,,,,Canada,,,,,,,,,,
University of Regina,,,,USA,,,,,,,,,,
University of Sheffield,,,,United Kingdom,,,,,,,,,,
University of Sheffield,,,,USA,,,,,,,,,,
University of Southampton,,,,United Kingdom,,,,,,,,,,
University of Southampton,,,,USA,,,,,,,,,,
University of St. Andrews,,,,Canada,,,,,,,,,,
University of Tennessee,,,,Denmark,,,,,,,,,,
University of Toronto,,,,Canada,,,,,,,,,,
University of Toronto,,,,USA,,,,,,,,,,
University of Tubingen,,,,Germany,,,,,,,,,,
University of Tubingen,,,,United Kingdom,,,,,,,,,,
University of Western Ontario,,,,Canada,,,,,,,,,,
University of Western Ontario,,,,Germany,,,,,,,,,,
University of Western Ontario,,,,USA,,,,,,,,,,
University of Wyoming,,,,Canada,,,,,,,,,,
University of Wyoming,,,,USA,,,,,,,,,,
University of Zuidema,,,,Netherlands,,,,,,,,,,
University of Zurich,,,,Switzerland,,,,,,,,,,
University of Zurich Irchel,,,,Switzerland,,,,,,,,,,
US Geological Survey and University of California Santa Barbara,,,,USA,,,,,,,,,,
Utah,,,,USA,,,,,,,,,,
Utrecht,,,,Netherlands,,,,,,,,,,
Vancouver,,,,Canada,,,,,,,,,,
Vermont,,,,USA,,,,,,,,,,
Victoria University of Wellington,,,,Australia,,,,,,,,,,
Victoria University of Wellington,,,,New Zealand,,,,,,,,,,
Vigo,,,,Spain,,,,,,,,,,
Vrije Universiteit Amsterdam,,,,Australia,,,,,,,,,,
Vrije Universiteit Amsterdam,,,,Switzerland,,,,,,,,,,
Wageningen,,,,Netherlands,,,,,,,,,,
Wageningen Agricultural University and Research Center Alterra,,,,Netherlands,,,,,,,,,,
Wageningen University and Instituto Boliviano de Investigacion Forestal,,,,Netherlands,,,,,,,,,,
Wageningen University and Research,,,,Netherlands,,,,,,,,,,
Washington University School of Medicine,,,,USA,,,,,,,,,,
Wyoming,,,,USA,,,,,,,,,,
York,,,,England,,,,,,,,,,
York University,,,,Canada,,,,,,,,,,
York University,,,,United Kingdom,,,,,,,,,,
Zurich,,,,Switzerland,,,,,,,,,,
,,,,USA,,,,,,,,,,