JOURNAL,YEAR,VOLUME,ISSUE,editor_id,FIRST_NAME,MIDDLE_NAME,LAST_NAME,NAME,TITLE.x,CATEGORY,INST,UNIT,CITY,STATE,COUNTRY,geo.code
AJB,1985,72,1,1146,Gregory,,Anderson,Gregory Anderson,EC ,SE,U Connecticut,,,,USA,USA
AJB,1985,72,1,1454,Jerry,,Baskin,Jerry Baskin,EC,SE,U Kentucky,,,,USA,USA
AJB,1985,72,1,3535,Theodore,,Delevoryas,Theodore Delevoryas,EIC,EIC,,,,,USA,USA
AJB,1985,72,1,3052,Robert,,Essman,Robert Essman,EC,SE,Ohio State,,,,USA,USA
AJB,1985,72,1,2846,Peter,,Kaupman,Peter Kaupman,EC,SE,U Michigan,,,,USA,USA
AJB,1985,72,1,3123,Ross,,Koning,Ross Koning,EC,SE,Rutgers U,,,,USA,USA
AJB,1986,73,1,1146,Gregory,,Anderson,Gregory Anderson,EC,SE,U Connecticut,,,,USA,USA
AJB,1986,73,1,617,Dominick,,Basile,Dominick Basile,EC,SE,Lehman College,,,,USA,USA
AJB,1986,73,1,3535,Theodore,,Delevoryas,Theodore Delevoryas,EIC,EIC,U Texas,,,,USA,USA
AJB,1986,73,1,3052,Robert,,Essman,Robert Essman,EC,SE,Ohio State,,,,USA,USA
AJB,1986,73,1,3257,Robert,,Wyatt,Robert Wyatt,EC,SE,U Georgia,,,,USA,USA
AJB,1987,74,1,1146,Gregory,,Anderson,Gregory Anderson,EC,SE,U Connecticut,,,,USA,USA
AJB,1987,74,1,617,Dominick,,Basile,Dominick Basile,EC,SE,Lehman College,,,,USA,USA
AJB,1987,74,1,3535,Theodore,,Delevoryas,Theodore Delevoryas,EIC,EIC,U Texas,,,,USA,USA
AJB,1987,74,1,3052,Robert,,Essman,Robert Essman,EC,SE,Ohio State,,,,USA,USA
AJB,1987,74,1,3257,Robert,,Wyatt,Robert Wyatt,EC,SE,U Georgia,,,,USA,USA
AJB,1988,75,1,1146,Gregory,,Anderson,Gregory Anderson,EC,SE,U Connecticut,,,,USA,USA
AJB,1988,75,1,617,Dominick,,Basile,Dominick Basile,EC,SE,Lehman College,,,,USA,USA
AJB,1988,75,1,3535,Theodore,,Delevoryas,Theodore Delevoryas,EIC,EIC,U Texas,,,,USA,USA
AJB,1988,75,1,3052,Robert,,Essman,Robert Essman,EC,SE,Ohio State,,,,USA,USA
AJB,1988,75,1,3257,Robert,,Wyatt,Robert Wyatt,EC,SE,U Georgia,,,,USA,USA
AJB,1989,76,1,1146,Gregory,,Anderson,Gregory Anderson,EC,SE,U Connecticut,,,,USA,USA
AJB,1989,76,1,617,Dominick,,Basile,Dominick Basile,EC,SE,Lehman College,,,,USA,USA
AJB,1989,76,1,3535,Theodore,,Delevoryas,Theodore Delevoryas,EIC,EIC,U Texas,,,,USA,USA
AJB,1989,76,1,3052,Robert,,Essman,Robert Essman,EC,SE,Ohio State,,,,USA,USA
AJB,1989,76,1,3257,Robert,,Wyatt,Robert Wyatt,EC,SE,U Georgia,,,,USA,USA
AJB,1990,77,1,1146,Gregory,,Anderson,Gregory Anderson,Editorial Committee (EC),SE,U Connecticut,,,,USA,USA
AJB,1990,77,1,617,Dominick,,Basile,Dominick Basile,AE,SE,Lehman College-CUNY,,,,USA,USA
AJB,1990,77,1,3052,Robert,,Essman,Robert Essman,AE,SE,Ohio State,,,,USA,USA
AJB,1990,77,1,2660,Nels,R,Lersten,Nels R Lersten,EIC,EIC,Iowa State,,,,USA,USA
AJB,1990,77,1,3257,Robert,,Wyatt,Robert Wyatt,AE,SE,U Georgia,,,,USA,USA
AJB,1991,78,1,1146,Gregory,,Anderson,Gregory Anderson,AE,SE,U Connecticut,,,,USA,USA
AJB,1991,78,1,617,Dominick,,Basile,Dominick Basile,AE,SE,Lehman College-CUNY,,,,USA,USA
AJB,1991,78,1,3052,Robert,,Essman,Robert Essman,AE,SE,Ohio State,,,,USA,USA
AJB,1991,78,1,2660,Nels,R,Lersten,Nels R Lersten,EIC,EIC,Iowa State,,,,USA,USA
AJB,1991,78,1,3257,Robert,,Wyatt,Robert Wyatt,AE,SE,U Georgia,,,,USA,USA
AJB,1992,79,1,1146,Gregory,,Anderson,Gregory Anderson,AE,SE,U Connecticut,,,,USA,USA
AJB,1992,79,1,617,Dominick,,Basile,Dominick Basile,AE,SE,Lehman College-CUNY,,,,USA,USA
AJB,1992,79,1,3052,Robert,,Essman,Robert Essman,AE,SE,Ohio State,,,,USA,USA
AJB,1992,79,1,2660,Nels,R,Lersten,Nels R Lersten,EIC,EIC,Iowa State,,,,USA,USA
AJB,1992,79,1,3257,Robert,,Wyatt,Robert Wyatt,AE,SE,U Georgia,,,,USA,USA
AJB,1993,80,1,1146,Gregory,,Anderson,Gregory Anderson,AE,SE,U Connecticut,,,,USA,USA
AJB,1993,80,1,665,Darleen,,Demason,Darleen Demason,AE,SE,U California Riverside,,,,USA,USA
AJB,1993,80,1,3052,Robert,,Essman,Robert Essman,AE,SE,Ohio State,,,,USA,USA
AJB,1993,80,1,2660,Nels,R,Lersten,Nels R Lersten,EIC,EIC,Iowa State,,,,USA,USA
AJB,1993,80,1,3257,Robert,,Wyatt,Robert Wyatt,AE,SE,U Georgia,,,,USA,USA
AJB,1994,81,1,665,Darleen,,Demason,Darleen Demason,AE,SE,U California Riverside,,,,USA,USA
AJB,1994,81,1,2660,Nels,R,Lersten,Nels R Lersten,EIC,EIC,Iowa State,,,,USA,USA
AJB,1994,81,1,1273,Grady,,Webster,Grady Webster,AE,SE,U California Davis,,,,USA,USA
AJB,1995,82,1,605,David,,Ackerly,David Ackerly,Associate Editors,SE,Harvard,,,,USA,USA
AJB,1995,82,1,1146,Gregory,,Anderson,Gregory Anderson,AE,SE,U Connecticut,,,,USA,USA
AJB,1995,82,1,648,Deborah,,Charlesworth,Deborah Charlesworth,AE,SE,U Chicago,,,,USA,USA
AJB,1995,82,1,3016,Robin,Lee,Chazdon,Robin Lee Chazdon,AE,SE,,,,,USA,USA
AJB,1995,82,1,2330,Michael,,Christianson,Michael Christianson,AE,SE,U Kansas,,,,USA,USA
AJB,1995,82,1,3526,Todd,,Cooke,Todd Cooke,AE,SE,U Maryland,,,,USA,USA
AJB,1995,82,1,665,Darleen,,Demason,Darleen Demason,Invited Papers Editor,SPECIAL,U California Riverside,,,,USA,USA
AJB,1995,82,1,2639,Nancy,,Dengler,Nancy Dengler,AE,SE,U Toronto,,,,Canada,CAN
AJB,1995,82,1,3733,William,,Dimichele,William Dimichele,AE,SE,Smithsonian,,,,USA,USA
AJB,1995,82,1,2349,Michael,,Donoghue,Michael Donoghue,AE,SE,Harvard,,,,USA,USA
AJB,1995,82,1,3741,William,,Friedman,William Friedman,AE,SE,U Georgia,,,,USA,USA
AJB,1995,82,1,278,Barbara,,Gartner,Barbara Gartner,AE,SE,Oregon State,,,,USA,USA
AJB,1995,82,1,2159,Linda,,Graham,Linda Graham,AE,SE,U Wisconsin,,,,USA,USA
AJB,1995,82,1,478,Chris,,Haufler,Chris Haufler,AE,SE,U Kansas,,,,Usa,USA
AJB,1995,82,1,2412,Michele,,Holbrook,Michele Holbrook,AE,SE,Stanford,,,,USA,USA
AJB,1995,82,1,1749,James,,Mauseth,James Mauseth,AE,SE,,,,,USA,USA
AJB,1995,82,1,526,Carl,,McDaniel,Carl McDaniel,AE,SE,Rensselaer Poly ,,,,USA,USA
AJB,1995,82,1,2060,Karl,,Niklas,Karl Niklas,EIC,EIC,Cornell ,,,,USA,USA
AJB,1995,82,1,811,Dominick,,Pacillio,Dominick Pacillio,AE,SE,Cornell ,,,,USA,USA
AJB,1995,82,1,1254,Gar,,Rothwell,Gar Rothwell,AE,SE,Ohio ,,,,USA,USA
AJB,1995,82,1,1125,Fred,,Sack,Fred Sack,AE,SE,Ohio State,,,,USA,USA
AJB,1995,82,1,3799,Wendy,,Silk,Wendy Silk,AE,SE,U California Davis,,,,USA,USA
AJB,1995,82,1,3807,William,,Stein,William Stein,AE,SE,SUNY,,,,USA,USA
AJB,1995,82,1,3487,Sean,,Thomas,Sean Thomas,AE,SE,Harvard,,,,USA,USA
AJB,1995,82,1,367,Bruce,,Tiffney,Bruce Tiffney,AE,SE,U California Santa Barbara,,,,USA,USA
AJB,1995,82,1,1927,Judith,,Verbeke,Judith Verbeke,AE,SE,U Arizona,,,,USA,USA
AJB,1996,83,1,605,David,,Ackerly,David Ackerly,Associate Editors,SE,Harvard,,,,USA,USA
AJB,1996,83,1,1146,Gregory,,Anderson,Gregory Anderson,AE,SE,U Connecticut,,,,USA,USA
AJB,1996,83,1,3015,Russell,,Chapman,Russell Chapman,AE,SE,Louisiana State,,,,USA,USA
AJB,1996,83,1,648,Deborah,,Charlesworth,Deborah Charlesworth,AE,SE,U Chicago,,,,USA,USA
AJB,1996,83,1,3016,Robin,Lee,Chazdon,Robin Lee Chazdon,AE,SE,,,,,USA,USA
AJB,1996,83,1,2330,Michael,,Christianson,Michael Christianson,AE,SE,U Kansas,,,,USA,USA
AJB,1996,83,1,3526,Todd,,Cooke,Todd Cooke,AE,SE,U Maryland,,,,USA,USA
AJB,1996,83,1,665,Darleen,,Demason,Darleen Demason,AE,SE,U California Riverside,,,,USA,USA
AJB,1996,83,1,2639,Nancy,,Dengler,Nancy Dengler,AE,SE,U Toronto,,,,Canada,CAN
AJB,1996,83,1,3733,William,,Dimichele,William Dimichele,AE,SE,Smithsonian,,,,USA,USA
AJB,1996,83,1,2349,Michael,,Donoghue,Michael Donoghue,AE,SE,Harvard,,,,USA,USA
AJB,1996,83,1,63,Aaron,,Ellison,Aaron Ellison,AE,SE,Mt Holyoke College,,,,USA,USA
AJB,1996,83,1,3741,William,,Friedman,William Friedman,AE,SE,U Colorado,,,,USA,USA
AJB,1996,83,1,278,Barbara,,Gartner,Barbara Gartner,AE,SE,Oregon State,,,,USA,USA
AJB,1996,83,1,2159,Linda,,Graham,Linda Graham,AE,SE,U Wisconsin,,,,USA,USA
AJB,1996,83,1,478,Chris,,Haufler,Chris Haufler,AE,SE,U Kansas,,,,Usa,USA
AJB,1996,83,1,2412,Michele,,Holbrook,Michele Holbrook,AE,SE,Harvard,,,,USA,USA
AJB,1996,83,1,1749,James,,Mauseth,James Mauseth,AE,SE,,,,,USA,USA
AJB,1996,83,1,526,Carl,,McDaniel,Carl McDaniel,AE,SE,Rensselaer Poly ,,,,USA,USA
AJB,1996,83,1,2060,Karl,,Niklas,Karl Niklas,EIC,EIC,Cornell ,,,,USA,USA
AJB,1996,83,1,811,Dominick,,Pacillio,Dominick Pacillio,AE,SE,Cornell ,,,,USA,USA
AJB,1996,83,1,1254,Gar,,Rothwell,Gar Rothwell,AE,SE,Ohio ,,,,USA,USA
AJB,1996,83,1,1125,Fred,,Sack,Fred Sack,AE,SE,Ohio State,,,,USA,USA
AJB,1996,83,1,3799,Wendy,,Silk,Wendy Silk,AE,SE,U California Davis,,,,USA,USA
AJB,1996,83,1,3807,William,,Stein,William Stein,AE,SE,SUNY,,,,USA,USA
AJB,1996,83,1,3487,Sean,,Thomas,Sean Thomas,AE,SE,Princeton,,,,USA,USA
AJB,1996,83,1,367,Bruce,,Tiffney,Bruce Tiffney,AE,SE,U California Santa Barbara,,,,USA,USA
AJB,1996,83,1,1927,Judith,,Verbeke,Judith Verbeke,AE,SE,U Arizona,,,,USA,USA
AJB,1997,84,1,605,David,,Ackerly,David Ackerly,Associate Editors,SE,Stanford,,,,USA,USA
AJB,1997,84,1,1146,Gregory,,Anderson,Gregory Anderson,AE,SE,U Connecticut,,,,USA,USA
AJB,1997,84,1,3276,Spencer,,Barrett,Spencer Barrett,AE,SE,U Toronto,,,,Canada,CAN
AJB,1997,84,1,3015,Russell,,Chapman,Russell Chapman,AE,SE,Louisiana State,,,,USA,USA
AJB,1997,84,1,3016,Robin,Lee,Chazdon,Robin Lee Chazdon,AE,SE,,,,,USA,USA
AJB,1997,84,1,2330,Michael,,Christianson,Michael Christianson,AE,SE,U Kansas,,,,USA,USA
AJB,1997,84,1,3526,Todd,,Cooke,Todd Cooke,AE,SE,U Maryland,,,,USA,USA
AJB,1997,84,1,665,Darleen,,Demason,Darleen Demason,AE,SE,U California Riverside,,,,USA,USA
AJB,1997,84,1,2639,Nancy,,Dengler,Nancy Dengler,AE,SE,U Toronto,,,,Canada,CAN
AJB,1997,84,1,433,Claude,,DePamphilis,Claude DePamphilis,AE,SE,Vanderbilt,,,,USA,USA
AJB,1997,84,1,3733,William,,Dimichele,William Dimichele,AE,SE,Smithsonian,,,,USA,USA
AJB,1997,84,1,63,Aaron,,Ellison,Aaron Ellison,AE,SE,Mt Holyoke College,,,,USA,USA
AJB,1997,84,1,3741,William,,Friedman,William Friedman,AE,SE,U Colorado,,,,USA,USA
AJB,1997,84,1,278,Barbara,,Gartner,Barbara Gartner,AE,SE,Oregon State,,,,USA,USA
AJB,1997,84,1,2159,Linda,,Graham,Linda Graham,AE,SE,U Wisconsin,,,,USA,USA
AJB,1997,84,1,478,Chris,,Haufler,Chris Haufler,AE,SE,U Kansas,,,,Usa,USA
AJB,1997,84,1,2412,Michele,,Holbrook,Michele Holbrook,AE,SE,Harvard,,,,USA,USA
AJB,1997,84,1,1749,James,,Mauseth,James Mauseth,AE,SE,,,,,USA,USA
AJB,1997,84,1,2060,Karl,,Niklas,Karl Niklas,EIC,EIC,Cornell ,,,,USA,USA
AJB,1997,84,1,811,Dominick,,Pacillio,Dominick Pacillio,AE,SE,Cornell ,,,,USA,USA
AJB,1997,84,1,2229,Loren,,Rieseberg,Loren Rieseberg,AE,SE,Indiana U,,,,USA,USA
AJB,1997,84,1,1254,Gar,,Rothwell,Gar Rothwell,AE,SE,Ohio ,,,,USA,USA
AJB,1997,84,1,1125,Fred,,Sack,Fred Sack,AE,SE,Ohio State,,,,USA,USA
AJB,1997,84,1,3799,Wendy,,Silk,Wendy Silk,AE,SE,U California Davis,,,,USA,USA
AJB,1997,84,1,3807,William,,Stein,William Stein,AE,SE,SUNY,,,,USA,USA
AJB,1997,84,1,3487,Sean,,Thomas,Sean Thomas,AE,SE,U Washington,,,,USA,USA
AJB,1997,84,1,367,Bruce,,Tiffney,Bruce Tiffney,AE,SE,U California Santa Barbara,,,,USA,USA
AJB,1997,84,1,1927,Judith,,Verbeke,Judith Verbeke,AE,SE,U Arizona,,,,USA,USA
AJB,1998,85,1,605,David,,Ackerly,David Ackerly,Associate Editors,SE,Stanford,,,,USA,USA
AJB,1998,85,1,1146,Gregory,,Anderson,Gregory Anderson,AE,SE,U Connecticut,,,,USA,USA
AJB,1998,85,1,3015,Russell,,Chapman,Russell Chapman,AE,SE,Louisiana State,,,,USA,USA
AJB,1998,85,1,3016,Robin,Lee,Chazdon,Robin Lee Chazdon,AE,SE,,,,,USA,USA
AJB,1998,85,1,2330,Michael,,Christianson,Michael Christianson,AE,SE,U Kansas,,,,USA,USA
AJB,1998,85,1,3526,Todd,,Cooke,Todd Cooke,AE,SE,U Maryland,,,,USA,USA
AJB,1998,85,1,665,Darleen,,Demason,Darleen Demason,AE,SE,U California Riverside,,,,USA,USA
AJB,1998,85,1,2639,Nancy,,Dengler,Nancy Dengler,AE,SE,U Toronto,,,,Canada,CAN
AJB,1998,85,1,433,Claude,,DePamphilis,Claude DePamphilis,AE,SE,Vanderbilt,,,,USA,USA
AJB,1998,85,1,3733,William,,Dimichele,William Dimichele,AE,SE,Smithsonian,,,,USA,USA
AJB,1998,85,1,63,Aaron,,Ellison,Aaron Ellison,AE,SE,Mt Holyoke College,,,,USA,USA
AJB,1998,85,1,3741,William,,Friedman,William Friedman,AE,SE,U Colorado,,,,USA,USA
AJB,1998,85,1,278,Barbara,,Gartner,Barbara Gartner,AE,SE,Oregon State,,,,USA,USA
AJB,1998,85,1,2159,Linda,,Graham,Linda Graham,AE,SE,U Wisconsin,,,,USA,USA
AJB,1998,85,1,478,Chris,,Haufler,Chris Haufler,AE,SE,U Kansas,,,,Usa,USA
AJB,1998,85,1,2412,Michele,,Holbrook,Michele Holbrook,AE,SE,Harvard,,,,USA,USA
AJB,1998,85,1,1749,James,,Mauseth,James Mauseth,AE,SE,,,,,USA,USA
AJB,1998,85,1,2060,Karl,,Niklas,Karl Niklas,EIC,EIC,Cornell ,,,,USA,USA
AJB,1998,85,1,811,Dominick,,Pacillio,Dominick Pacillio,AE,SE,Cornell ,,,,USA,USA
AJB,1998,85,1,1797,Jeff,,Palmer,Jeff Palmer,AE,SE,Indiana U,,,,USA,USA
AJB,1998,85,1,2229,Loren,,Rieseberg,Loren Rieseberg,AE,SE,Indiana U,,,,USA,USA
AJB,1998,85,1,1254,Gar,,Rothwell,Gar Rothwell,AE,SE,Ohio ,,,,USA,USA
AJB,1998,85,1,1125,Fred,,Sack,Fred Sack,AE,SE,Ohio State,,,,USA,USA
AJB,1998,85,1,3799,Wendy,,Silk,Wendy Silk,AE,SE,U California Davis,,,,USA,USA
AJB,1998,85,1,3807,William,,Stein,William Stein,AE,SE,SUNY,,,,USA,USA
AJB,1998,85,1,3487,Sean,,Thomas,Sean Thomas,AE,SE,U Washington,,,,USA,USA
AJB,1998,85,1,367,Bruce,,Tiffney,Bruce Tiffney,AE,SE,U California Santa Barbara,,,,USA,USA
AJB,1998,85,1,1927,Judith,,Verbeke,Judith Verbeke,AE,SE,U Arizona,,,,USA,USA
AJB,1999,86,1,605,David,,Ackerly,David Ackerly,Associate Editors,SE,Stanford,,,,USA,USA
AJB,1999,86,1,1146,Gregory,,Anderson,Gregory Anderson,AE,SE,U Connecticut,,,,USA,USA
AJB,1999,86,1,3015,Russell,,Chapman,Russell Chapman,AE,SE,Louisiana State,,,,USA,USA
AJB,1999,86,1,3016,Robin,Lee,Chazdon,Robin Lee Chazdon,AE,SE,,,,,USA,USA
AJB,1999,86,1,2330,Michael,,Christianson,Michael Christianson,AE,SE,U Kansas,,,,USA,USA
AJB,1999,86,1,3526,Todd,,Cooke,Todd Cooke,AE,SE,U Maryland,,,,USA,USA
AJB,1999,86,1,665,Darleen,,Demason,Darleen Demason,AE,SE,U California Riverside,,,,USA,USA
AJB,1999,86,1,2639,Nancy,,Dengler,Nancy Dengler,AE,SE,U Toronto,,,,Canada,CAN
AJB,1999,86,1,433,Claude,,DePamphilis,Claude DePamphilis,AE,SE,Vanderbilt,,,,USA,USA
AJB,1999,86,1,3733,William,,Dimichele,William Dimichele,AE,SE,Smithsonian,,,,USA,USA
AJB,1999,86,1,63,Aaron,,Ellison,Aaron Ellison,AE,SE,Mt Holyoke College,,,,USA,USA
AJB,1999,86,1,3741,William,,Friedman,William Friedman,AE,SE,U Colorado,,,,USA,USA
AJB,1999,86,1,278,Barbara,,Gartner,Barbara Gartner,AE,SE,Oregon State,,,,USA,USA
AJB,1999,86,1,2159,Linda,,Graham,Linda Graham,AE,SE,U Wisconsin,,,,USA,USA
AJB,1999,86,1,478,Chris,,Haufler,Chris Haufler,AE,SE,U Kansas,,,,Usa,USA
AJB,1999,86,1,2412,Michele,,Holbrook,Michele Holbrook,AE,SE,Harvard,,,,USA,USA
AJB,1999,86,1,1749,James,,Mauseth,James Mauseth,AE,SE,,,,,USA,USA
AJB,1999,86,1,2060,Karl,,Niklas,Karl Niklas,EIC,EIC,Cornell ,,,,USA,USA
AJB,1999,86,1,811,Dominick,,Pacillio,Dominick Pacillio,AE,SE,Cornell ,,,,USA,USA
AJB,1999,86,1,1797,Jeff,,Palmer,Jeff Palmer,AE,SE,Indiana U,,,,USA,USA
AJB,1999,86,1,2229,Loren,,Rieseberg,Loren Rieseberg,AE,SE,Indiana U,,,,USA,USA
AJB,1999,86,1,1254,Gar,,Rothwell,Gar Rothwell,AE,SE,Ohio ,,,,USA,USA
AJB,1999,86,1,1125,Fred,,Sack,Fred Sack,AE,SE,Ohio State,,,,USA,USA
AJB,1999,86,1,3799,Wendy,,Silk,Wendy Silk,AE,SE,U California Davis,,,,USA,USA
AJB,1999,86,1,3807,William,,Stein,William Stein,AE,SE,SUNY,,,,USA,USA
AJB,1999,86,1,3487,Sean,,Thomas,Sean Thomas,AE,SE,U Washington,,,,USA,USA
AJB,1999,86,1,367,Bruce,,Tiffney,Bruce Tiffney,AE,SE,U California Santa Barbara,,,,USA,USA
AJB,1999,86,1,1927,Judith,,Verbeke,Judith Verbeke,AE,SE,U Arizona,,,,USA,USA
AJB,2000,87,1,605,David,,Ackerly,David Ackerly,Associate Editors,SE,Stanford,,,,USA,USA
AJB,2000,87,1,1146,Gregory,,Anderson,Gregory Anderson,AE,SE,U Connecticut,,,,USA,USA
AJB,2000,87,1,3276,Spencer,,Barrett,Spencer Barrett,AE & Book Review Editor,SE,U Toronto,,,,Canada,CAN
AJB,2000,87,1,3015,Russell,,Chapman,Russell Chapman,AE,SE,Louisiana State,,,,USA,USA
AJB,2000,87,1,3016,Robin,Lee,Chazdon,Robin Lee Chazdon,AE,SE,,,,,USA,USA
AJB,2000,87,1,2330,Michael,,Christianson,Michael Christianson,AE,SE,U Kansas,,,,USA,USA
AJB,2000,87,1,3526,Todd,,Cooke,Todd Cooke,AE,SE,U Maryland,,,,USA,USA
AJB,2000,87,1,665,Darleen,,Demason,Darleen Demason,AE,SE,U California Riverside,,,,USA,USA
AJB,2000,87,1,2639,Nancy,,Dengler,Nancy Dengler,AE,SE,U Toronto,,,,Canada,CAN
AJB,2000,87,1,433,Claude,,DePamphilis,Claude DePamphilis,AE,SE,Vanderbilt,,,,USA,USA
AJB,2000,87,1,3733,William,,Dimichele,William Dimichele,AE,SE,Smithsonian,,,,USA,USA
AJB,2000,87,1,63,Aaron,,Ellison,Aaron Ellison,AE,SE,Mt Holyoke College,,,,USA,USA
AJB,2000,87,1,278,Barbara,,Gartner,Barbara Gartner,AE,SE,Oregon State,,,,USA,USA
AJB,2000,87,1,702,David,,Giannasi,David Giannasi,AE,SE,U Georgia,,,,USA,USA
AJB,2000,87,1,2159,Linda,,Graham,Linda Graham,AE,SE,U Wisconsin,,,,USA,USA
AJB,2000,87,1,478,Chris,,Haufler,Chris Haufler,AE,SE,U Kansas,,,,Usa,USA
AJB,2000,87,1,2412,Michele,,Holbrook,Michele Holbrook,AE,SE,Harvard,,,,USA,USA
AJB,2000,87,1,1749,James,,Mauseth,James Mauseth,AE,SE,,,,,USA,USA
AJB,2000,87,1,2060,Karl,,Niklas,Karl Niklas,EIC,EIC,Cornell ,,,,USA,USA
AJB,2000,87,1,811,Dominick,,Pacillio,Dominick Pacillio,AE,SE,Cornell ,,,,USA,USA
AJB,2000,87,1,1797,Jeff,,Palmer,Jeff Palmer,AE,SE,Indiana U,,,,USA,USA
AJB,2000,87,1,2229,Loren,,Rieseberg,Loren Rieseberg,AE,SE,Indiana U,,,,USA,USA
AJB,2000,87,1,1254,Gar,,Rothwell,Gar Rothwell,AE,SE,Ohio ,,,,USA,USA
AJB,2000,87,1,3457,Scott,,Russell,Scott Russell,AE & Electronic Publication editor,SE,U Oklahoma,,,,USA,USA
AJB,2000,87,1,1125,Fred,,Sack,Fred Sack,AE,SE,Ohio State,,,,USA,USA
AJB,2000,87,1,350,Barbara,,Schaal,Barbara Schaal,AE,SE,Washington U,,,,USA,USA
AJB,2000,87,1,3799,Wendy,,Silk,Wendy Silk,AE,SE,U California Davis,,,,USA,USA
AJB,2000,87,1,2921,Pam,,Soltis,Pam Soltis,AE,SE,Washington State,,,,USA,USA
AJB,2000,87,1,1364,Hans-Christof,,Spatz,Hans-Christof Spatz,AE,SE,SUNY,,,,USA,USA
AJB,2000,87,1,3807,William,,Stein,William Stein,AE,SE,SUNY,,,,USA,USA
AJB,2000,87,1,3487,Sean,,Thomas,Sean Thomas,AE,SE,U Washington,,,,USA,USA
AJB,2000,87,1,367,Bruce,,Tiffney,Bruce Tiffney,AE,SE,U California Santa Barbara,,,,USA,USA
AJB,2001,88,1,605,David,,Ackerly,David Ackerly,Associate Editors,SE,Stanford,,,,USA,USA
AJB,2001,88,1,1146,Gregory,,Anderson,Gregory Anderson,AE,SE,U Connecticut,,,,USA,USA
AJB,2001,88,1,3276,Spencer,,Barrett,Spencer Barrett,AE & Book Review Editor,SE,U Toronto,,,,Canada,CAN
AJB,2001,88,1,3015,Russell,,Chapman,Russell Chapman,AE,SE,Louisiana State,,,,USA,USA
AJB,2001,88,1,3016,Robin,Lee,Chazdon,Robin Lee Chazdon,AE,SE,,,,,USA,USA
AJB,2001,88,1,2330,Michael,,Christianson,Michael Christianson,AE,SE,U California Berkeley,,,,USA,USA
AJB,2001,88,1,665,Darleen,,Demason,Darleen Demason,AE,SE,U California Riverside,,,,USA,USA
AJB,2001,88,1,2639,Nancy,,Dengler,Nancy Dengler,AE,SE,U Toronto,,,,Canada,CAN
AJB,2001,88,1,3733,William,,Dimichele,William Dimichele,AE,SE,Smithsonian,,,,USA,USA
AJB,2001,88,1,63,Aaron,,Ellison,Aaron Ellison,AE,SE,Mt Holyoke College,,,,USA,USA
AJB,2001,88,1,278,Barbara,,Gartner,Barbara Gartner,AE,SE,Oregon State,,,,USA,USA
AJB,2001,88,1,702,David,,Giannasi,David Giannasi,AE,SE,U Georgia,,,,USA,USA
AJB,2001,88,1,2159,Linda,,Graham,Linda Graham,AE,SE,U Wisconsin,,,,USA,USA
AJB,2001,88,1,478,Chris,,Haufler,Chris Haufler,AE,SE,U Kansas,,,,Usa,USA
AJB,2001,88,1,2412,Michele,,Holbrook,Michele Holbrook,AE,SE,Harvard,,,,USA,USA
AJB,2001,88,1,1749,James,,Mauseth,James Mauseth,AE,SE,,,,,USA,USA
AJB,2001,88,1,2060,Karl,,Niklas,Karl Niklas,EIC,EIC,Cornell ,,,,USA,USA
AJB,2001,88,1,811,Dominick,,Pacillio,Dominick Pacillio,AE,SE,Cornell ,,,,USA,USA
AJB,2001,88,1,1797,Jeff,,Palmer,Jeff Palmer,AE,SE,Indiana U,,,,USA,USA
AJB,2001,88,1,1833,Jennifer,,Richards,Jennifer Richards,AE,SE,Florida International U,,,,USA,USA
AJB,2001,88,1,2229,Loren,,Rieseberg,Loren Rieseberg,AE,SE,Indiana U,,,,USA,USA
AJB,2001,88,1,1254,Gar,,Rothwell,Gar Rothwell,AE,SE,Ohio ,,,,USA,USA
AJB,2001,88,1,3457,Scott,,Russell,Scott Russell,AE & Electronic Publication editor,SE,U Oklahoma,,,,USA,USA
AJB,2001,88,1,1125,Fred,,Sack,Fred Sack,AE,SE,Ohio State,,,,USA,USA
AJB,2001,88,1,350,Barbara,,Schaal,Barbara Schaal,AE,SE,Washington U,,,,USA,USA
AJB,2001,88,1,3799,Wendy,,Silk,Wendy Silk,AE,SE,U California Davis,,,,USA,USA
AJB,2001,88,1,1364,Hans-Christof,,Spatz,Hans-Christof Spatz,AE,SE,U Freiburg,,,,Germany,DEU
AJB,2001,88,1,3807,William,,Stein,William Stein,AE,SE,SUNY,,,,USA,USA
AJB,2001,88,1,3487,Sean,,Thomas,Sean Thomas,AE,SE,U Washington,,,,USA,USA
AJB,2001,88,1,367,Bruce,,Tiffney,Bruce Tiffney,AE,SE,U California Santa Barbara,,,,USA,USA
AJB,2001,88,1,2600,Maxine,,Watson,Maxine Watson,AE,SE,Indiana U,,,,USA,USA
AJB,2002,89,1,605,David,,Ackerly,David Ackerly,Associate Editors,SE,Stanford,,,,USA,USA
AJB,2002,89,1,1146,Gregory,,Anderson,Gregory Anderson,AE,SE,U Connecticut,,,,USA,USA
AJB,2002,89,1,3276,Spencer,,Barrett,Spencer Barrett,AE & Book Review Editor,SE,U Toronto,,,,Canada,CAN
AJB,2002,89,1,3015,Russell,,Chapman,Russell Chapman,AE,SE,Louisiana State,,,,USA,USA
AJB,2002,89,1,3016,Robin,Lee,Chazdon,Robin Lee Chazdon,AE,SE,,,,,USA,USA
AJB,2002,89,1,2330,Michael,,Christianson,Michael Christianson,AE,SE,U California Berkeley,,,,USA,USA
AJB,2002,89,1,665,Darleen,,Demason,Darleen Demason,AE,SE,U California Riverside,,,,USA,USA
AJB,2002,89,1,63,Aaron,,Ellison,Aaron Ellison,AE,SE,Mt Holyoke College,,,,USA,USA
AJB,2002,89,1,963,Elizabeth,,Farnsworth,Elizabeth Farnsworth,AE,SE,New England Wild Flower Society,,,,USA,USA
AJB,2002,89,1,702,David,,Giannasi,David Giannasi,AE,SE,U Georgia,,,,USA,USA
AJB,2002,89,1,2159,Linda,,Graham,Linda Graham,AE,SE,U Wisconsin,,,,USA,USA
AJB,2002,89,1,2165,Lawrence,,Harder,Lawrence Harder,AE,SE,U Calgary,,,,Canada,CAN
AJB,2002,89,1,478,Chris,,Haufler,Chris Haufler,AE,SE,U Kansas,,,,Usa,USA
AJB,2002,89,1,3361,Scott,,Hodges,Scott Hodges,AE,SE,U California Santa Barbara,,,,USA,USA
AJB,2002,89,1,2412,Michele,,Holbrook,Michele Holbrook,AE,SE,Harvard,,,,USA,USA
AJB,2002,89,1,1675,Josh,,Kohn,Josh Kohn,AE,SE,U California San Diego,,,,USA,USA
AJB,2002,89,1,3137,Randal,,Linder,Randal Linder,AE,SE,U Texas,,,,USA,USA
AJB,2002,89,1,1749,James,,Mauseth,James Mauseth,AE,SE,,,,,USA,USA
AJB,2002,89,1,2060,Karl,,Niklas,Karl Niklas,EIC,EIC,Cornell ,,,,USA,USA
AJB,2002,89,1,811,Dominick,,Pacillio,Dominick Pacillio,AE,SE,Cornell ,,,,USA,USA
AJB,2002,89,1,1797,Jeff,,Palmer,Jeff Palmer,AE,SE,Indiana U,,,,USA,USA
AJB,2002,89,1,1833,Jennifer,,Richards,Jennifer Richards,AE,SE,Florida International U,,,,USA,USA
AJB,2002,89,1,2229,Loren,,Rieseberg,Loren Rieseberg,AE,SE,Indiana U,,,,USA,USA
AJB,2002,89,1,1254,Gar,,Rothwell,Gar Rothwell,AE,SE,Ohio ,,,,USA,USA
AJB,2002,89,1,3457,Scott,,Russell,Scott Russell,AE & Electronic Publication editor,SE,U Oklahoma,,,,USA,USA
AJB,2002,89,1,1125,Fred,,Sack,Fred Sack,AE,SE,Ohio State,,,,USA,USA
AJB,2002,89,1,3920,Michael,,Sanderson,Michael Sanderson,AE,SE,U California Davis,,,,USA,USA
AJB,2002,89,1,350,Barbara,,Schaal,Barbara Schaal,AE,SE,Washington U,,,,USA,USA
AJB,2002,89,1,3799,Wendy,,Silk,Wendy Silk,AE,SE,U California Davis,,,,USA,USA
AJB,2002,89,1,1364,Hans-Christof,,Spatz,Hans-Christof Spatz,AE,SE,U Freiburg,,,,Germany,DEU
AJB,2002,89,1,3807,William,,Stein,William Stein,AE,SE,SUNY,,,,USA,USA
AJB,2002,89,1,3487,Sean,,Thomas,Sean Thomas,AE,SE,U Toronto,,,,Canada,CAN
AJB,2002,89,1,367,Bruce,,Tiffney,Bruce Tiffney,AE,SE,U California Santa Barbara,,,,USA,USA
AJB,2002,89,1,2600,Maxine,,Watson,Maxine Watson,AE,SE,Indiana U,,,,USA,USA
AJB,2003,90,1,605,David,,Ackerly,David Ackerly,Associate Editors,SE,Stanford,,,,USA,USA
AJB,2003,90,1,1146,Gregory,,Anderson,Gregory Anderson,AE,SE,U Connecticut,,,,USA,USA
AJB,2003,90,1,3276,Spencer,,Barrett,Spencer Barrett,AE & Book Review Editor,SE,U Toronto,,,,Canada,CAN
AJB,2003,90,1,3015,Russell,,Chapman,Russell Chapman,AE,SE,Louisiana State,,,,USA,USA
AJB,2003,90,1,3016,Robin,Lee,Chazdon,Robin Lee Chazdon,AE,SE,,,,,USA,USA
AJB,2003,90,1,2330,Michael,,Christianson,Michael Christianson,AE,SE,U California Berkeley,,,,USA,USA
AJB,2003,90,1,665,Darleen,,Demason,Darleen Demason,AE,SE,U California Riverside,,,,USA,USA
AJB,2003,90,1,63,Aaron,,Ellison,Aaron Ellison,AE,SE,Harvard Forest,,,,USA,USA
AJB,2003,90,1,963,Elizabeth,,Farnsworth,Elizabeth Farnsworth,AE,SE,New England Wild Flower Society,,,,USA,USA
AJB,2003,90,1,702,David,,Giannasi,David Giannasi,AE,SE,U Georgia,,,,USA,USA
AJB,2003,90,1,2159,Linda,,Graham,Linda Graham,AE,SE,U Wisconsin,,,,USA,USA
AJB,2003,90,1,2165,Lawrence,,Harder,Lawrence Harder,AE,SE,U Calgary,,,,Canada,CAN
AJB,2003,90,1,478,Chris,,Haufler,Chris Haufler,AE,SE,U Kansas,,,,Usa,USA
AJB,2003,90,1,3361,Scott,,Hodges,Scott Hodges,AE,SE,U California Santa Barbara,,,,USA,USA
AJB,2003,90,1,2412,Michele,,Holbrook,Michele Holbrook,AE,SE,Harvard,,,,USA,USA
AJB,2003,90,1,1675,Josh,,Kohn,Josh Kohn,AE,SE,U California San Diego,,,,USA,USA
AJB,2003,90,1,3137,Randal,,Linder,Randal Linder,AE,SE,U Texas,,,,USA,USA
AJB,2003,90,1,2060,Karl,,Niklas,Karl Niklas,EIC,EIC,Cornell ,,,,USA,USA
AJB,2003,90,1,811,Dominick,,Pacillio,Dominick Pacillio,AE,SE,Cornell ,,,,USA,USA
AJB,2003,90,1,1797,Jeff,,Palmer,Jeff Palmer,AE,SE,Indiana U,,,,USA,USA
AJB,2003,90,1,1833,Jennifer,,Richards,Jennifer Richards,AE,SE,Florida International U,,,,USA,USA
AJB,2003,90,1,2229,Loren,,Rieseberg,Loren Rieseberg,AE,SE,Indiana U,,,,USA,USA
AJB,2003,90,1,1254,Gar,,Rothwell,Gar Rothwell,AE,SE,Ohio ,,,,USA,USA
AJB,2003,90,1,3457,Scott,,Russell,Scott Russell,AE & Electronic Publication editor,SE,U Oklahoma,,,,USA,USA
AJB,2003,90,1,1125,Fred,,Sack,Fred Sack,AE,SE,Ohio State,,,,USA,USA
AJB,2003,90,1,350,Barbara,,Schaal,Barbara Schaal,AE,SE,Washington U,,,,USA,USA
AJB,2003,90,1,3799,Wendy,,Silk,Wendy Silk,AE,SE,U California Davis,,,,USA,USA
AJB,2003,90,1,1364,Hans-Christof,,Spatz,Hans-Christof Spatz,AE,SE,U Freiburg,,,,Germany,DEU
AJB,2003,90,1,3807,William,,Stein,William Stein,AE,SE,SUNY,,,,USA,USA
AJB,2003,90,1,3487,Sean,,Thomas,Sean Thomas,AE,SE,U Toronto,,,,Canada,CAN
AJB,2003,90,1,367,Bruce,,Tiffney,Bruce Tiffney,AE,SE,U California Santa Barbara,,,,USA,USA
AJB,2003,90,1,2600,Maxine,,Watson,Maxine Watson,AE,SE,Indiana U,,,,USA,USA
AJB,2004,91,1,605,David,,Ackerly,David Ackerly,Associate Editors,SE,Stanford,,,,USA,USA
AJB,2004,91,1,1146,Gregory,,Anderson,Gregory Anderson,AE,SE,U Connecticut,,,,USA,USA
AJB,2004,91,1,3276,Spencer,,Barrett,Spencer Barrett,AE & Book Review Editor,SE,U Toronto,,,,Canada,CAN
AJB,2004,91,1,3015,Russell,,Chapman,Russell Chapman,AE,SE,Louisiana State,,,,USA,USA
AJB,2004,91,1,2330,Michael,,Christianson,Michael Christianson,AE,SE,U California Berkeley,,,,USA,USA
AJB,2004,91,1,665,Darleen,,Demason,Darleen Demason,AE,SE,U California Riverside,,,,USA,USA
AJB,2004,91,1,63,Aaron,,Ellison,Aaron Ellison,AE,SE,Harvard Forest,,,,USA,USA
AJB,2004,91,1,963,Elizabeth,,Farnsworth,Elizabeth Farnsworth,AE,SE,New England Wild Flower Society,,,,USA,USA
AJB,2004,91,1,702,David,,Giannasi,David Giannasi,AE,SE,U Georgia,,,,USA,USA
AJB,2004,91,1,2159,Linda,,Graham,Linda Graham,AE,SE,U Wisconsin,,,,USA,USA
AJB,2004,91,1,2165,Lawrence,,Harder,Lawrence Harder,AE,SE,U Calgary,,,,Canada,CAN
AJB,2004,91,1,478,Chris,,Haufler,Chris Haufler,AE,SE,U Kansas,,,,Usa,USA
AJB,2004,91,1,3361,Scott,,Hodges,Scott Hodges,AE,SE,U California Santa Barbara,,,,USA,USA
AJB,2004,91,1,2412,Michele,,Holbrook,Michele Holbrook,AE,SE,Harvard,,,,USA,USA
AJB,2004,91,1,1675,Josh,,Kohn,Josh Kohn,AE,SE,U California San Diego,,,,USA,USA
AJB,2004,91,1,3137,Randal,,Linder,Randal Linder,AE,SE,U Texas,,,,USA,USA
AJB,2004,91,1,2060,Karl,,Niklas,Karl Niklas,EIC,EIC,Cornell ,,,,USA,USA
AJB,2004,91,1,811,Dominick,,Pacillio,Dominick Pacillio,AE,SE,Cornell ,,,,USA,USA
AJB,2004,91,1,1797,Jeff,,Palmer,Jeff Palmer,AE,SE,Indiana U,,,,USA,USA
AJB,2004,91,1,2229,Loren,,Rieseberg,Loren Rieseberg,AE,SE,Indiana U,,,,USA,USA
AJB,2004,91,1,1254,Gar,,Rothwell,Gar Rothwell,AE,SE,Ohio ,,,,USA,USA
AJB,2004,91,1,3457,Scott,,Russell,Scott Russell,AE & Electronic Publication editor,SE,U Oklahoma,,,,USA,USA
AJB,2004,91,1,1125,Fred,,Sack,Fred Sack,AE,SE,Ohio State,,,,USA,USA
AJB,2004,91,1,350,Barbara,,Schaal,Barbara Schaal,AE,SE,Washington U,,,,USA,USA
AJB,2004,91,1,3799,Wendy,,Silk,Wendy Silk,AE,SE,U California Davis,,,,USA,USA
AJB,2004,91,1,1364,Hans-Christof,,Spatz,Hans-Christof Spatz,AE,SE,U Freiburg,,,,Germany,DEU
AJB,2004,91,1,874,David,,Spooner,David Spooner,AE,SE,U Wisconsin,,,,USA,USA
AJB,2004,91,1,3807,William,,Stein,William Stein,AE,SE,SUNY,,,,USA,USA
AJB,2004,91,1,3487,Sean,,Thomas,Sean Thomas,AE,SE,U Toronto,,,,Canada,CAN
AJB,2004,91,1,367,Bruce,,Tiffney,Bruce Tiffney,AE,SE,U California Santa Barbara,,,,USA,USA
AJB,2004,91,1,2600,Maxine,,Watson,Maxine Watson,AE,SE,Indiana U,,,,USA,USA
AJB,2005,92,1,605,David,,Ackerly,David Ackerly,Associate Editors,SE,Stanford,,,,USA,USA
AJB,2005,92,1,1146,Gregory,,Anderson,Gregory Anderson,AE,SE,U Connecticut,,,,USA,USA
AJB,2005,92,1,3276,Spencer,,Barrett,Spencer Barrett,AE & Book Review Editor,SE,U Toronto,,,,Canada,CAN
AJB,2005,92,1,3720,Winslow,,Briggs,Winslow Briggs,AE,SE,Stanford,,,,USA,USA
AJB,2005,92,1,3015,Russell,,Chapman,Russell Chapman,AE,SE,Louisiana State,,,,USA,USA
AJB,2005,92,1,2330,Michael,,Christianson,Michael Christianson,AE,SE,U California Berkeley,,,,USA,USA
AJB,2005,92,1,665,Darleen,,Demason,Darleen Demason,AE & Special Papers Editor,SE,U California Riverside,,,,USA,USA
AJB,2005,92,1,2639,Nancy,,Dengler,Nancy Dengler,AE,SE,U Toronto,,,,Canada,CAN
AJB,2005,92,1,963,Elizabeth,,Farnsworth,Elizabeth Farnsworth,AE,SE,New England Wild Flower Society,,,,USA,USA
AJB,2005,92,1,2159,Linda,,Graham,Linda Graham,AE,SE,U Wisconsin,,,,USA,USA
AJB,2005,92,1,478,Chris,,Haufler,Chris Haufler,AE,SE,U Kansas,,,,Usa,USA
AJB,2005,92,1,3361,Scott,,Hodges,Scott Hodges,AE,SE,U California Santa Barbara,,,,USA,USA
AJB,2005,92,1,982,Erin,,Irish,Erin Irish,AE,SE,U Iowa,,,,USA,USA
AJB,2005,92,1,1656,Judy,,Jernsteidt,Judy Jernsteidt,EIC,EIC,U California Davis,,,,USA,USA
AJB,2005,92,1,2847,Paul,,Kenrick,Paul Kenrick,AE,SE,,,,,UK,GBR
AJB,2005,92,1,1675,Josh,,Kohn,Josh Kohn,AE,SE,U California San Diego,,,,USA,USA
AJB,2005,92,1,1694,Jane,,Langdale,Jane Langdale,AE,SE,,,,,UK,GBR
AJB,2005,92,1,3137,Randal,,Linder,Randal Linder,AE,SE,U Texas,,,,USA,USA
AJB,2005,92,1,1833,Jennifer,,Richards,Jennifer Richards,AE,SE,Florida International U,,,,USA,USA
AJB,2005,92,1,2229,Loren,,Rieseberg,Loren Rieseberg,AE,SE,Indiana U,,,,USA,USA
AJB,2005,92,1,1254,Gar,,Rothwell,Gar Rothwell,AE,SE,Ohio ,,,,USA,USA
AJB,2005,92,1,3457,Scott,,Russell,Scott Russell,AE & Electronic Publication editor,SE,U Oklahoma,,,,USA,USA
AJB,2005,92,1,1125,Fred,,Sack,Fred Sack,AE,SE,Ohio State,,,,USA,USA
AJB,2005,92,1,3799,Wendy,,Silk,Wendy Silk,AE,SE,U California Davis,,,,USA,USA
AJB,2005,92,1,1364,Hans-Christof,,Spatz,Hans-Christof Spatz,AE,SE,U Freiburg,,,,Germany,DEU
AJB,2005,92,1,874,David,,Spooner,David Spooner,AE,SE,U Wisconsin,,,,USA,USA
AJB,2005,92,1,3807,William,,Stein,William Stein,AE,SE,SUNY,,,,USA,USA
AJB,2005,92,1,3487,Sean,,Thomas,Sean Thomas,AE,SE,U Toronto,,,,Canada,CAN
AJB,2005,92,1,367,Bruce,,Tiffney,Bruce Tiffney,AE,SE,U California Santa Barbara,,,,USA,USA
AJB,2005,92,1,2600,Maxine,,Watson,Maxine Watson,AE,SE,Indiana U,,,,USA,USA
AJB,2006,93,1,1146,Gregory,,Anderson,Gregory Anderson,AE,SE,U Connecticut,,,,USA,USA
AJB,2006,93,1,3720,Winslow,,Briggs,Winslow Briggs,AE,SE,Stanford,,,,USA,USA
AJB,2006,93,1,3015,Russell,,Chapman,Russell Chapman,AE,SE,Scripps Institute of Oceanography,,,,USA,USA
AJB,2006,93,1,2330,Michael,,Christianson,Michael Christianson,AE & Book Review Editor,SE,U California Berkeley,,,,USA,USA
AJB,2006,93,1,2335,Martha,,Cook,Martha Cook,AE,SE,Illinois State,,,,USA,USA
AJB,2006,93,1,665,Darleen,,Demason,Darleen Demason,AE & Special Papers Editor,SE,U California Riverside,,,,USA,USA
AJB,2006,93,1,2639,Nancy,,Dengler,Nancy Dengler,AE,SE,U Toronto,,,,Canada,CAN
AJB,2006,93,1,440,Christopher,,Eckert,Christopher Eckert,AE,SE,Queen's U,,,,Canada,CAN
AJB,2006,93,1,963,Elizabeth,,Farnsworth,Elizabeth Farnsworth,AE,SE,New England Wild Flower Society,,,,USA,USA
AJB,2006,93,1,3069,R,,Geeta,R Geeta,AE,SE,SUNY,,,,USA,USA
AJB,2006,93,1,2159,Linda,,Graham,Linda Graham,AE,SE,U Wisconsin,,,,USA,USA
AJB,2006,93,1,1620,James,L,Hamrick,James L Hamrick,AE,SE,,,,,USA,USA
AJB,2006,93,1,478,Chris,,Haufler,Chris Haufler,AE,SE,U Kansas,,,,Usa,USA
AJB,2006,93,1,3361,Scott,,Hodges,Scott Hodges,AE,SE,U California Santa Barbara,,,,USA,USA
AJB,2006,93,1,982,Erin,,Irish,Erin Irish,AE,SE,U Iowa,,,,USA,USA
AJB,2006,93,1,1656,Judy,,Jernsteidt,Judy Jernsteidt,EIC,EIC,U California Davis,,,,USA,USA
AJB,2006,93,1,2847,Paul,,Kenrick,Paul Kenrick,AE,SE,,,,,UK,GBR
AJB,2006,93,1,750,Deborah,,Kohn,Deborah Kohn,AE,SE,,,,,UK,GBR
AJB,2006,93,1,1675,Josh,,Kohn,Josh Kohn,AE,SE,U California San Diego,,,,USA,USA
AJB,2006,93,1,1694,Jane,,Langdale,Jane Langdale,AE,SE,,,,,UK,GBR
AJB,2006,93,1,3137,Randal,,Linder,Randal Linder,AE,SE,U Texas,,,,USA,USA
AJB,2006,93,1,3179,Richard,,Olmstead,Richard Olmstead,AE,SE,U Washington,,,,USA,USA
AJB,2006,93,1,3200,Robert,A,Raguso,Robert A Raguso,AE,SE,,,,,USA,USA
AJB,2006,93,1,1833,Jennifer,,Richards,Jennifer Richards,AE,SE,Florida International U,,,,USA,USA
AJB,2006,93,1,2229,Loren,,Rieseberg,Loren Rieseberg,AE,SE,Indiana U,,,,USA,USA
AJB,2006,93,1,1254,Gar,,Rothwell,Gar Rothwell,AE,SE,Ohio ,,,,USA,USA
AJB,2006,93,1,3457,Scott,,Russell,Scott Russell,AE & Electronic Publication editor,SE,U Oklahoma,,,,USA,USA
AJB,2006,93,1,1125,Fred,,Sack,Fred Sack,AE,SE,Ohio State,,,,USA,USA
AJB,2006,93,1,3799,Wendy,,Silk,Wendy Silk,AE,SE,U California Davis,,,,USA,USA
AJB,2006,93,1,1364,Hans-Christof,,Spatz,Hans-Christof Spatz,AE,SE,U Freiburg,,,,Germany,DEU
AJB,2006,93,1,874,David,,Spooner,David Spooner,AE,SE,U Wisconsin,,,,USA,USA
AJB,2006,93,1,3807,William,,Stein,William Stein,AE,SE,SUNY,,,,USA,USA
AJB,2006,93,1,3487,Sean,,Thomas,Sean Thomas,AE,SE,U Toronto,,,,Canada,CAN
AJB,2006,93,1,367,Bruce,,Tiffney,Bruce Tiffney,AE,SE,U California Los Angeles,,,,USA,USA
AJB,2006,93,1,2600,Maxine,,Watson,Maxine Watson,AE,SE,Indiana U,,,,USA,USA
AJB,2007,94,1,1146,Gregory,,Anderson,Gregory Anderson,AE,SE,U Connecticut,,,,USA,USA
AJB,2007,94,1,3275,Sophia,,Balcomb,Sophia Balcomb,AE,SE,Botanical Society of America,,,,USA,USA
AJB,2007,94,1,2295,Mary,,Berbee,Mary Berbee,AE,SE,U British Colombia,,,,Canada,CAN
AJB,2007,94,1,3720,Winslow,,Briggs,Winslow Briggs,AE,SE,Stanford,,,,USA,USA
AJB,2007,94,1,3015,Russell,,Chapman,Russell Chapman,AE,SE,Scripps Institute of Oceanography,,,,USA,USA
AJB,2007,94,1,2330,Michael,,Christianson,Michael Christianson,AE & Book Review Editor,SE,U California Berkeley,,,,USA,USA
AJB,2007,94,1,2335,Martha,,Cook,Martha Cook,AE,SE,Illinois State,,,,USA,USA
AJB,2007,94,1,665,Darleen,,Demason,Darleen Demason,AE & Special Papers Editor,SE,U California Riverside,,,,USA,USA
AJB,2007,94,1,2639,Nancy,,Dengler,Nancy Dengler,AE,SE,U Toronto,,,,Canada,CAN
AJB,2007,94,1,440,Christopher,,Eckert,Christopher Eckert,AE,SE,Queen's U,,,,Canada,CAN
AJB,2007,94,1,963,Elizabeth,,Farnsworth,Elizabeth Farnsworth,AE,SE,New England Wild Flower Society,,,,USA,USA
AJB,2007,94,1,445,Charles,,Fenster,Charles Fenster,AE,SE,U Maryland,,,,USA,USA
AJB,2007,94,1,3069,R,,Geeta,R Geeta,AE,SE,SUNY,,,,USA,USA
AJB,2007,94,1,2812,Paul,,Gepts,Paul Gepts,AE,SE,U California Davis,,,,USA,USA
AJB,2007,94,1,2159,Linda,,Graham,Linda Graham,AE,SE,U Wisconsin,,,,USA,USA
AJB,2007,94,1,1620,James,L,Hamrick,James L Hamrick,AE,SE,,,,,USA,USA
AJB,2007,94,1,478,Chris,,Haufler,Chris Haufler,AE,SE,U Kansas,,,,Usa,USA
AJB,2007,94,1,3361,Scott,,Hodges,Scott Hodges,AE,SE,U California Santa Barbara,,,,USA,USA
AJB,2007,94,1,982,Erin,,Irish,Erin Irish,AE,SE,U Iowa,,,,USA,USA
AJB,2007,94,1,1656,Judy,,Jernsteidt,Judy Jernsteidt,EIC,EIC,U California Davis,,,,USA,USA
AJB,2007,94,1,2847,Paul,,Kenrick,Paul Kenrick,AE,SE,,,,,UK,GBR
AJB,2007,94,1,750,Deborah,,Kohn,Deborah Kohn,AE,SE,,,,,UK,GBR
AJB,2007,94,1,1675,Josh,,Kohn,Josh Kohn,AE,SE,U California San Diego,,,,USA,USA
AJB,2007,94,1,1684,John,,Kress,John Kress,AE,SE,Smithsonian,,,,USA,USA
AJB,2007,94,1,1694,Jane,,Langdale,Jane Langdale,AE,SE,,,,,UK,GBR
AJB,2007,94,1,3137,Randal,,Linder,Randal Linder,AE,SE,U Texas,,,,USA,USA
AJB,2007,94,1,1334,Hafiz,,Maherali,Hafiz Maherali,AE,SE,U Guelph,,,,USA,USA
AJB,2007,94,1,3179,Richard,,Olmstead,Richard Olmstead,AE,SE,U Washington,,,,USA,USA
AJB,2007,94,1,1792,Jeffrey,,Osborn,Jeffrey Osborn,AE,SE,Truman State,,,,USA,USA
AJB,2007,94,1,3196,Robert,,Pratt,Robert Pratt,AE,SE,Pepperdine,,,,USA,USA
AJB,2007,94,1,3200,Robert,A,Raguso,Robert A Raguso,AE,SE,,,,,USA,USA
AJB,2007,94,1,1353,Heather,,Reynolds,Heather Reynolds,AE,SE,Indiana U,,,,USA,USA
AJB,2007,94,1,1833,Jennifer,,Richards,Jennifer Richards,AE,SE,Florida International U,,,,USA,USA
AJB,2007,94,1,1254,Gar,,Rothwell,Gar Rothwell,AE,SE,Ohio ,,,,USA,USA
AJB,2007,94,1,3457,Scott,,Russell,Scott Russell,AE & Electronic Publication editor,SE,U Oklahoma,,,,USA,USA
AJB,2007,94,1,1125,Fred,,Sack,Fred Sack,AE,SE,U British Colombia,,,,Canada,CAN
AJB,2007,94,1,188,Ann,,Sakai,Ann Sakai,AE,SE,U California Irvine,,,,USA,USA
AJB,2007,94,1,2913,Peggy,,Schultz,Peggy Schultz,AE,SE,Indiana U,,,,USA,USA
AJB,2007,94,1,3799,Wendy,,Silk,Wendy Silk,AE,SE,U California Davis,,,,USA,USA
AJB,2007,94,1,871,Doug,,Soltis,Doug Soltis,AE,SE,U Florida,,,,USA,USA
AJB,2007,94,1,1364,Hans-Christof,,Spatz,Hans-Christof Spatz,AE,SE,U Freiburg,,,,Germany,DEU
AJB,2007,94,1,874,David,,Spooner,David Spooner,AE,SE,U Wisconsin,,,,USA,USA
AJB,2007,94,1,3807,William,,Stein,William Stein,AE,SE,SUNY,,,,USA,USA
AJB,2007,94,1,2924,Peter,,Stevens,Peter Stevens,AE,SE,Missouri Botanical Gardens,,,,USA,USA
AJB,2007,94,1,3487,Sean,,Thomas,Sean Thomas,AE,SE,U Toronto,,,,Canada,CAN
AJB,2007,94,1,367,Bruce,,Tiffney,Bruce Tiffney,AE,SE,U California Los Angeles,,,,USA,USA
AJB,2007,94,1,2600,Maxine,,Watson,Maxine Watson,AE,SE,Indiana U,,,,USA,USA
AJB,2007,94,1,3499,Stephen,,Weller,Stephen Weller,AE,SE,U California Irvine,,,,USA,USA
AJB,2007,94,1,1946,Jun,,Wen,Jun Wen,AE,SE,Smithsonian,,,,USA,USA
AJB,2007,94,1,380,Beata,,Zagorska-Marek,Beata Zagorska-Marek,AE,SE,Wrcoclaw U,,,,Poland,POL
AJB,2008,95,1,1146,Gregory,,Anderson,Gregory Anderson,AE,SE,U Connecticut,,,,USA,USA
AJB,2008,95,1,3275,Sophia,,Balcomb,Sophia Balcomb,AE,SE,Botanical Society of America,,,,USA,USA
AJB,2008,95,1,2295,Mary,,Berbee,Mary Berbee,AE,SE,U British Colombia,,,,Canada,CAN
AJB,2008,95,1,3720,Winslow,,Briggs,Winslow Briggs,AE,SE,Stanford,,,,USA,USA
AJB,2008,95,1,3015,Russell,,Chapman,Russell Chapman,AE,SE,Scripps Institute of Oceanography,,,,USA,USA
AJB,2008,95,1,2330,Michael,,Christianson,Michael Christianson,AE & Book Review Editor,SE,U California Berkeley,,,,USA,USA
AJB,2008,95,1,2335,Martha,,Cook,Martha Cook,AE,SE,Illinois State,,,,USA,USA
AJB,2008,95,1,665,Darleen,,Demason,Darleen Demason,AE & Special Papers Editor,SE,U California Riverside,,,,USA,USA
AJB,2008,95,1,2639,Nancy,,Dengler,Nancy Dengler,AE,SE,U Toronto,,,,Canada,CAN
AJB,2008,95,1,440,Christopher,,Eckert,Christopher Eckert,AE,SE,Queen's U,,,,Canada,CAN
AJB,2008,95,1,445,Charles,,Fenster,Charles Fenster,AE,SE,U Maryland,,,,USA,USA
AJB,2008,95,1,3069,R,,Geeta,R Geeta,AE,SE,SUNY,,,,USA,USA
AJB,2008,95,1,2812,Paul,,Gepts,Paul Gepts,AE,SE,U California Davis,,,,USA,USA
AJB,2008,95,1,2159,Linda,,Graham,Linda Graham,AE,SE,U Wisconsin,,,,USA,USA
AJB,2008,95,1,1620,James,L,Hamrick,James L Hamrick,AE,SE,,,,,USA,USA
AJB,2008,95,1,478,Chris,,Haufler,Chris Haufler,AE,SE,U Kansas,,,,Usa,USA
AJB,2008,95,1,982,Erin,,Irish,Erin Irish,AE,SE,U Iowa,,,,USA,USA
AJB,2008,95,1,1656,Judy,,Jernsteidt,Judy Jernsteidt,EIC,EIC,U California Davis,,,,USA,USA
AJB,2008,95,1,2847,Paul,,Kenrick,Paul Kenrick,AE,SE,,,,,UK,GBR
AJB,2008,95,1,750,Deborah,,Kohn,Deborah Kohn,AE,SE,,,,,UK,GBR
AJB,2008,95,1,1684,John,,Kress,John Kress,AE,SE,Smithsonian,,,,USA,USA
AJB,2008,95,1,1694,Jane,,Langdale,Jane Langdale,AE,SE,,,,,UK,GBR
AJB,2008,95,1,2195,Louise,,Lewis,Louise Lewis,AE,SE,U Connecticut,,,,USA,USA
AJB,2008,95,1,3137,Randal,,Linder,Randal Linder,AE,SE,U Texas,,,,USA,USA
AJB,2008,95,1,2452,Michael,,Loik,Michael Loik,AE,SE,U California Santa Cruz,,,,USA,USA
AJB,2008,95,1,1334,Hafiz,,Maherali,Hafiz Maherali,AE,SE,U Guelph,,,,USA,USA
AJB,2008,95,1,1792,Jeffrey,,Osborn,Jeffrey Osborn,AE,SE,College of New Jersey,,,,USA,USA
AJB,2008,95,1,3196,Robert,,Pratt,Robert Pratt,AE,SE,Pepperdine,,,,USA,USA
AJB,2008,95,1,3200,Robert,A,Raguso,Robert A Raguso,AE,SE,,,,,USA,USA
AJB,2008,95,1,1353,Heather,,Reynolds,Heather Reynolds,AE,SE,Indiana U,,,,USA,USA
AJB,2008,95,1,1833,Jennifer,,Richards,Jennifer Richards,AE,SE,Florida International U,,,,USA,USA
AJB,2008,95,1,1254,Gar,,Rothwell,Gar Rothwell,AE,SE,Ohio ,,,,USA,USA
AJB,2008,95,1,3457,Scott,,Russell,Scott Russell,AE & Electronic Publication editor,SE,U Oklahoma,,,,USA,USA
AJB,2008,95,1,1125,Fred,,Sack,Fred Sack,AE,SE,U British Colombia,,,,Canada,CAN
AJB,2008,95,1,188,Ann,,Sakai,Ann Sakai,AE,SE,U California Irvine,,,,USA,USA
AJB,2008,95,1,2913,Peggy,,Schultz,Peggy Schultz,AE,SE,Indiana U,,,,USA,USA
AJB,2008,95,1,3637,Tristram,,Seidler,Tristram Seidler,AE,SE,New England Wild Flower Society,,,,USA,USA
AJB,2008,95,1,3799,Wendy,,Silk,Wendy Silk,AE,SE,U California Davis,,,,USA,USA
AJB,2008,95,1,2563,Mark,,Simmons,Mark Simmons,AE,SE,Colorado State,,,,USA,USA
AJB,2008,95,1,871,Doug,,Soltis,Doug Soltis,AE,SE,U Florida,,,,USA,USA
AJB,2008,95,1,1364,Hans-Christof,,Spatz,Hans-Christof Spatz,AE,SE,U Freiburg,,,,Germany,DEU
AJB,2008,95,1,874,David,,Spooner,David Spooner,AE,SE,U Wisconsin,,,,USA,USA
AJB,2008,95,1,3807,William,,Stein,William Stein,AE,SE,SUNY,,,,USA,USA
AJB,2008,95,1,2924,Peter,,Stevens,Peter Stevens,AE,SE,Missouri Botanical Gardens,,,,USA,USA
AJB,2008,95,1,2097,Kristina,,Stinson,Kristina Stinson,AE,SE,Harvard,,,,USA,USA
AJB,2008,95,1,3487,Sean,,Thomas,Sean Thomas,AE,SE,U Toronto,,,,Canada,CAN
AJB,2008,95,1,367,Bruce,,Tiffney,Bruce Tiffney,AE,SE,U California Los Angeles,,,,USA,USA
AJB,2008,95,1,2600,Maxine,,Watson,Maxine Watson,AE,SE,Indiana U,,,,USA,USA
AJB,2008,95,1,3499,Stephen,,Weller,Stephen Weller,AE,SE,U California Irvine,,,,USA,USA
AJB,2008,95,1,1946,Jun,,Wen,Jun Wen,AE,SE,Smithsonian,,,,USA,USA
AJB,2008,95,1,380,Beata,,Zagorska-Marek,Beata Zagorska-Marek,AE,SE,Wrcoclaw U,,,,Poland,POL
AJB,2009,96,1,1146,Gregory,,Anderson,Gregory Anderson,AE,SE,U Connecticut,,,,USA,USA
AJB,2009,96,1,3275,Sophia,,Balcomb,Sophia Balcomb,AE,SE,Botanical Society of America,,,,USA,USA
AJB,2009,96,1,2295,Mary,,Berbee,Mary Berbee,AE,SE,U British Colombia,,,,Canada,CAN
AJB,2009,96,1,3015,Russell,,Chapman,Russell Chapman,AE,SE,Scripps Institute of Oceanography,,,,USA,USA
AJB,2009,96,1,2330,Michael,,Christianson,Michael Christianson,AE & Book Review Editor,SE,U California Berkeley,,,,USA,USA
AJB,2009,96,1,2335,Martha,,Cook,Martha Cook,AE,SE,Illinois State,,,,USA,USA
AJB,2009,96,1,665,Darleen,,Demason,Darleen Demason,AE & Special Papers Editor,SE,U California Riverside,,,,USA,USA
AJB,2009,96,1,2639,Nancy,,Dengler,Nancy Dengler,AE,SE,U Toronto,,,,Canada,CAN
AJB,2009,96,1,440,Christopher,,Eckert,Christopher Eckert,AE,SE,Queen's U,,,,Canada,CAN
AJB,2009,96,1,961,Edgardo,,Etxeberria,Edgardo Etxeberria,AE,SE,Citrus Research and Education Center,,,,USA,USA
AJB,2009,96,1,3069,R,,Geeta,R Geeta,AE,SE,SUNY,,,,USA,USA
AJB,2009,96,1,2812,Paul,,Gepts,Paul Gepts,AE,SE,U California Davis,,,,USA,USA
AJB,2009,96,1,464,Carol,,Goodwillie,Carol Goodwillie,AE,SE,East Carolina U,,,,USA,USA
AJB,2009,96,1,2159,Linda,,Graham,Linda Graham,AE,SE,U Wisconsin,,,,USA,USA
AJB,2009,96,1,3342,Sean,,Graham,Sean Graham,AE,SE,U British Colombia,,,,Canada,CAN
AJB,2009,96,1,1620,James,L,Hamrick,James L Hamrick,AE,SE,,,,,USA,USA
AJB,2009,96,1,478,Chris,,Haufler,Chris Haufler,AE,SE,U Kansas,,,,Usa,USA
AJB,2009,96,1,982,Erin,,Irish,Erin Irish,AE,SE,U Iowa,,,,USA,USA
AJB,2009,96,1,1656,Judy,,Jernsteidt,Judy Jernsteidt,EIC,EIC,U California Davis,,,,USA,USA
AJB,2009,96,1,2847,Paul,,Kenrick,Paul Kenrick,AE,SE,,,,,UK,GBR
AJB,2009,96,1,1671,John,,Kiss,John Kiss,AE,SE,Miami U,,,,USA,USA
AJB,2009,96,1,750,Deborah,,Kohn,Deborah Kohn,AE,SE,,,,,UK,GBR
AJB,2009,96,1,1684,John,,Kress,John Kress,AE,SE,Smithsonian,,,,USA,USA
AJB,2009,96,1,1694,Jane,,Langdale,Jane Langdale,AE,SE,,,,,UK,GBR
AJB,2009,96,1,2440,Matt,,Lavin,Matt Lavin,AE,SE,Montana State,,,,USA,USA
AJB,2009,96,1,2195,Louise,,Lewis,Louise Lewis,AE,SE,U Connecticut,,,,USA,USA
AJB,2009,96,1,3137,Randal,,Linder,Randal Linder,AE,SE,U Texas,,,,USA,USA
AJB,2009,96,1,136,Aaron,,Liston,Aaron Liston,AE,SE,Oregon State,,,,USA,USA
AJB,2009,96,1,2452,Michael,,Loik,Michael Loik,AE,SE,U California Santa Cruz,,,,USA,USA
AJB,2009,96,1,1334,Hafiz,,Maherali,Hafiz Maherali,AE,SE,U Guelph,,,,USA,USA
AJB,2009,96,1,1792,Jeffrey,,Osborn,Jeffrey Osborn,AE,SE,College of New Jersey,,,,USA,USA
AJB,2009,96,1,827,Dan,,Potter,Dan Potter,AE,SE,U California Davis,,,,USA,USA
AJB,2009,96,1,3196,Robert,,Pratt,Robert Pratt,AE,SE,Cal State Bakersfield,,,,USA,USA
AJB,2009,96,1,1353,Heather,,Reynolds,Heather Reynolds,AE,SE,Indiana U,,,,USA,USA
AJB,2009,96,1,1833,Jennifer,,Richards,Jennifer Richards,AE,SE,Florida International U,,,,USA,USA
AJB,2009,96,1,1254,Gar,,Rothwell,Gar Rothwell,AE,SE,Ohio ,,,,USA,USA
AJB,2009,96,1,3457,Scott,,Russell,Scott Russell,AE & Electronic Publication editor,SE,U Oklahoma,,,,USA,USA
AJB,2009,96,1,1125,Fred,,Sack,Fred Sack,AE,SE,U British Colombia,,,,Canada,CAN
AJB,2009,96,1,188,Ann,,Sakai,Ann Sakai,AE,SE,U California Irvine,,,,USA,USA
AJB,2009,96,1,2913,Peggy,,Schultz,Peggy Schultz,AE,SE,Indiana U,,,,USA,USA
AJB,2009,96,1,3637,Tristram,,Seidler,Tristram Seidler,AE,SE,New England Wild Flower Society,,,,USA,USA
AJB,2009,96,1,3799,Wendy,,Silk,Wendy Silk,AE,SE,U California Davis,,,,USA,USA
AJB,2009,96,1,2563,Mark,,Simmons,Mark Simmons,AE,SE,Colorado State,,,,USA,USA
AJB,2009,96,1,871,Doug,,Soltis,Doug Soltis,AE,SE,U Florida,,,,USA,USA
AJB,2009,96,1,1364,Hans-Christof,,Spatz,Hans-Christof Spatz,AE,SE,U Freiburg,,,,Germany,DEU
AJB,2009,96,1,874,David,,Spooner,David Spooner,AE,SE,U Wisconsin,,,,USA,USA
AJB,2009,96,1,3807,William,,Stein,William Stein,AE,SE,SUNY,,,,USA,USA
AJB,2009,96,1,2924,Peter,,Stevens,Peter Stevens,AE,SE,Missouri Botanical Gardens,,,,USA,USA
AJB,2009,96,1,2097,Kristina,,Stinson,Kristina Stinson,AE,SE,Harvard,,,,USA,USA
AJB,2009,96,1,3487,Sean,,Thomas,Sean Thomas,AE,SE,U Toronto,,,,Canada,CAN
AJB,2009,96,1,367,Bruce,,Tiffney,Bruce Tiffney,AE,SE,U California Santa Barbara,,,,USA,USA
AJB,2009,96,1,2600,Maxine,,Watson,Maxine Watson,AE,SE,Indiana U,,,,USA,USA
AJB,2009,96,1,3499,Stephen,,Weller,Stephen Weller,AE,SE,U California Irvine,,,,USA,USA
AJB,2009,96,1,380,Beata,,Zagorska-Marek,Beata Zagorska-Marek,AE,SE,Wrcoclaw U,,,,Poland,POL
AJB,2010,97,1,1146,Gregory,,Anderson,Gregory Anderson,AE,SE,U Connecticut,,,,USA,USA
AJB,2010,97,1,3275,Sophia,,Balcomb,Sophia Balcomb,AE,SE,Botanical Society of America,,,,USA,USA
AJB,2010,97,1,2295,Mary,,Berbee,Mary Berbee,AE,SE,U British Colombia,,,,Canada,CAN
AJB,2010,97,1,3015,Russell,,Chapman,Russell Chapman,AE,SE,Scripps Institute of Oceanography,,,,USA,USA
AJB,2010,97,1,2330,Michael,,Christianson,Michael Christianson,AE & Book Review Editor,SE,U California Berkeley,,,,USA,USA
AJB,2010,97,1,2335,Martha,,Cook,Martha Cook,AE,SE,Illinois State,,,,USA,USA
AJB,2010,97,1,3029,Ruben,,Cuneo,Ruben Cuneo,AE,SE,Museo Paleontologico Egidio,,,,Argentina,ARG
AJB,2010,97,1,665,Darleen,,Demason,Darleen Demason,AE & Special Papers Editor,SE,U California Riverside,,,,USA,USA
AJB,2010,97,1,2639,Nancy,,Dengler,Nancy Dengler,AE,SE,U Toronto,,,,Canada,CAN
AJB,2010,97,1,440,Christopher,,Eckert,Christopher Eckert,AE,SE,Queen's U,,,,Canada,CAN
AJB,2010,97,1,961,Edgardo,,Etxeberria,Edgardo Etxeberria,AE,SE,Citrus Research and Education Center,,,,USA,USA
AJB,2010,97,1,1067,Francisco,,Freaner,Francisco Freaner,AE,SE,Instituto de Ecologia UNAM,,,,Mexico,MEX
AJB,2010,97,1,1581,John,,Freudenstein,John Freudenstein,AE,SE,Ohio State,,,,USA,USA
AJB,2010,97,1,3741,William,,Friedman,William Friedman,AE,SE,U Colorado,,,,USA,USA
AJB,2010,97,1,3069,R,,Geeta,R Geeta,AE,SE,SUNY,,,,USA,USA
AJB,2010,97,1,2812,Paul,,Gepts,Paul Gepts,AE,SE,U California Davis,,,,USA,USA
AJB,2010,97,1,464,Carol,,Goodwillie,Carol Goodwillie,AE,SE,East Carolina U,,,,USA,USA
AJB,2010,97,1,2159,Linda,,Graham,Linda Graham,AE,SE,U Wisconsin,,,,USA,USA
AJB,2010,97,1,3342,Sean,,Graham,Sean Graham,AE,SE,U British Colombia,,,,Canada,CAN
AJB,2010,97,1,1620,James,L,Hamrick,James L Hamrick,AE,SE,,,,,USA,USA
AJB,2010,97,1,478,Chris,,Haufler,Chris Haufler,AE,SE,U Kansas,,,,Usa,USA
AJB,2010,97,1,982,Erin,,Irish,Erin Irish,AE,SE,U Iowa,,,,USA,USA
AJB,2010,97,1,1656,Judy,,Jernsteidt,Judy Jernsteidt,EIC,EIC,U California Davis,,,,USA,USA
AJB,2010,97,1,2847,Paul,,Kenrick,Paul Kenrick,AE,SE,,,,,UK,GBR
AJB,2010,97,1,1671,John,,Kiss,John Kiss,AE,SE,Miami U,,,,USA,USA
AJB,2010,97,1,750,Deborah,,Kohn,Deborah Kohn,AE,SE,,,,,UK,GBR
AJB,2010,97,1,1684,John,,Kress,John Kress,AE,SE,Smithsonian,,,,USA,USA
AJB,2010,97,1,1694,Jane,,Langdale,Jane Langdale,AE,SE,,,,,UK,GBR
AJB,2010,97,1,759,Donald,,Les,Donald Les,AE,SE,U Connecticut,,,,USA,USA
AJB,2010,97,1,2195,Louise,,Lewis,Louise Lewis,AE,SE,U Connecticut,,,,USA,USA
AJB,2010,97,1,3137,Randal,,Linder,Randal Linder,AE,SE,U Texas,,,,USA,USA
AJB,2010,97,1,136,Aaron,,Liston,Aaron Liston,AE,SE,Oregon State,,,,USA,USA
AJB,2010,97,1,2452,Michael,,Loik,Michael Loik,AE,SE,U California Santa Cruz,,,,USA,USA
AJB,2010,97,1,1334,Hafiz,,Maherali,Hafiz Maherali,AE,SE,U Guelph,,,,USA,USA
AJB,2010,97,1,1792,Jeffrey,,Osborn,Jeffrey Osborn,AE,SE,College of New Jersey,,,,USA,USA
AJB,2010,97,1,827,Dan,,Potter,Dan Potter,AE,SE,U California Davis,,,,USA,USA
AJB,2010,97,1,3196,Robert,,Pratt,Robert Pratt,AE,SE,Cal State Bakersfield,,,,USA,USA
AJB,2010,97,1,1844,Jeffrey,,Ross-Ibarra,Jeffrey Ross-Ibarra,AE,SE,U California Davis,,,,USA,USA
AJB,2010,97,1,1254,Gar,,Rothwell,Gar Rothwell,AE,SE,Ohio ,,,,USA,USA
AJB,2010,97,1,3457,Scott,,Russell,Scott Russell,AE & Electronic Publication editor,SE,U Oklahoma,,,,USA,USA
AJB,2010,97,1,1125,Fred,,Sack,Fred Sack,AE,SE,U British Colombia,,,,Canada,CAN
AJB,2010,97,1,2237,Lawren,,Sack,Lawren Sack,AE,SE,U California Los Angeles,,,,USA,USA
AJB,2010,97,1,2913,Peggy,,Schultz,Peggy Schultz,AE,SE,Indiana U,,,,USA,USA
AJB,2010,97,1,3637,Tristram,,Seidler,Tristram Seidler,AE,SE,New England Wild Flower Society,,,,USA,USA
AJB,2010,97,1,3799,Wendy,,Silk,Wendy Silk,AE,SE,U California Davis,,,,USA,USA
AJB,2010,97,1,2563,Mark,,Simmons,Mark Simmons,AE,SE,Colorado State,,,,USA,USA
AJB,2010,97,1,871,Doug,,Soltis,Doug Soltis,AE,SE,U Florida,,,,USA,USA
AJB,2010,97,1,1364,Hans-Christof,,Spatz,Hans-Christof Spatz,AE,SE,U Freiburg,,,,Germany,DEU
AJB,2010,97,1,874,David,,Spooner,David Spooner,AE,SE,U Wisconsin,,,,USA,USA
AJB,2010,97,1,3807,William,,Stein,William Stein,AE,SE,SUNY,,,,USA,USA
AJB,2010,97,1,2097,Kristina,,Stinson,Kristina Stinson,AE,SE,Harvard,,,,USA,USA
AJB,2010,97,1,3487,Sean,,Thomas,Sean Thomas,AE,SE,U Toronto,,,,Canada,CAN
AJB,2010,97,1,367,Bruce,,Tiffney,Bruce Tiffney,AE,SE,U California Santa Barbara,,,,USA,USA
AJB,2010,97,1,2600,Maxine,,Watson,Maxine Watson,AE,SE,Indiana U,,,,USA,USA
AJB,2010,97,1,3499,Stephen,,Weller,Stephen Weller,AE,SE,U California Irvine,,,,USA,USA
AJB,2010,97,1,380,Beata,,Zagorska-Marek,Beata Zagorska-Marek,AE,SE,Wrcoclaw U,,,,Poland,POL
AJB,2011,98,1,1146,Gregory,,Anderson,Gregory Anderson,AE,SE,U Connecticut,,,,USA,USA
AJB,2011,98,1,3275,Sophia,,Balcomb,Sophia Balcomb,AE,SE,Botanical Society of America,,,,USA,USA
AJB,2011,98,1,2295,Mary,,Berbee,Mary Berbee,AE,SE,U British Colombia,,,,Canada,CAN
AJB,2011,98,1,3015,Russell,,Chapman,Russell Chapman,AE,SE,Scripps Institute of Oceanography,,,,USA,USA
AJB,2011,98,1,2330,Michael,,Christianson,Michael Christianson,AE,SE,U California Berkeley,,,,USA,USA
AJB,2011,98,1,2335,Martha,,Cook,Martha Cook,AE,SE,Illinois State,,,,USA,USA
AJB,2011,98,1,3029,Ruben,,Cuneo,Ruben Cuneo,AE,SE,Museo Paleontologico Egidio,,,,Argentina,ARG
AJB,2011,98,1,665,Darleen,,Demason,Darleen Demason,AE ,SE,U California Riverside,,,,USA,USA
AJB,2011,98,1,961,Edgardo,,Etxeberria,Edgardo Etxeberria,AE,SE,Citrus Research and Education Center,,,,USA,USA
AJB,2011,98,1,1067,Francisco,,Freaner,Francisco Freaner,AE,SE,Instituto de Ecologia UNAM,,,,Mexico,MEX
AJB,2011,98,1,1581,John,,Freudenstein,John Freudenstein,AE,SE,Ohio State,,,,USA,USA
AJB,2011,98,1,3741,William,,Friedman,William Friedman,AE,SE,U Colorado,,,,USA,USA
AJB,2011,98,1,3069,R,,Geeta,R Geeta,AE,SE,SUNY,,,,USA,USA
AJB,2011,98,1,2812,Paul,,Gepts,Paul Gepts,AE,SE,U California Davis,,,,USA,USA
AJB,2011,98,1,464,Carol,,Goodwillie,Carol Goodwillie,AE,SE,East Carolina U,,,,USA,USA
AJB,2011,98,1,2159,Linda,,Graham,Linda Graham,AE,SE,U Wisconsin,,,,USA,USA
AJB,2011,98,1,3342,Sean,,Graham,Sean Graham,AE,SE,U British Colombia,,,,Canada,CAN
AJB,2011,98,1,1620,James,L,Hamrick,James L Hamrick,AE,SE,,,,,USA,USA
AJB,2011,98,1,478,Chris,,Haufler,Chris Haufler,AE,SE,U Kansas,,,,Usa,USA
AJB,2011,98,1,982,Erin,,Irish,Erin Irish,AE,SE,U Iowa,,,,USA,USA
AJB,2011,98,1,1656,Judy,,Jernsteidt,Judy Jernsteidt,EIC,EIC,U California Davis,,,,USA,USA
AJB,2011,98,1,2847,Paul,,Kenrick,Paul Kenrick,AE,SE,,,,,UK,GBR
AJB,2011,98,1,1671,John,,Kiss,John Kiss,AE,SE,Miami U,,,,USA,USA
AJB,2011,98,1,750,Deborah,,Kohn,Deborah Kohn,AE,SE,,,,,UK,GBR
AJB,2011,98,1,1694,Jane,,Langdale,Jane Langdale,AE,SE,,,,,UK,GBR
AJB,2011,98,1,759,Donald,,Les,Donald Les,AE,SE,U Connecticut,,,,USA,USA
AJB,2011,98,1,2195,Louise,,Lewis,Louise Lewis,AE,SE,U Connecticut,,,,USA,USA
AJB,2011,98,1,3137,Randal,,Linder,Randal Linder,AE,SE,U Texas,,,,USA,USA
AJB,2011,98,1,136,Aaron,,Liston,Aaron Liston,AE,SE,Oregon State,,,,USA,USA
AJB,2011,98,1,2452,Michael,,Loik,Michael Loik,AE,SE,U California Santa Cruz,,,,USA,USA
AJB,2011,98,1,1334,Hafiz,,Maherali,Hafiz Maherali,AE,SE,U Guelph,,,,USA,USA
AJB,2011,98,1,1792,Jeffrey,,Osborn,Jeffrey Osborn,AE,SE,College of New Jersey,,,,USA,USA
AJB,2011,98,1,827,Dan,,Potter,Dan Potter,AE,SE,U California Davis,,,,USA,USA
AJB,2011,98,1,3196,Robert,,Pratt,Robert Pratt,AE,SE,Cal State Bakersfield,,,,USA,USA
AJB,2011,98,1,1844,Jeffrey,,Ross-Ibarra,Jeffrey Ross-Ibarra,AE,SE,U California Davis,,,,USA,USA
AJB,2011,98,1,1254,Gar,,Rothwell,Gar Rothwell,AE,SE,Ohio ,,,,USA,USA
AJB,2011,98,1,3457,Scott,,Russell,Scott Russell,AE ,SE,U Oklahoma,,,,USA,USA
AJB,2011,98,1,1125,Fred,,Sack,Fred Sack,AE,SE,U British Colombia,,,,Canada,CAN
AJB,2011,98,1,2237,Lawren,,Sack,Lawren Sack,AE,SE,U California Los Angeles,,,,USA,USA
AJB,2011,98,1,3213,Risa,,Sargent,Risa Sargent,AE,SE,U Ottawa,,,,Canada,CAN
AJB,2011,98,1,3637,Tristram,,Seidler,Tristram Seidler,AE,SE,New England Wild Flower Society,,,,USA,USA
AJB,2011,98,1,3799,Wendy,,Silk,Wendy Silk,AE,SE,U California Davis,,,,USA,USA
AJB,2011,98,1,2563,Mark,,Simmons,Mark Simmons,AE,SE,Colorado State,,,,USA,USA
AJB,2011,98,1,871,Doug,,Soltis,Doug Soltis,AE,SE,U Florida,,,,USA,USA
AJB,2011,98,1,1364,Hans-Christof,,Spatz,Hans-Christof Spatz,AE,SE,U Freiburg,,,,Germany,DEU
AJB,2011,98,1,874,David,,Spooner,David Spooner,AE,SE,U Wisconsin,,,,USA,USA
AJB,2011,98,1,3807,William,,Stein,William Stein,AE,SE,SUNY,,,,USA,USA
AJB,2011,98,1,2097,Kristina,,Stinson,Kristina Stinson,AE,SE,Harvard,,,,USA,USA
AJB,2011,98,1,3487,Sean,,Thomas,Sean Thomas,AE,SE,U Toronto,,,,Canada,CAN
AJB,2011,98,1,367,Bruce,,Tiffney,Bruce Tiffney,AE,SE,U California Santa Barbara,,,,USA,USA
AJB,2011,98,1,2600,Maxine,,Watson,Maxine Watson,AE,SE,Indiana U,,,,USA,USA
AJB,2011,98,1,3499,Stephen,,Weller,Stephen Weller,AE,SE,U California Irvine,,,,USA,USA
AJB,2011,98,1,380,Beata,,Zagorska-Marek,Beata Zagorska-Marek,AE,SE,Wrcoclaw U,,,,Poland,POL
AJB,2012,99,1,1146,Gregory,,Anderson,Gregory Anderson,AE,SE,U Connecticut,,,,USA,USA
AJB,2012,99,1,2295,Mary,,Berbee,Mary Berbee,AE,SE,U British Colombia,,,,Canada,CAN
AJB,2012,99,1,3015,Russell,,Chapman,Russell Chapman,AE,SE,Scripps Institute of Oceanography,,,,USA,USA
AJB,2012,99,1,2335,Martha,,Cook,Martha Cook,AE,SE,Illinois State,,,,USA,USA
AJB,2012,99,1,3029,Ruben,,Cuneo,Ruben Cuneo,AE,SE,Museo Paleontologico Egidio,,,,Argentina,ARG
AJB,2012,99,1,665,Darleen,,Demason,Darleen Demason,AE ,SE,U California Riverside,,,,USA,USA
AJB,2012,99,1,3051,Roland,,Ennos,Roland Ennos,AE,SE,,,,,UK,GBR
AJB,2012,99,1,3542,Ted,,Esslinger,Ted Esslinger,AE,SE,North Dakota State,,,,USA,USA
AJB,2012,99,1,961,Edgardo,,Etxeberria,Edgardo Etxeberria,AE,SE,Citrus Research and Education Center,,,,USA,USA
AJB,2012,99,1,1067,Francisco,,Freaner,Francisco Freaner,AE,SE,Instituto de Ecologia UNAM,,,,Mexico,MEX
AJB,2012,99,1,1581,John,,Freudenstein,John Freudenstein,AE,SE,Ohio State,,,,USA,USA
AJB,2012,99,1,3741,William,,Friedman,William Friedman,AE,SE,Harvard,,,,USA,USA
AJB,2012,99,1,3069,R,,Geeta,R Geeta,AE,SE,SUNY,,,,USA,USA
AJB,2012,99,1,2812,Paul,,Gepts,Paul Gepts,AE,SE,U California Davis,,,,USA,USA
AJB,2012,99,1,464,Carol,,Goodwillie,Carol Goodwillie,AE,SE,East Carolina U,,,,USA,USA
AJB,2012,99,1,2159,Linda,,Graham,Linda Graham,AE,SE,U Wisconsin,,,,USA,USA
AJB,2012,99,1,3342,Sean,,Graham,Sean Graham,AE,SE,U British Colombia,,,,Canada,CAN
AJB,2012,99,1,1620,James,L,Hamrick,James L Hamrick,AE,SE,,,,,USA,USA
AJB,2012,99,1,478,Chris,,Haufler,Chris Haufler,AE,SE,U Kansas,,,,Usa,USA
AJB,2012,99,1,982,Erin,,Irish,Erin Irish,AE,SE,U Iowa,,,,USA,USA
AJB,2012,99,1,1656,Judy,,Jernsteidt,Judy Jernsteidt,EIC,EIC,U California Davis,,,,USA,USA
AJB,2012,99,1,3858,Cynthia,,Jones,Cynthia Jones,AE,SE,U Connecticut,,,,USA,USA
AJB,2012,99,1,2847,Paul,,Kenrick,Paul Kenrick,AE,SE,,,,,UK,GBR
AJB,2012,99,1,1671,John,,Kiss,John Kiss,AE,SE,Miami U,,,,USA,USA
AJB,2012,99,1,750,Deborah,,Kohn,Deborah Kohn,AE,SE,,,,,UK,GBR
AJB,2012,99,1,1694,Jane,,Langdale,Jane Langdale,AE,SE,,,,,UK,GBR
AJB,2012,99,1,759,Donald,,Les,Donald Les,AE,SE,U Connecticut,,,,USA,USA
AJB,2012,99,1,2195,Louise,,Lewis,Louise Lewis,AE,SE,U Connecticut,,,,USA,USA
AJB,2012,99,1,3137,Randal,,Linder,Randal Linder,AE,SE,U Texas,,,,USA,USA
AJB,2012,99,1,136,Aaron,,Liston,Aaron Liston,AE,SE,Oregon State,,,,USA,USA
AJB,2012,99,1,2452,Michael,,Loik,Michael Loik,AE,SE,U California Santa Cruz,,,,USA,USA
AJB,2012,99,1,1334,Hafiz,,Maherali,Hafiz Maherali,AE,SE,U Guelph,,,,USA,USA
AJB,2012,99,1,320,Bruce,,McCune,Bruce McCune,AE,SE,Oregon State,,,,USA,USA
AJB,2012,99,1,1792,Jeffrey,,Osborn,Jeffrey Osborn,AE,SE,College of New Jersey,,,,USA,USA
AJB,2012,99,1,827,Dan,,Potter,Dan Potter,AE,SE,U California Davis,,,,USA,USA
AJB,2012,99,1,3196,Robert,,Pratt,Robert Pratt,AE,SE,Cal State Bakersfield,,,,USA,USA
AJB,2012,99,1,1844,Jeffrey,,Ross-Ibarra,Jeffrey Ross-Ibarra,AE,SE,U California Davis,,,,USA,USA
AJB,2012,99,1,1254,Gar,,Rothwell,Gar Rothwell,AE,SE,Ohio ,,,,USA,USA
AJB,2012,99,1,3457,Scott,,Russell,Scott Russell,AE ,SE,U Oklahoma,,,,USA,USA
AJB,2012,99,1,1125,Fred,,Sack,Fred Sack,AE,SE,U British Colombia,,,,Canada,CAN
AJB,2012,99,1,2237,Lawren,,Sack,Lawren Sack,AE,SE,U California Los Angeles,,,,USA,USA
AJB,2012,99,1,3213,Risa,,Sargent,Risa Sargent,AE,SE,U Ottawa,,,,Canada,CAN
AJB,2012,99,1,3799,Wendy,,Silk,Wendy Silk,AE,SE,U California Davis,,,,USA,USA
AJB,2012,99,1,2563,Mark,,Simmons,Mark Simmons,AE,SE,Colorado State,,,,USA,USA
AJB,2012,99,1,871,Doug,,Soltis,Doug Soltis,AE,SE,U Florida,,,,USA,USA
AJB,2012,99,1,874,David,,Spooner,David Spooner,AE,SE,U Wisconsin,,,,USA,USA
AJB,2012,99,1,3807,William,,Stein,William Stein,AE,SE,SUNY,,,,USA,USA
AJB,2012,99,1,3487,Sean,,Thomas,Sean Thomas,AE,SE,U Toronto,,,,Canada,CAN
AJB,2012,99,1,367,Bruce,,Tiffney,Bruce Tiffney,AE,SE,U California Santa Barbara,,,,USA,USA
AJB,2012,99,1,590,Christina,,Walters,Christina Walters,AE,SE,USDA,,,,USA,USA
AJB,2012,99,1,2600,Maxine,,Watson,Maxine Watson,AE,SE,Indiana U,,,,USA,USA
AJB,2012,99,1,3499,Stephen,,Weller,Stephen Weller,AE,SE,U California Irvine,,,,USA,USA
AJB,2012,99,1,380,Beata,,Zagorska-Marek,Beata Zagorska-Marek,AE,SE,Wrcoclaw U,,,,Poland,POL
AJB,2013,100,1,1146,Gregory,,Anderson,Gregory Anderson,AE,SE,U Connecticut,,,,USA,USA
AJB,2013,100,1,2295,Mary,,Berbee,Mary Berbee,AE,SE,U British Colombia,,,,Canada,CAN
AJB,2013,100,1,3015,Russell,,Chapman,Russell Chapman,AE,SE,Scripps Institute of Oceanography,,,,USA,USA
AJB,2013,100,1,2335,Martha,,Cook,Martha Cook,AE,SE,Illinois State,,,,USA,USA
AJB,2013,100,1,3029,Ruben,,Cuneo,Ruben Cuneo,AE,SE,Museo Paleontologico Egidio,,,,Argentina,ARG
AJB,2013,100,1,3046,Rodney,,Dyer,Rodney Dyer,AE,SE,Virginia Commonweath U,,,,USA,USA
AJB,2013,100,1,3051,Roland,,Ennos,Roland Ennos,AE,SE,,,,,UK,GBR
AJB,2013,100,1,3542,Ted,,Esslinger,Ted Esslinger,AE,SE,North Dakota State,,,,USA,USA
AJB,2013,100,1,961,Edgardo,,Etxeberria,Edgardo Etxeberria,AE,SE,Citrus Research and Education Center,,,,USA,USA
AJB,2013,100,1,1067,Francisco,,Freaner,Francisco Freaner,AE,SE,Instituto de Ecologia UNAM,,,,Mexico,MEX
AJB,2013,100,1,1581,John,,Freudenstein,John Freudenstein,AE,SE,Ohio State,,,,USA,USA
AJB,2013,100,1,3741,William,,Friedman,William Friedman,AE,SE,Harvard,,,,USA,USA
AJB,2013,100,1,3069,R,,Geeta,R Geeta,AE,SE,SUNY,,,,USA,USA
AJB,2013,100,1,464,Carol,,Goodwillie,Carol Goodwillie,AE,SE,East Carolina U,,,,USA,USA
AJB,2013,100,1,2159,Linda,,Graham,Linda Graham,AE,SE,U Wisconsin,,,,USA,USA
AJB,2013,100,1,3342,Sean,,Graham,Sean Graham,AE,SE,U British Colombia,,,,Canada,CAN
AJB,2013,100,1,478,Chris,,Haufler,Chris Haufler,AE,SE,U Kansas,,,,Usa,USA
AJB,2013,100,1,294,Boris,,Igic,Boris Igic,AE,SE,U Illinois,,,,USA,USA
AJB,2013,100,1,982,Erin,,Irish,Erin Irish,AE,SE,U Iowa,,,,USA,USA
AJB,2013,100,1,1656,Judy,,Jernsteidt,Judy Jernsteidt,EIC,EIC,U California Davis,,,,USA,USA
AJB,2013,100,1,3858,Cynthia,,Jones,Cynthia Jones,AE,SE,U Connecticut,,,,USA,USA
AJB,2013,100,1,2847,Paul,,Kenrick,Paul Kenrick,AE,SE,,,,,UK,GBR
AJB,2013,100,1,1671,John,,Kiss,John Kiss,AE,SE,Miami U,,,,USA,USA
AJB,2013,100,1,750,Deborah,,Kohn,Deborah Kohn,AE,SE,,,,,UK,GBR
AJB,2013,100,1,1694,Jane,,Langdale,Jane Langdale,AE,SE,,,,,UK,GBR
AJB,2013,100,1,759,Donald,,Les,Donald Les,AE,SE,U Connecticut,,,,USA,USA
AJB,2013,100,1,2195,Louise,,Lewis,Louise Lewis,AE,SE,U Connecticut,,,,USA,USA
AJB,2013,100,1,136,Aaron,,Liston,Aaron Liston,AE,SE,Oregon State,,,,USA,USA
AJB,2013,100,1,3925,Noland,,Martin,Noland Martin,AE,SE,Texas State,,,,USA,USA
AJB,2013,100,1,320,Bruce,,McCune,Bruce McCune,AE,SE,Oregon State,,,,USA,USA
AJB,2013,100,1,1792,Jeffrey,,Osborn,Jeffrey Osborn,AE,SE,College of New Jersey,,,,USA,USA
AJB,2013,100,1,827,Dan,,Potter,Dan Potter,AE,SE,U California Davis,,,,USA,USA
AJB,2013,100,1,3196,Robert,,Pratt,Robert Pratt,AE,SE,Cal State Bakersfield,,,,USA,USA
AJB,2013,100,1,1254,Gar,,Rothwell,Gar Rothwell,AE,SE,Ohio ,,,,USA,USA
AJB,2013,100,1,3457,Scott,,Russell,Scott Russell,AE ,SE,U Oklahoma,,,,USA,USA
AJB,2013,100,1,1125,Fred,,Sack,Fred Sack,AE,SE,U British Colombia,,,,Canada,CAN
AJB,2013,100,1,2237,Lawren,,Sack,Lawren Sack,AE,SE,U California Los Angeles,,,,USA,USA
AJB,2013,100,1,191,Andrew,,Schnabel,Andrew Schnabel,AE,SE,Indiana U,,,,USA,USA
AJB,2013,100,1,3799,Wendy,,Silk,Wendy Silk,AE,SE,U California Davis,,,,USA,USA
AJB,2013,100,1,2563,Mark,,Simmons,Mark Simmons,AE,SE,Colorado State,,,,USA,USA
AJB,2013,100,1,871,Doug,,Soltis,Doug Soltis,AE,SE,U Florida,,,,USA,USA
AJB,2013,100,1,874,David,,Spooner,David Spooner,AE,SE,U Wisconsin,,,,USA,USA
AJB,2013,100,1,3807,William,,Stein,William Stein,AE,SE,SUNY,,,,USA,USA
AJB,2013,100,1,367,Bruce,,Tiffney,Bruce Tiffney,AE,SE,U California Santa Barbara,,,,USA,USA
AJB,2013,100,1,590,Christina,,Walters,Christina Walters,AE,SE,USDA,,,,USA,USA
AJB,2013,100,1,2600,Maxine,,Watson,Maxine Watson,AE,SE,Indiana U,,,,USA,USA
AJB,2013,100,1,3499,Stephen,,Weller,Stephen Weller,AE,SE,U California Irvine,,,,USA,USA
AJB,2013,100,1,1957,Joseph,,Williams,Joseph Williams,AE,SE,U Tennessee,,,,USA,USA
AJB,2013,100,1,380,Beata,,Zagorska-Marek,Beata Zagorska-Marek,AE,SE,Wrcoclaw U,,,,Poland,POL
AJB,2014,101,1,1146,Gregory,,Anderson,Gregory Anderson,AE,SE,U Connecticut,,,,USA,USA
AJB,2014,101,1,2295,Mary,,Berbee,Mary Berbee,AE,SE,U British Colombia,,,,Canada,CAN
AJB,2014,101,1,3015,Russell,,Chapman,Russell Chapman,AE,SE,Scripps Institute of Oceanography,,,,USA,USA
AJB,2014,101,1,2335,Martha,,Cook,Martha Cook,AE,SE,Illinois State,,,,USA,USA
AJB,2014,101,1,3029,Ruben,,Cuneo,Ruben Cuneo,AE,SE,Museo Paleontologico Egidio,,,,Argentina,ARG
AJB,2014,101,1,3043,Rebecca,,Drenovsky,Rebecca Drenovsky,AE,SE,John Carroll U,,,,USA,USA
AJB,2014,101,1,3046,Rodney,,Dyer,Rodney Dyer,AE,SE,Virginia Commonweath U,,,,USA,USA
AJB,2014,101,1,3051,Roland,,Ennos,Roland Ennos,AE,SE,,,,,UK,GBR
AJB,2014,101,1,1067,Francisco,,Freaner,Francisco Freaner,AE,SE,Instituto de Ecologia UNAM,,,,Mexico,MEX
AJB,2014,101,1,1581,John,,Freudenstein,John Freudenstein,AE,SE,Ohio State,,,,USA,USA
AJB,2014,101,1,3741,William,,Friedman,William Friedman,AE,SE,Harvard,,,,USA,USA
AJB,2014,101,1,3069,R,,Geeta,R Geeta,AE,SE,U Delhi,,,,India,IND
AJB,2014,101,1,3342,Sean,,Graham,Sean Graham,AE,SE,U British Colombia,,,,Canada,CAN
AJB,2014,101,1,478,Chris,,Haufler,Chris Haufler,AE,SE,U Kansas,,,,Usa,USA
AJB,2014,101,1,294,Boris,,Igic,Boris Igic,AE,SE,U Illinois,,,,USA,USA
AJB,2014,101,1,982,Erin,,Irish,Erin Irish,AE,SE,U Iowa,,,,USA,USA
AJB,2014,101,1,1656,Judy,,Jernsteidt,Judy Jernsteidt,EIC,EIC,U California Davis,,,,USA,USA
AJB,2014,101,1,3858,Cynthia,,Jones,Cynthia Jones,AE,SE,U Connecticut,,,,USA,USA
AJB,2014,101,1,2847,Paul,,Kenrick,Paul Kenrick,AE,SE,,,,,UK,GBR
AJB,2014,101,1,3379,Susan,,Kephart,Susan Kephart,AE,SE,Willamette U,,,,USA,USA
AJB,2014,101,1,1671,John,,Kiss,John Kiss,AE,SE,Miami U,,,,USA,USA
AJB,2014,101,1,750,Deborah,,Kohn,Deborah Kohn,AE,SE,,,,,UK,GBR
AJB,2014,101,1,2034,Karen,,Koster,Karen Koster,AE,SE,U South Dakota,,,,USA,USA
AJB,2014,101,1,1694,Jane,,Langdale,Jane Langdale,AE,SE,,,,,UK,GBR
AJB,2014,101,1,759,Donald,,Les,Donald Les,AE,SE,U Connecticut,,,,USA,USA
AJB,2014,101,1,2195,Louise,,Lewis,Louise Lewis,AE,SE,U Connecticut,,,,USA,USA
AJB,2014,101,1,136,Aaron,,Liston,Aaron Liston,AE,SE,Oregon State,,,,USA,USA
AJB,2014,101,1,3925,Noland,,Martin,Noland Martin,AE,SE,Texas State,,,,USA,USA
AJB,2014,101,1,320,Bruce,,McCune,Bruce McCune,AE,SE,Oregon State,,,,USA,USA
AJB,2014,101,1,1792,Jeffrey,,Osborn,Jeffrey Osborn,AE,SE,College of New Jersey,,,,USA,USA
AJB,2014,101,1,827,Dan,,Potter,Dan Potter,AE,SE,U California Davis,,,,USA,USA
AJB,2014,101,1,3196,Robert,,Pratt,Robert Pratt,AE,SE,Cal State Bakersfield,,,,USA,USA
AJB,2014,101,1,1254,Gar,,Rothwell,Gar Rothwell,AE,SE,Ohio ,,,,USA,USA
AJB,2014,101,1,3457,Scott,,Russell,Scott Russell,AE ,SE,U Oklahoma,,,,USA,USA
AJB,2014,101,1,2237,Lawren,,Sack,Lawren Sack,AE,SE,U California Los Angeles,,,,USA,USA
AJB,2014,101,1,191,Andrew,,Schnabel,Andrew Schnabel,AE,SE,Indiana U,,,,USA,USA
AJB,2014,101,1,2563,Mark,,Simmons,Mark Simmons,AE,SE,Colorado State,,,,USA,USA
AJB,2014,101,1,871,Doug,,Soltis,Doug Soltis,AE,SE,U Florida,,,,USA,USA
AJB,2014,101,1,874,David,,Spooner,David Spooner,AE,SE,U Wisconsin,,,,USA,USA
AJB,2014,101,1,3807,William,,Stein,William Stein,AE,SE,SUNY,,,,USA,USA
AJB,2014,101,1,2097,Kristina,,Stinson,Kristina Stinson,AE,SE,U Massachusetts,,,,USA,USA
AJB,2014,101,1,367,Bruce,,Tiffney,Bruce Tiffney,AE,SE,U California Santa Barbara,,,,USA,USA
AJB,2014,101,1,590,Christina,,Walters,Christina Walters,AE,SE,USDA,,,,USA,USA
AJB,2014,101,1,2600,Maxine,,Watson,Maxine Watson,AE,SE,Indiana U,,,,USA,USA
AJB,2014,101,1,3499,Stephen,,Weller,Stephen Weller,AE,SE,U California Irvine,,,,USA,USA
AJB,2014,101,1,1957,Joseph,,Williams,Joseph Williams,AE,SE,U Tennessee,,,,USA,USA
AJB,2014,101,1,3507,Sarah,,Wyatt,Sarah Wyatt,AE,SE,Ohio u,,,,USA,USA
AJB,2014,101,1,380,Beata,,Zagorska-Marek,Beata Zagorska-Marek,AE,SE,Wrcoclaw U,,,,Poland,POL