JOURNAL,YEAR,VOLUME,ISSUE,editor_id,FIRST_NAME,MIDDLE_NAME,LAST_NAME,NAME,TITLE.x,CATEGORY,INST,UNIT,CITY,STATE,COUNTRY,geo.code
BIOCON,1985,31,1,1057,F,,BOURLIERE,F BOURLIERE,EB,SE,,,,,France,FRA
BIOCON,1985,31,1,1157,G,,BUDOWSKI,G BUDOWSKI,EB,SE,,,,,Costa Rica,CRI
BIOCON,1985,31,1,32,A,,CARR,A CARR,EB,SE,,,,,USA,USA
BIOCON,1985,31,1,34,AW,Fabio,Cassola,AW Fabio Cassola,EB,SE,,,,,Italy,ITA
BIOCON,1985,31,1,2333,M,J,COE,M J COE,EB,SE,,,,,UK,GBR
BIOCON,1985,31,1,1525,JB,,CRAGG,JB CRAGG,EB,SE,,,,,Canada,CAN
BIOCON,1985,31,1,1294,H,,CRUSZ,H CRUSZ,EB,SE,,,,,Sri Lanka,LKA
BIOCON,1985,31,1,1540,JC,,DeM-Carvalho,JC DeM-Carvalho,EB,SE,,,,,Brazil,BRA
BIOCON,1985,31,1,2346,Manuel,G,DeViedma,Manuel G DeViedma,EB,SE,,,,,Spain,ESP
BIOCON,1985,31,1,56,A,,DeVos,A DeVos,EB,SE,,,,,New Zealand,NZL
BIOCON,1985,31,1,3734,WH,,DRURY,WH DRURY,EB,SE,,,,,USA,USA
BIOCON,1985,31,1,958,Eric,,Duffey,Eric Duffey,EIC,EIC,,,,,UK,GBR
BIOCON,1985,31,1,3738,W,,ERZ,W ERZ,EB,SE,,,,,Germany,DEU
BIOCON,1985,31,1,1595,JOHN,A,GIBB,JOHN A GIBB,EB,SE,,,,,New Zealand,NZL
BIOCON,1985,31,1,1071,F,B,Goldsmith,F B Goldsmith,EB,SE,,,,,UK,GBR
BIOCON,1985,31,1,2164,Lennart,,Hansson,Lennart Hansson,EB,SE,,,,,Sweden,SWE
BIOCON,1985,31,1,2173,L,,HOFFMANN,L HOFFMANN,EB,SE,,,,,France,FRA
BIOCON,1985,31,1,2722,OSAMU,,IKENOUYE,OSAMU IKENOUYE,EB,SE,,,,,Japan,JPN
BIOCON,1985,31,1,753,DJ,,KUENEN,DJ KUENEN,EB,SE,,,,,Netherlands,NLD
BIOCON,1985,31,1,2050,K,,MELLANBY,K MELLANBY,EB,SE,,,,,UK,GBR
BIOCON,1985,31,1,3607,TH,,MONOD,TH MONOD,EB,SE,,,,,France,FRA
BIOCON,1985,31,1,333,B,,NIEVERGELT,B NIEVERGELT,EB,SE,,,,,Switzerland,CHE
BIOCON,1985,31,1,1796,JD,,OVINGTON,JD OVINGTON,EB,SE,,,,,Australia,AUS
BIOCON,1985,31,1,1810,JFV,,PHILLIPS,JFV PHILLIPS,EB,SE,,,,,South Africa,ZAF
BIOCON,1985,31,1,2914,Peter,,Scott,Peter Scott,EB,SE,,,,,UK,GBR
BIOCON,1985,31,1,2242,LK,,SHAPOSHNIKOV,LK SHAPOSHNIKOV,EB,SE,,,,,USSR,RUS
BIOCON,1985,31,1,2248,L,M,TALBOT,L M TALBOT,EB,SE,,,,,Switzerland,CHE
BIOCON,1985,31,1,3705,V,,WESTHOFF,V WESTHOFF,EB,SE,,,,,Netherlands,NLD
BIOCON,1986,35,1,1057,F,,BOURLIERE,F BOURLIERE,EB,SE,,,,,France,FRA
BIOCON,1986,35,1,1157,G,,BUDOWSKI,G BUDOWSKI,EB,SE,,,,,Costa Rica,CRI
BIOCON,1986,35,1,32,A,,CARR,A CARR,EB,SE,,,,,USA,USA
BIOCON,1986,35,1,34,AW,Fabio,Cassola,AW Fabio Cassola,EB,SE,,,,,Italy,ITA
BIOCON,1986,35,1,2333,M,J,COE,M J COE,EB,SE,,,,,UK,GBR
BIOCON,1986,35,1,1525,JB,,CRAGG,JB CRAGG,EB,SE,,,,,Canada,CAN
BIOCON,1986,35,1,1294,H,,CRUSZ,H CRUSZ,EB,SE,,,,,Sri Lanka,LKA
BIOCON,1986,35,1,1540,JC,,DeM-Carvalho,JC DeM-Carvalho,EB,SE,,,,,Brazil,BRA
BIOCON,1986,35,1,2346,Manuel,G,DeViedma,Manuel G DeViedma,EB,SE,,,,,Spain,ESP
BIOCON,1986,35,1,56,A,,DeVos,A DeVos,EB,SE,,,,,New Zealand,NZL
BIOCON,1986,35,1,3734,WH,,DRURY,WH DRURY,EB,SE,,,,,USA,USA
BIOCON,1986,35,1,958,Eric,,Duffey,Eric Duffey,EIC,EIC,,,,,UK,GBR
BIOCON,1986,35,1,3738,W,,ERZ,W ERZ,EB,SE,,,,,Germany,DEU
BIOCON,1986,35,1,1595,JOHN,A,GIBB,JOHN A GIBB,EB,SE,,,,,New Zealand,NZL
BIOCON,1986,35,1,1071,F,B,Goldsmith,F B Goldsmith,EB,SE,,,,,UK,GBR
BIOCON,1986,35,1,2164,Lennart,,Hansson,Lennart Hansson,EB,SE,,,,,Sweden,SWE
BIOCON,1986,35,1,2173,L,,HOFFMANN,L HOFFMANN,EB,SE,,,,,France,FRA
BIOCON,1986,35,1,2722,OSAMU,,IKENOUYE,OSAMU IKENOUYE,EB,SE,,,,,Japan,JPN
BIOCON,1986,35,1,753,DJ,,KUENEN,DJ KUENEN,EB,SE,,,,,Netherlands,NLD
BIOCON,1986,35,1,2050,K,,MELLANBY,K MELLANBY,EB,SE,,,,,UK,GBR
BIOCON,1986,35,1,3607,TH,,MONOD,TH MONOD,EB,SE,,,,,France,FRA
BIOCON,1986,35,1,333,B,,NIEVERGELT,B NIEVERGELT,EB,SE,,,,,Switzerland,CHE
BIOCON,1986,35,1,1796,JD,,OVINGTON,JD OVINGTON,EB,SE,,,,,Australia,AUS
BIOCON,1986,35,1,1810,JFV,,PHILLIPS,JFV PHILLIPS,EB,SE,,,,,South Africa,ZAF
BIOCON,1986,35,1,2914,Peter,,Scott,Peter Scott,EB,SE,,,,,UK,GBR
BIOCON,1986,35,1,2242,LK,,SHAPOSHNIKOV,LK SHAPOSHNIKOV,EB,SE,,,,,USSR,RUS
BIOCON,1986,35,1,3705,V,,WESTHOFF,V WESTHOFF,EB,SE,,,,,Netherlands,NLD
BIOCON,1987,39,1,34,AW,Fabio,Cassola,AW Fabio Cassola,EB,SE,,,,,Italy,ITA
BIOCON,1987,39,1,3832,YONG-LIN,,CHEN,YONG-LIN CHEN,EB,SE,,,,,China,CHN
BIOCON,1987,39,1,2333,M,J,COE,M J COE,EB,SE,,,,,UK,GBR
BIOCON,1987,39,1,1294,H,,CRUSZ,H CRUSZ,EB,SE,,,,,Sri Lanka,LKA
BIOCON,1987,39,1,2346,Manuel,G,DeViedma,Manuel G DeViedma,EB,SE,,,,,Spain,ESP
BIOCON,1987,39,1,3734,WH,,DRURY,WH DRURY,EB,SE,,,,,USA,USA
BIOCON,1987,39,1,958,Eric,,Duffey,Eric Duffey,EIC,EIC,,,,,UK,GBR
BIOCON,1987,39,1,3738,W,,ERZ,W ERZ,EB,SE,,,,,Germany,DEU
BIOCON,1987,39,1,1595,JOHN,A,GIBB,JOHN A GIBB,EB,SE,,,,,New Zealand,NZL
BIOCON,1987,39,1,1071,F,B,Goldsmith,F B Goldsmith,EB,SE,,,,,UK,GBR
BIOCON,1987,39,1,2164,Lennart,,Hansson,Lennart Hansson,EB,SE,,,,,Sweden,SWE
BIOCON,1987,39,1,1626,J,,HARWOOD,J HARWOOD,EB,SE,,,,,UK,GBR
BIOCON,1987,39,1,2050,K,,MELLANBY,K MELLANBY,EB,SE,,,,,UK,GBR
BIOCON,1987,39,1,1765,JD,,MIDDLETON,JD MIDDLETON,EB,SE,,,,,Canada,CAN
BIOCON,1987,39,1,2672,NC,,MORGAN,NC MORGAN,EB,SE,,,,,UK,GBR
BIOCON,1987,39,1,3614,Tim,R,New,Tim R New,EB,SE,,,,,Australia,AUS
BIOCON,1987,39,1,333,B,,NIEVERGELT,B NIEVERGELT,EB,SE,,,,,Switzerland,CHE
BIOCON,1987,39,1,3840,Y,,ONO,Y ONO,EB,SE,,,,,Japan,JPN
BIOCON,1987,39,1,1121,F,,RAMADE,F RAMADE,EB,SE,,,,,France,FRA
BIOCON,1987,39,1,566,CM,,SCHONEWALD,CM SCHONEWALD,EB,SE,,,,,USA,USA
BIOCON,1987,39,1,3798,WR,,SIEGFRIED,WR SIEGFRIED,EB,SE,,,,,South Africa,ZAF
BIOCON,1987,39,1,3705,V,,WESTHOFF,V WESTHOFF,EB,SE,,,,,Netherlands,NLD
BIOCON,1987,39,1,3658,T,C,Whitmore,T C Whitmore,EB,SE,,,,,UK,GBR
BIOCON,1988,43,1,34,AW,Fabio,Cassola,AW Fabio Cassola,EB,SE,,,,,Italy,ITA
BIOCON,1988,43,1,3832,YONG-LIN,,CHEN,YONG-LIN CHEN,EB,SE,,,,,China,CHN
BIOCON,1988,43,1,2333,M,J,COE,M J COE,EB,SE,,,,,UK,GBR
BIOCON,1988,43,1,1294,H,,CRUSZ,H CRUSZ,EB,SE,,,,,Sri Lanka,LKA
BIOCON,1988,43,1,2346,Manuel,G,DeViedma,Manuel G DeViedma,EB,SE,,,,,Spain,ESP
BIOCON,1988,43,1,3734,WH,,DRURY,WH DRURY,EB,SE,,,,,USA,USA
BIOCON,1988,43,1,958,Eric,,Duffey,Eric Duffey,EIC,EIC,,,,,UK,GBR
BIOCON,1988,43,1,3738,W,,ERZ,W ERZ,EB,SE,,,,,Germany,DEU
BIOCON,1988,43,1,1595,JOHN,A,GIBB,JOHN A GIBB,EB,SE,,,,,New Zealand,NZL
BIOCON,1988,43,1,1071,F,B,Goldsmith,F B Goldsmith,EB,SE,,,,,UK,GBR
BIOCON,1988,43,1,2164,Lennart,,Hansson,Lennart Hansson,EB,SE,,,,,Sweden,SWE
BIOCON,1988,43,1,1626,J,,HARWOOD,J HARWOOD,EB,SE,,,,,UK,GBR
BIOCON,1988,43,1,2050,K,,MELLANBY,K MELLANBY,EB,SE,,,,,UK,GBR
BIOCON,1988,43,1,1765,JD,,MIDDLETON,JD MIDDLETON,EB,SE,,,,,Canada,CAN
BIOCON,1988,43,1,2672,NC,,MORGAN,NC MORGAN,EB,SE,,,,,UK,GBR
BIOCON,1988,43,1,3614,Tim,R,New,Tim R New,EB,SE,,,,,Australia,AUS
BIOCON,1988,43,1,333,B,,NIEVERGELT,B NIEVERGELT,EB,SE,,,,,Switzerland,CHE
BIOCON,1988,43,1,3840,Y,,ONO,Y ONO,EB,SE,,,,,Japan,JPN
BIOCON,1988,43,1,1121,F,,RAMADE,F RAMADE,EB,SE,,,,,France,FRA
BIOCON,1988,43,1,566,CM,,SCHONEWALD,CM SCHONEWALD,EB,SE,,,,,USA,USA
BIOCON,1988,43,1,3798,WR,,SIEGFRIED,WR SIEGFRIED,EB,SE,,,,,South Africa,ZAF
BIOCON,1988,43,1,3705,V,,WESTHOFF,V WESTHOFF,EB,SE,,,,,Netherlands,NLD
BIOCON,1988,43,1,3658,T,C,Whitmore,T C Whitmore,EB,SE,,,,,UK,GBR
BIOCON,1989,47,1,34,AW,Fabio,Cassola,AW Fabio Cassola,EB,SE,,,,,Italy,ITA
BIOCON,1989,47,1,3832,YONG-LIN,,CHEN,YONG-LIN CHEN,EB,SE,,,,,China,CHN
BIOCON,1989,47,1,2333,M,J,COE,M J COE,EB,SE,,,,,UK,GBR
BIOCON,1989,47,1,1294,H,,CRUSZ,H CRUSZ,EB,SE,,,,,Sri Lanka,LKA
BIOCON,1989,47,1,958,Eric,,Duffey,Eric Duffey,EIC,EIC,,,,,UK,GBR
BIOCON,1989,47,1,3738,W,,ERZ,W ERZ,EB,SE,,,,,Germany,DEU
BIOCON,1989,47,1,1595,JOHN,A,GIBB,JOHN A GIBB,EB,SE,,,,,New Zealand,NZL
BIOCON,1989,47,1,2164,Lennart,,Hansson,Lennart Hansson,EB,SE,,,,,Sweden,SWE
BIOCON,1989,47,1,1626,J,,HARWOOD,J HARWOOD,EB,SE,,,,,UK,GBR
BIOCON,1989,47,1,2050,K,,MELLANBY,K MELLANBY,EB,SE,,,,,UK,GBR
BIOCON,1989,47,1,1765,JD,,MIDDLETON,JD MIDDLETON,EB,SE,,,,,Canada,CAN
BIOCON,1989,47,1,2672,NC,,MORGAN,NC MORGAN,EB,SE,,,,,UK,GBR
BIOCON,1989,47,1,3614,Tim,R,New,Tim R New,EB,SE,,,,,Australia,AUS
BIOCON,1989,47,1,333,B,,NIEVERGELT,B NIEVERGELT,EB,SE,,,,,Switzerland,CHE
BIOCON,1989,47,1,3840,Y,,ONO,Y ONO,EB,SE,,,,,Japan,JPN
BIOCON,1989,47,1,1121,F,,RAMADE,F RAMADE,EB,SE,,,,,France,FRA
BIOCON,1989,47,1,566,CM,,SCHONEWALD,CM SCHONEWALD,AE,AE,,,,,USA,USA
BIOCON,1989,47,1,3798,WR,,SIEGFRIED,WR SIEGFRIED,EB,SE,,,,,South Africa,ZAF
BIOCON,1989,47,1,3658,T,C,Whitmore,T C Whitmore,EB,SE,,,,,UK,GBR
BIOCON,1989,47,1,3822,WJ,,WOLFF,WJ WOLFF,EB,SE,,,,,Netherlands,NLD
BIOCON,1990,51,1,1054,F,G,Bernaldez,F G Bernaldez,EB,SE,,,,,Spain,ESP
BIOCON,1990,51,1,398,C,,BIBBY,C BIBBY,EB,SE,,,,,UK,GBR
BIOCON,1990,51,1,34,AW,Fabio,Cassola,AW Fabio Cassola,EB,SE,,,,,Italy,ITA
BIOCON,1990,51,1,3832,YONG-LIN,,CHEN,YONG-LIN CHEN,EB,SE,,,,,China,CHN
BIOCON,1990,51,1,2333,M,J,COE,M J COE,EB,SE,,,,,UK,GBR
BIOCON,1990,51,1,958,Eric,,Duffey,Eric Duffey,EIC,EIC,,,,,UK,GBR
BIOCON,1990,51,1,3738,W,,ERZ,W ERZ,EB,SE,,,,,Germany,DEU
BIOCON,1990,51,1,1595,JOHN,A,GIBB,JOHN A GIBB,EB,SE,,,,,New Zealand,NZL
BIOCON,1990,51,1,2164,Lennart,,Hansson,Lennart Hansson,EB,SE,,,,,Sweden,SWE
BIOCON,1990,51,1,1626,J,,HARWOOD,J HARWOOD,EB,SE,,,,,UK,GBR
BIOCON,1990,51,1,2473,MARTIN,K,MCNICHOLL,MARTIN K MCNICHOLL,EB,SE,,,,,Canada,CAN
BIOCON,1990,51,1,2050,K,,MELLANBY,K MELLANBY,EB,SE,,,,,UK,GBR
BIOCON,1990,51,1,2672,NC,,MORGAN,NC MORGAN,EB,SE,,,,,UK,GBR
BIOCON,1990,51,1,2875,PETER,B,MOYLE,PETER B MOYLE,EB,SE,,,,,USA,USA
BIOCON,1990,51,1,3614,Tim,R,New,Tim R New,EB,SE,,,,,Australia,AUS
BIOCON,1990,51,1,333,B,,NIEVERGELT,B NIEVERGELT,EB,SE,,,,,Switzerland,CHE
BIOCON,1990,51,1,3840,Y,,ONO,Y ONO,EB,SE,,,,,Japan,JPN
BIOCON,1990,51,1,1121,F,,RAMADE,F RAMADE,EB,SE,,,,,France,FRA
BIOCON,1990,51,1,566,CM,,SCHONEWALD,CM SCHONEWALD,AE,AE,,,,,USA,USA
BIOCON,1990,51,1,3798,WR,,SIEGFRIED,WR SIEGFRIED,EB,SE,,,,,South Africa,ZAF
BIOCON,1990,51,1,3658,T,C,Whitmore,T C Whitmore,EB,SE,,,,,UK,GBR
BIOCON,1990,51,1,3822,WJ,,WOLFF,WJ WOLFF,EB,SE,,,,,Netherlands,NLD
BIOCON,1991,55,1,1054,F,G,Bernaldez,F G Bernaldez,EB,SE,,,,,Spain,ESP
BIOCON,1991,55,1,398,C,,BIBBY,C BIBBY,EB,SE,,,,,UK,GBR
BIOCON,1991,55,1,34,AW,Fabio,Cassola,AW Fabio Cassola,EB,SE,,,,,Italy,ITA
BIOCON,1991,55,1,3832,YONG-LIN,,CHEN,YONG-LIN CHEN,EB,SE,,,,,China,CHN
BIOCON,1991,55,1,2333,M,J,COE,M J COE,EB,SE,,,,,UK,GBR
BIOCON,1991,55,1,260,B,NK,Davis,B NK Davis,AE,AE,,,,,UK,GBR
BIOCON,1991,55,1,958,Eric,,Duffey,Eric Duffey,EIC,EIC,,,,,UK,GBR
BIOCON,1991,55,1,3738,W,,ERZ,W ERZ,EB,SE,,,,,Germany,DEU
BIOCON,1991,55,1,1595,JOHN,A,GIBB,JOHN A GIBB,EB,SE,,,,,New Zealand,NZL
BIOCON,1991,55,1,2164,Lennart,,Hansson,Lennart Hansson,EB,SE,,,,,Sweden,SWE
BIOCON,1991,55,1,1626,J,,HARWOOD,J HARWOOD,EB,SE,,,,,UK,GBR
BIOCON,1991,55,1,2473,MARTIN,K,MCNICHOLL,MARTIN K MCNICHOLL,EB,SE,,,,,Canada,CAN
BIOCON,1991,55,1,2050,K,,MELLANBY,K MELLANBY,EB,SE,,,,,UK,GBR
BIOCON,1991,55,1,793,DJ,,MORAFKA,DJ MORAFKA,EB,SE,,,,,USA,USA
BIOCON,1991,55,1,2672,NC,,MORGAN,NC MORGAN,EB,SE,,,,,UK,GBR
BIOCON,1991,55,1,2875,PETER,B,MOYLE,PETER B MOYLE,EB,SE,,,,,USA,USA
BIOCON,1991,55,1,3614,Tim,R,New,Tim R New,EB,SE,,,,,Australia,AUS
BIOCON,1991,55,1,333,B,,NIEVERGELT,B NIEVERGELT,EB,SE,,,,,Switzerland,CHE
BIOCON,1991,55,1,3840,Y,,ONO,Y ONO,EB,SE,,,,,Japan,JPN
BIOCON,1991,55,1,1121,F,,RAMADE,F RAMADE,EB,SE,,,,,France,FRA
BIOCON,1991,55,1,566,CM,,SCHONEWALD,CM SCHONEWALD,AE,AE,,,,,USA,USA
BIOCON,1991,55,1,3798,WR,,SIEGFRIED,WR SIEGFRIED,EB,SE,,,,,South Africa,ZAF
BIOCON,1991,55,1,3658,T,C,Whitmore,T C Whitmore,EB,SE,,,,,UK,GBR
BIOCON,1991,55,1,3822,WJ,,WOLFF,WJ WOLFF,EB,SE,,,,,Netherlands,NLD
BIOCON,1992,59,1,1054,F,G,Bernaldez,F G Bernaldez,EB,SE,,,,,Spain,ESP
BIOCON,1992,59,1,398,C,,BIBBY,C BIBBY,EB,SE,,,,,UK,GBR
BIOCON,1992,59,1,34,AW,Fabio,Cassola,AW Fabio Cassola,EB,SE,,,,,Italy,ITA
BIOCON,1992,59,1,3832,YONG-LIN,,CHEN,YONG-LIN CHEN,EB,SE,,,,,China,CHN
BIOCON,1992,59,1,2333,M,J,COE,M J COE,EB,SE,,,,,UK,GBR
BIOCON,1992,59,1,260,B,NK,Davis,B NK Davis,AE,AE,,,,,UK,GBR
BIOCON,1992,59,1,958,Eric,,Duffey,Eric Duffey,EIC,EIC,,,,,UK,GBR
BIOCON,1992,59,1,3738,W,,ERZ,W ERZ,EB,SE,,,,,Germany,DEU
BIOCON,1992,59,1,1595,JOHN,A,GIBB,JOHN A GIBB,EB,SE,,,,,New Zealand,NZL
BIOCON,1992,59,1,2164,Lennart,,Hansson,Lennart Hansson,EB,SE,,,,,Sweden,SWE
BIOCON,1992,59,1,1626,J,,HARWOOD,J HARWOOD,EB,SE,,,,,UK,GBR
BIOCON,1992,59,1,2473,MARTIN,K,MCNICHOLL,MARTIN K MCNICHOLL,EB,SE,,,,,Canada,CAN
BIOCON,1992,59,1,2050,K,,MELLANBY,K MELLANBY,EB,SE,,,,,UK,GBR
BIOCON,1992,59,1,793,DJ,,MORAFKA,DJ MORAFKA,EB,SE,,,,,USA,USA
BIOCON,1992,59,1,2875,PETER,B,MOYLE,PETER B MOYLE,EB,SE,,,,,USA,USA
BIOCON,1992,59,1,3614,Tim,R,New,Tim R New,EB,SE,,,,,Australia,AUS
BIOCON,1992,59,1,333,B,,NIEVERGELT,B NIEVERGELT,EB,SE,,,,,Switzerland,CHE
BIOCON,1992,59,1,3840,Y,,ONO,Y ONO,EB,SE,,,,,Japan,JPN
BIOCON,1992,59,1,1121,F,,RAMADE,F RAMADE,EB,SE,,,,,France,FRA
BIOCON,1992,59,1,566,CM,,SCHONEWALD,CM SCHONEWALD,AE,AE,,,,,USA,USA
BIOCON,1992,59,1,3798,WR,,SIEGFRIED,WR SIEGFRIED,EB,SE,,,,,South Africa,ZAF
BIOCON,1992,59,1,3658,T,C,Whitmore,T C Whitmore,EB,SE,,,,,UK,GBR
BIOCON,1992,59,1,3822,WJ,,WOLFF,WJ WOLFF,EB,SE,,,,,Netherlands,NLD
BIOCON,1993,64,1,398,C,,BIBBY,C BIBBY,EB,SE,,,,,UK,GBR
BIOCON,1993,64,1,2774,PA,,BUCKLEY,PA BUCKLEY,EB,SE,,,,,USA,USA
BIOCON,1993,64,1,34,AW,Fabio,Cassola,AW Fabio Cassola,EB,SE,,,,,Italy,ITA
BIOCON,1993,64,1,3832,YONG-LIN,,CHEN,YONG-LIN CHEN,EB,SE,,,,,China,CHN
BIOCON,1993,64,1,2333,M,J,COE,M J COE,EB,SE,,,,,UK,GBR
BIOCON,1993,64,1,260,B,NK,Davis,B NK Davis,SE,SE,,,,,UK,GBR
BIOCON,1993,64,1,958,Eric,,Duffey,Eric Duffey,EIC,EIC,,,,,UK,GBR
BIOCON,1993,64,1,3738,W,,ERZ,W ERZ,EB,SE,,,,,Germany,DEU
BIOCON,1993,64,1,2806,P,,FIELDER,P FIELDER,AE,AE,,,,,USA,USA
BIOCON,1993,64,1,1595,JOHN,A,GIBB,JOHN A GIBB,EB,SE,,,,,New Zealand,NZL
BIOCON,1993,64,1,2164,Lennart,,Hansson,Lennart Hansson,EB,SE,,,,,Sweden,SWE
BIOCON,1993,64,1,1626,J,,HARWOOD,J HARWOOD,EB,SE,,,,,UK,GBR
BIOCON,1993,64,1,2199,LYNN,A,MAGUIRE,LYNN A MAGUIRE,EB,SE,,,,,USA,USA
BIOCON,1993,64,1,2473,MARTIN,K,MCNICHOLL,MARTIN K MCNICHOLL,EB,SE,,,,,Canada,CAN
BIOCON,1993,64,1,2672,NC,,MORGAN,NC MORGAN,EB,SE,,,,,UK,GBR
BIOCON,1993,64,1,2875,PETER,B,MOYLE,PETER B MOYLE,EB,SE,,,,,USA,USA
BIOCON,1993,64,1,3614,Tim,R,New,Tim R New,SE,SE,,,,,Australia,AUS
BIOCON,1993,64,1,333,B,,NIEVERGELT,B NIEVERGELT,EB,SE,,,,,Switzerland,CHE
BIOCON,1993,64,1,1121,F,,RAMADE,F RAMADE,EB,SE,,,,,France,FRA
BIOCON,1993,64,1,566,CM,,SCHONEWALD,CM SCHONEWALD,SE,SE,,,,,USA,USA
BIOCON,1993,64,1,1862,JOHN,,SEIDENSTZICKER,JOHN SEIDENSTZICKER,EB,SE,,,,,USA,USA
BIOCON,1993,64,1,3798,WR,,SIEGFRIED,WR SIEGFRIED,EB,SE,,,,,South Africa,ZAF
BIOCON,1993,64,1,2093,K,SHAWN,SMALLWOOD,K SHAWN SMALLWOOD,EB,SE,,,,,USA,USA
BIOCON,1993,64,1,3658,T,C,Whitmore,T C Whitmore,EB,SE,,,,,UK,GBR
BIOCON,1993,64,1,3822,WJ,,WOLFF,WJ WOLFF,EB,SE,,,,,Netherlands,NLD
BIOCON,1993,64,1,3255,R,Gerald,Wright,R Gerald Wright,EB,SE,,,,,USA,USA
BIOCON,1994,67,1,398,C,,BIBBY,C BIBBY,EB,SE,,,,,UK,GBR
BIOCON,1994,67,1,2774,PA,,BUCKLEY,PA BUCKLEY,EB,SE,,,,,USA,USA
BIOCON,1994,67,1,34,AW,Fabio,Cassola,AW Fabio Cassola,EB,SE,,,,,Italy,ITA
BIOCON,1994,67,1,3832,YONG-LIN,,CHEN,YONG-LIN CHEN,EB,SE,,,,,China,CHN
BIOCON,1994,67,1,2333,M,J,COE,M J COE,EB,SE,,,,,UK,GBR
BIOCON,1994,67,1,260,B,NK,Davis,B NK Davis,SE,SE,,,,,UK,GBR
BIOCON,1994,67,1,958,Eric,,Duffey,Eric Duffey,EIC,EIC,,,,,UK,GBR
BIOCON,1994,67,1,2806,P,,FIELDER,P FIELDER,AE,AE,,,,,USA,USA
BIOCON,1994,67,1,1595,JOHN,A,GIBB,JOHN A GIBB,EB,SE,,,,,New Zealand,NZL
BIOCON,1994,67,1,462,C,,GOMEZ-CAMPO,C GOMEZ-CAMPO,EB,SE,,,,,Spain,ESP
BIOCON,1994,67,1,2164,Lennart,,Hansson,Lennart Hansson,EB,SE,,,,,Sweden,SWE
BIOCON,1994,67,1,1626,J,,HARWOOD,J HARWOOD,EB,SE,,,,,UK,GBR
BIOCON,1994,67,1,489,C,,JERMY,C JERMY,EB,SE,,,,,USA,USA
BIOCON,1994,67,1,2199,LYNN,A,MAGUIRE,LYNN A MAGUIRE,EB,SE,,,,,USA,USA
BIOCON,1994,67,1,2672,NC,,MORGAN,NC MORGAN,EB,SE,,,,,UK,GBR
BIOCON,1994,67,1,2875,PETER,B,MOYLE,PETER B MOYLE,EB,SE,,,,,USA,USA
BIOCON,1994,67,1,3614,Tim,R,New,Tim R New,SE,SE,,,,,Australia,AUS
BIOCON,1994,67,1,333,B,,NIEVERGELT,B NIEVERGELT,EB,SE,,,,,Switzerland,CHE
BIOCON,1994,67,1,1121,F,,RAMADE,F RAMADE,EB,SE,,,,,France,FRA
BIOCON,1994,67,1,566,CM,,SCHONEWALD,CM SCHONEWALD,SE,SE,,,,,USA,USA
BIOCON,1994,67,1,1862,JOHN,,SEIDENSTZICKER,JOHN SEIDENSTZICKER,EB,SE,,,,,USA,USA
BIOCON,1994,67,1,3798,WR,,SIEGFRIED,WR SIEGFRIED,EB,SE,,,,,South Africa,ZAF
BIOCON,1994,67,1,2093,K,SHAWN,SMALLWOOD,K SHAWN SMALLWOOD,EB,SE,,,,,USA,USA
BIOCON,1994,67,1,3658,T,C,Whitmore,T C Whitmore,EB,SE,,,,,UK,GBR
BIOCON,1994,67,1,3822,WJ,,WOLFF,WJ WOLFF,EB,SE,,,,,Netherlands,NLD
BIOCON,1994,67,1,3255,R,Gerald,Wright,R Gerald Wright,EB,SE,,,,,USA,USA
BIOCON,1995,71,1,398,C,,BIBBY,C BIBBY,EB,SE,,,,,UK,GBR
BIOCON,1995,71,1,2774,PA,,BUCKLEY,PA BUCKLEY,EB,SE,,,,,USA,USA
BIOCON,1995,71,1,34,AW,Fabio,Cassola,AW Fabio Cassola,EB,SE,,,,,Italy,ITA
BIOCON,1995,71,1,3832,YONG-LIN,,CHEN,YONG-LIN CHEN,EB,SE,,,,,China,CHN
BIOCON,1995,71,1,2333,M,J,COE,M J COE,EB,SE,,,,,UK,GBR
BIOCON,1995,71,1,260,B,NK,Davis,B NK Davis,SE,SE,,,,,UK,GBR
BIOCON,1995,71,1,958,Eric,,Duffey,Eric Duffey,EIC,EIC,,,,,UK,GBR
BIOCON,1995,71,1,2806,P,,FIELDER,P FIELDER,EB,SE,,,,,USA,USA
BIOCON,1995,71,1,1595,JOHN,A,GIBB,JOHN A GIBB,EB,SE,,,,,New Zealand,NZL
BIOCON,1995,71,1,462,C,,GOMEZ-CAMPO,C GOMEZ-CAMPO,EB,SE,,,,,Spain,ESP
BIOCON,1995,71,1,2164,Lennart,,Hansson,Lennart Hansson,EB,SE,,,,,Sweden,SWE
BIOCON,1995,71,1,1626,J,,HARWOOD,J HARWOOD,EB,SE,,,,,UK,GBR
BIOCON,1995,71,1,2830,PAR,,HOCKEY,PAR HOCKEY,EB,SE,,,,,South Africa,ZAF
BIOCON,1995,71,1,489,C,,JERMY,C JERMY,EB,SE,,,,,USA,USA
BIOCON,1995,71,1,2199,LYNN,A,MAGUIRE,LYNN A MAGUIRE,EB,SE,,,,,USA,USA
BIOCON,1995,71,1,2672,NC,,MORGAN,NC MORGAN,EB,SE,,,,,UK,GBR
BIOCON,1995,71,1,2875,PETER,B,MOYLE,PETER B MOYLE,EB,SE,,,,,USA,USA
BIOCON,1995,71,1,3614,Tim,R,New,Tim R New,SE,SE,,,,,Australia,AUS
BIOCON,1995,71,1,333,B,,NIEVERGELT,B NIEVERGELT,EB,SE,,,,,Switzerland,CHE
BIOCON,1995,71,1,1121,F,,RAMADE,F RAMADE,EB,SE,,,,,France,FRA
BIOCON,1995,71,1,566,CM,,SCHONEWALD,CM SCHONEWALD,SE,SE,,,,,USA,USA
BIOCON,1995,71,1,1862,JOHN,,SEIDENSTZICKER,JOHN SEIDENSTZICKER,EB,SE,,,,,USA,USA
BIOCON,1995,71,1,3798,WR,,SIEGFRIED,WR SIEGFRIED,EB,SE,,,,,South Africa,ZAF
BIOCON,1995,71,1,2093,K,SHAWN,SMALLWOOD,K SHAWN SMALLWOOD,EB,SE,,,,,USA,USA
BIOCON,1995,71,1,3658,T,C,Whitmore,T C Whitmore,EB,SE,,,,,UK,GBR
BIOCON,1995,71,1,3822,WJ,,WOLFF,WJ WOLFF,EB,SE,,,,,Netherlands,NLD
BIOCON,1995,71,1,3255,R,Gerald,Wright,R Gerald Wright,EB,SE,,,,,USA,USA
BIOCON,1996,75,1,398,C,,BIBBY,C BIBBY,EB,SE,,,,,UK,GBR
BIOCON,1996,75,1,2774,PA,,BUCKLEY,PA BUCKLEY,EB,SE,,,,,USA,USA
BIOCON,1996,75,1,34,AW,Fabio,Cassola,AW Fabio Cassola,EB,SE,,,,,Italy,ITA
BIOCON,1996,75,1,3832,YONG-LIN,,CHEN,YONG-LIN CHEN,EB,SE,,,,,China,CHN
BIOCON,1996,75,1,2333,M,J,COE,M J COE,EB,SE,,,,,UK,GBR
BIOCON,1996,75,1,260,B,NK,Davis,B NK Davis,SE,SE,,,,,UK,GBR
BIOCON,1996,75,1,58,Andrew,P,Dobson,Andrew P Dobson,SE,SE,,,,,USA,USA
BIOCON,1996,75,1,958,Eric,,Duffey,Eric Duffey,EIC,EIC,,,,,UK,GBR
BIOCON,1996,75,1,2806,P,,FIELDER,P FIELDER,EB,SE,,,,,USA,USA
BIOCON,1996,75,1,1595,JOHN,A,GIBB,JOHN A GIBB,EB,SE,,,,,New Zealand,NZL
BIOCON,1996,75,1,462,C,,GOMEZ-CAMPO,C GOMEZ-CAMPO,EB,SE,,,,,Spain,ESP
BIOCON,1996,75,1,2164,Lennart,,Hansson,Lennart Hansson,EB,SE,,,,,Sweden,SWE
BIOCON,1996,75,1,1626,J,,HARWOOD,J HARWOOD,EB,SE,,,,,UK,GBR
BIOCON,1996,75,1,2830,PAR,,HOCKEY,PAR HOCKEY,EB,SE,,,,,South Africa,ZAF
BIOCON,1996,75,1,489,C,,JERMY,C JERMY,EB,SE,,,,,USA,USA
BIOCON,1996,75,1,2199,LYNN,A,MAGUIRE,LYNN A MAGUIRE,EB,SE,,,,,USA,USA
BIOCON,1996,75,1,2672,NC,,MORGAN,NC MORGAN,EB,SE,,,,,UK,GBR
BIOCON,1996,75,1,2875,PETER,B,MOYLE,PETER B MOYLE,EB,SE,,,,,USA,USA
BIOCON,1996,75,1,3614,Tim,R,New,Tim R New,SE,SE,,,,,Australia,AUS
BIOCON,1996,75,1,333,B,,NIEVERGELT,B NIEVERGELT,EB,SE,,,,,Switzerland,CHE
BIOCON,1996,75,1,1121,F,,RAMADE,F RAMADE,EB,SE,,,,,France,FRA
BIOCON,1996,75,1,1862,JOHN,,SEIDENSTZICKER,JOHN SEIDENSTZICKER,EB,SE,,,,,USA,USA
BIOCON,1996,75,1,2093,K,SHAWN,SMALLWOOD,K SHAWN SMALLWOOD,EB,SE,,,,,USA,USA
BIOCON,1996,75,1,3658,T,C,Whitmore,T C Whitmore,EB,SE,,,,,UK,GBR
BIOCON,1996,75,1,3822,WJ,,WOLFF,WJ WOLFF,EB,SE,,,,,Netherlands,NLD
BIOCON,1996,75,1,3255,R,Gerald,Wright,R Gerald Wright,EB,SE,,,,,USA,USA
BIOCON,1997,79,1,1388,I,,ATKINSON,I ATKINSON,EB,SE,,,,,New Zealand,NZL
BIOCON,1997,79,1,398,C,,BIBBY,C BIBBY,EB,SE,,,,,UK,GBR
BIOCON,1997,79,1,2774,PA,,BUCKLEY,PA BUCKLEY,EB,SE,,,,,USA,USA
BIOCON,1997,79,1,34,AW,Fabio,Cassola,AW Fabio Cassola,EB,SE,,,,,Italy,ITA
BIOCON,1997,79,1,3832,YONG-LIN,,CHEN,YONG-LIN CHEN,EB,SE,,,,,China,CHN
BIOCON,1997,79,1,2333,M,J,COE,M J COE,EB,SE,,,,,UK,GBR
BIOCON,1997,79,1,260,B,NK,Davis,B NK Davis,SE,SE,,,,,UK,GBR
BIOCON,1997,79,1,58,Andrew,P,Dobson,Andrew P Dobson,SE,SE,,,,,USA,USA
BIOCON,1997,79,1,958,Eric,,Duffey,Eric Duffey,EIC,EIC,,,,,UK,GBR
BIOCON,1997,79,1,2806,P,,FIELDER,P FIELDER,EB,SE,,,,,USA,USA
BIOCON,1997,79,1,462,C,,GOMEZ-CAMPO,C GOMEZ-CAMPO,EB,SE,,,,,Spain,ESP
BIOCON,1997,79,1,2164,Lennart,,Hansson,Lennart Hansson,EB,SE,,,,,Sweden,SWE
BIOCON,1997,79,1,2399,M,,HARRISON,M HARRISON,EB,SE,,,,,UK,GBR
BIOCON,1997,79,1,2830,PAR,,HOCKEY,PAR HOCKEY,EB,SE,,,,,South Africa,ZAF
BIOCON,1997,79,1,3108,Robert,L,Jefferies,Robert L Jefferies,EB,SE,,,,,Canada,CAN
BIOCON,1997,79,1,489,C,,JERMY,C JERMY,EB,SE,,,,,USA,USA
BIOCON,1997,79,1,2199,LYNN,A,MAGUIRE,LYNN A MAGUIRE,EB,SE,,,,,USA,USA
BIOCON,1997,79,1,2672,NC,,MORGAN,NC MORGAN,EB,SE,,,,,UK,GBR
BIOCON,1997,79,1,2875,PETER,B,MOYLE,PETER B MOYLE,EB,SE,,,,,USA,USA
BIOCON,1997,79,1,3614,Tim,R,New,Tim R New,SE,SE,,,,,Australia,AUS
BIOCON,1997,79,1,333,B,,NIEVERGELT,B NIEVERGELT,EB,SE,,,,,Switzerland,CHE
BIOCON,1997,79,1,1121,F,,RAMADE,F RAMADE,EB,SE,,,,,France,FRA
BIOCON,1997,79,1,1862,JOHN,,SEIDENSTZICKER,JOHN SEIDENSTZICKER,EB,SE,,,,,USA,USA
BIOCON,1997,79,1,2093,K,SHAWN,SMALLWOOD,K SHAWN SMALLWOOD,EB,SE,,,,,USA,USA
BIOCON,1997,79,1,3658,T,C,Whitmore,T C Whitmore,EB,SE,,,,,UK,GBR
BIOCON,1997,79,1,3822,WJ,,WOLFF,WJ WOLFF,EB,SE,,,,,Netherlands,NLD
BIOCON,1997,79,1,3255,R,Gerald,Wright,R Gerald Wright,EB,SE,,,,,USA,USA
BIOCON,1998,83,1,1388,I,,ATKINSON,I ATKINSON,EB,SE,,,,,New Zealand,NZL
BIOCON,1998,83,1,398,C,,BIBBY,C BIBBY,EB,SE,,,,,UK,GBR
BIOCON,1998,83,1,2774,PA,,BUCKLEY,PA BUCKLEY,EB,SE,,,,,USA,USA
BIOCON,1998,83,1,34,AW,Fabio,Cassola,AW Fabio Cassola,EB,SE,,,,,Italy,ITA
BIOCON,1998,83,1,3832,YONG-LIN,,CHEN,YONG-LIN CHEN,EB,SE,,,,,China,CHN
BIOCON,1998,83,1,2333,M,J,COE,M J COE,EB,SE,,,,,UK,GBR
BIOCON,1998,83,1,260,B,NK,Davis,B NK Davis,SE,SE,,,,,UK,GBR
BIOCON,1998,83,1,3041,Rodolfo,,Dirzo,Rodolfo Dirzo,EB,SE,,,,,USA,USA
BIOCON,1998,83,1,958,Eric,,Duffey,Eric Duffey,EIC,EIC,,,,,UK,GBR
BIOCON,1998,83,1,2806,P,,FIELDER,P FIELDER,EB,SE,,,,,USA,USA
BIOCON,1998,83,1,462,C,,GOMEZ-CAMPO,C GOMEZ-CAMPO,EB,SE,,,,,Spain,ESP
BIOCON,1998,83,1,471,Craig,,Guyer,Craig Guyer,EB,SE,,,,,USA,USA
BIOCON,1998,83,1,2164,Lennart,,Hansson,Lennart Hansson,EB,SE,,,,,Sweden,SWE
BIOCON,1998,83,1,2399,M,,HARRISON,M HARRISON,EB,SE,,,,,UK,GBR
BIOCON,1998,83,1,1626,J,,HARWOOD,J HARWOOD,EB,SE,,,,,UK,GBR
BIOCON,1998,83,1,3355,Stephen,J,Hawkins,Stephen J Hawkins,EB,SE,,,,,UK,GBR
BIOCON,1998,83,1,2830,PAR,,HOCKEY,PAR HOCKEY,EB,SE,,,,,South Africa,ZAF
BIOCON,1998,83,1,3108,Robert,L,Jefferies,Robert L Jefferies,EB,SE,,,,,Canada,CAN
BIOCON,1998,83,1,489,C,,JERMY,C JERMY,EB,SE,,,,,USA,USA
BIOCON,1998,83,1,3763,William,F,Laurance,William F Laurance,EB,SE,,,,,Brazil,BRA
BIOCON,1998,83,1,2454,M,,LOMOLINO,M LOMOLINO,EB,SE,,,,,USA,USA
BIOCON,1998,83,1,3143,R,H,Marrs,R H Marrs,EB,SE,,,,,UK,GBR
BIOCON,1998,83,1,2672,NC,,MORGAN,NC MORGAN,EB,SE,,,,,UK,GBR
BIOCON,1998,83,1,2875,PETER,B,MOYLE,PETER B MOYLE,EB,SE,,,,,USA,USA
BIOCON,1998,83,1,3614,Tim,R,New,Tim R New,SE,SE,,,,,Australia,AUS
BIOCON,1998,83,1,333,B,,NIEVERGELT,B NIEVERGELT,EB,SE,,,,,Switzerland,CHE
BIOCON,1998,83,1,1244,George,F,Peterken,George F Peterken,EB,SE,,,,,UK,GBR
BIOCON,1998,83,1,1121,F,,RAMADE,F RAMADE,EB,SE,,,,,France,FRA
BIOCON,1998,83,1,1862,JOHN,,SEIDENSTZICKER,JOHN SEIDENSTZICKER,EB,SE,,,,,USA,USA
BIOCON,1998,83,1,3658,T,C,Whitmore,T C Whitmore,EB,SE,,,,,UK,GBR
BIOCON,1998,83,1,3822,WJ,,WOLFF,WJ WOLFF,EB,SE,,,,,Netherlands,NLD
BIOCON,1999,87,1,1388,I,,ATKINSON,I ATKINSON,EB,SE,,,,,New Zealand,NZL
BIOCON,1999,87,1,398,C,,BIBBY,C BIBBY,EB,SE,,,,,UK,GBR
BIOCON,1999,87,1,2774,PA,,BUCKLEY,PA BUCKLEY,EB,SE,,,,,USA,USA
BIOCON,1999,87,1,34,AW,Fabio,Cassola,AW Fabio Cassola,EB,SE,,,,,Italy,ITA
BIOCON,1999,87,1,3832,YONG-LIN,,CHEN,YONG-LIN CHEN,EB,SE,,,,,China,CHN
BIOCON,1999,87,1,2333,M,J,COE,M J COE,EB,SE,,,,,UK,GBR
BIOCON,1999,87,1,260,B,NK,Davis,B NK Davis,SE,SE,,,,,UK,GBR
BIOCON,1999,87,1,3041,Rodolfo,,Dirzo,Rodolfo Dirzo,EB,SE,,,,,USA,USA
BIOCON,1999,87,1,958,Eric,,Duffey,Eric Duffey,EIC,EIC,,,,,France,FRA
BIOCON,1999,87,1,2806,P,,FIELDER,P FIELDER,EB,SE,,,,,USA,USA
BIOCON,1999,87,1,462,C,,GOMEZ-CAMPO,C GOMEZ-CAMPO,EB,SE,,,,,Spain,ESP
BIOCON,1999,87,1,471,Craig,,Guyer,Craig Guyer,EB,SE,,,,,USA,USA
BIOCON,1999,87,1,2164,Lennart,,Hansson,Lennart Hansson,EB,SE,,,,,Sweden,SWE
BIOCON,1999,87,1,2399,M,,HARRISON,M HARRISON,EB,SE,,,,,UK,GBR
BIOCON,1999,87,1,1626,J,,HARWOOD,J HARWOOD,EB,SE,,,,,UK,GBR
BIOCON,1999,87,1,2830,PAR,,HOCKEY,PAR HOCKEY,EB,SE,,,,,South Africa,ZAF
BIOCON,1999,87,1,3108,Robert,L,Jefferies,Robert L Jefferies,EB,SE,,,,,Canada,CAN
BIOCON,1999,87,1,489,C,,JERMY,C JERMY,EB,SE,,,,,USA,USA
BIOCON,1999,87,1,3763,William,F,Laurance,William F Laurance,EB,SE,,,,,Brazil,BRA
BIOCON,1999,87,1,2454,M,,LOMOLINO,M LOMOLINO,EB,SE,,,,,USA,USA
BIOCON,1999,87,1,2199,LYNN,A,MAGUIRE,LYNN A MAGUIRE,EB,SE,,,,,USA,USA
BIOCON,1999,87,1,3143,R,H,Marrs,R H Marrs,EB,SE,,,,,UK,GBR
BIOCON,1999,87,1,2672,NC,,MORGAN,NC MORGAN,EB,SE,,,,,UK,GBR
BIOCON,1999,87,1,2875,PETER,B,MOYLE,PETER B MOYLE,EB,SE,,,,,USA,USA
BIOCON,1999,87,1,3614,Tim,R,New,Tim R New,SE,SE,,,,,Australia,AUS
BIOCON,1999,87,1,333,B,,NIEVERGELT,B NIEVERGELT,EB,SE,,,,,Switzerland,CHE
BIOCON,1999,87,1,1244,George,F,Peterken,George F Peterken,EB,SE,,,,,UK,GBR
BIOCON,1999,87,1,1121,F,,RAMADE,F RAMADE,EB,SE,,,,,France,FRA
BIOCON,1999,87,1,3921,Mark,W,Schwartz,Mark W Schwartz,SE,SE,,,,,USA,USA
BIOCON,1999,87,1,1862,JOHN,,SEIDENSTZICKER,JOHN SEIDENSTZICKER,EB,SE,,,,,USA,USA
BIOCON,1999,87,1,3658,T,C,Whitmore,T C Whitmore,EB,SE,,,,,UK,GBR
BIOCON,1999,87,1,3822,WJ,,WOLFF,WJ WOLFF,EB,SE,,,,,Netherlands,NLD
BIOCON,1999,87,1,3255,R,Gerald,Wright,R Gerald Wright,SE,SE,,,,,USA,USA
BIOCON,2000,92,1,1388,I,,ATKINSON,I ATKINSON,EB,SE,,,,,New Zealand,NZL
BIOCON,2000,92,1,398,C,,BIBBY,C BIBBY,EB,SE,,,,,UK,GBR
BIOCON,2000,92,1,2774,PA,,BUCKLEY,PA BUCKLEY,EB,SE,,,,,USA,USA
BIOCON,2000,92,1,34,AW,Fabio,Cassola,AW Fabio Cassola,EB,SE,,,,,Italy,ITA
BIOCON,2000,92,1,3832,YONG-LIN,,CHEN,YONG-LIN CHEN,EB,SE,,,,,China,CHN
BIOCON,2000,92,1,260,B,NK,Davis,B NK Davis,EIC,EIC,,,,,UK,GBR
BIOCON,2000,92,1,3041,Rodolfo,,Dirzo,Rodolfo Dirzo,EB,SE,,,,,USA,USA
BIOCON,2000,92,1,958,Eric,,Duffey,Eric Duffey,EB,SE,,,,,France,FRA
BIOCON,2000,92,1,2806,P,,FIELDER,P FIELDER,EB,SE,,,,,USA,USA
BIOCON,2000,92,1,462,C,,GOMEZ-CAMPO,C GOMEZ-CAMPO,EB,SE,,,,,Spain,ESP
BIOCON,2000,92,1,471,Craig,,Guyer,Craig Guyer,EB,SE,,,,,USA,USA
BIOCON,2000,92,1,2164,Lennart,,Hansson,Lennart Hansson,EB,SE,,,,,Sweden,SWE
BIOCON,2000,92,1,2399,M,,HARRISON,M HARRISON,EB,SE,,,,,UK,GBR
BIOCON,2000,92,1,1626,J,,HARWOOD,J HARWOOD,EB,SE,,,,,UK,GBR
BIOCON,2000,92,1,3355,Stephen,J,Hawkins,Stephen J Hawkins,EB,SE,,,,,UK,GBR
BIOCON,2000,92,1,2830,PAR,,HOCKEY,PAR HOCKEY,EB,SE,,,,,South Africa,ZAF
BIOCON,2000,92,1,3108,Robert,L,Jefferies,Robert L Jefferies,EB,SE,,,,,Canada,CAN
BIOCON,2000,92,1,489,C,,JERMY,C JERMY,EB,SE,,,,,USA,USA
BIOCON,2000,92,1,3763,William,F,Laurance,William F Laurance,EB,SE,,,,,Brazil,BRA
BIOCON,2000,92,1,2454,M,,LOMOLINO,M LOMOLINO,EB,SE,,,,,USA,USA
BIOCON,2000,92,1,2199,LYNN,A,MAGUIRE,LYNN A MAGUIRE,EB,SE,,,,,USA,USA
BIOCON,2000,92,1,3143,R,H,Marrs,R H Marrs,SE,SE,,,,,UK,GBR
BIOCON,2000,92,1,2672,NC,,MORGAN,NC MORGAN,EB,SE,,,,,UK,GBR
BIOCON,2000,92,1,2875,PETER,B,MOYLE,PETER B MOYLE,EB,SE,,,,,USA,USA
BIOCON,2000,92,1,3614,Tim,R,New,Tim R New,SE,SE,,,,,Australia,AUS
BIOCON,2000,92,1,1244,George,F,Peterken,George F Peterken,EB,SE,,,,,UK,GBR
BIOCON,2000,92,1,2896,Peter,,Poschlod,Peter Poschlod,EB,SE,,,,,Germany,DEU
BIOCON,2000,92,1,1121,F,,RAMADE,F RAMADE,EB,SE,,,,,France,FRA
BIOCON,2000,92,1,3921,Mark,W,Schwartz,Mark W Schwartz,SE,SE,,,,,USA,USA
BIOCON,2000,92,1,2556,M,J,Scott,M J Scott,EB,SE,,,,,USA,USA
BIOCON,2000,92,1,3822,WJ,,WOLFF,WJ WOLFF,EB,SE,,,,,Netherlands,NLD
BIOCON,2000,92,1,3255,R,Gerald,Wright,R Gerald Wright,SE,SE,,,,,USA,USA
BIOCON,2001,97,1,1388,I,,ATKINSON,I ATKINSON,EB,SE,,,,,New Zealand,NZL
BIOCON,2001,97,1,398,C,,BIBBY,C BIBBY,EB,SE,,,,,UK,GBR
BIOCON,2001,97,1,2774,PA,,BUCKLEY,PA BUCKLEY,EB,SE,,,,,USA,USA
BIOCON,2001,97,1,34,AW,Fabio,Cassola,AW Fabio Cassola,EB,SE,,,,,Italy,ITA
BIOCON,2001,97,1,3832,YONG-LIN,,CHEN,YONG-LIN CHEN,EB,SE,,,,,China,CHN
BIOCON,2001,97,1,260,B,NK,Davis,B NK Davis,EIC,EIC,,,,,UK,GBR
BIOCON,2001,97,1,3041,Rodolfo,,Dirzo,Rodolfo Dirzo,EB,SE,,,,,USA,USA
BIOCON,2001,97,1,958,Eric,,Duffey,Eric Duffey,EB,SE,,,,,France,FRA
BIOCON,2001,97,1,2806,P,,FIELDER,P FIELDER,EB,SE,,,,,USA,USA
BIOCON,2001,97,1,462,C,,GOMEZ-CAMPO,C GOMEZ-CAMPO,EB,SE,,,,,Spain,ESP
BIOCON,2001,97,1,471,Craig,,Guyer,Craig Guyer,EB,SE,,,,,USA,USA
BIOCON,2001,97,1,2164,Lennart,,Hansson,Lennart Hansson,EB,SE,,,,,Sweden,SWE
BIOCON,2001,97,1,2399,M,,HARRISON,M HARRISON,EB,SE,,,,,UK,GBR
BIOCON,2001,97,1,1626,J,,HARWOOD,J HARWOOD,EB,SE,,,,,UK,GBR
BIOCON,2001,97,1,3355,Stephen,J,Hawkins,Stephen J Hawkins,EB,SE,,,,,UK,GBR
BIOCON,2001,97,1,2830,PAR,,HOCKEY,PAR HOCKEY,EB,SE,,,,,South Africa,ZAF
BIOCON,2001,97,1,3108,Robert,L,Jefferies,Robert L Jefferies,EB,SE,,,,,Canada,CAN
BIOCON,2001,97,1,489,C,,JERMY,C JERMY,EB,SE,,,,,USA,USA
BIOCON,2001,97,1,3763,William,F,Laurance,William F Laurance,EB,SE,,,,,Brazil,BRA
BIOCON,2001,97,1,2454,M,,LOMOLINO,M LOMOLINO,EB,SE,,,,,USA,USA
BIOCON,2001,97,1,2199,LYNN,A,MAGUIRE,LYNN A MAGUIRE,EB,SE,,,,,USA,USA
BIOCON,2001,97,1,3143,R,H,Marrs,R H Marrs,SE,SE,,,,,UK,GBR
BIOCON,2001,97,1,2672,NC,,MORGAN,NC MORGAN,EB,SE,,,,,UK,GBR
BIOCON,2001,97,1,2875,PETER,B,MOYLE,PETER B MOYLE,EB,SE,,,,,USA,USA
BIOCON,2001,97,1,3614,Tim,R,New,Tim R New,SE,SE,,,,,Australia,AUS
BIOCON,2001,97,1,1244,George,F,Peterken,George F Peterken,EB,SE,,,,,UK,GBR
BIOCON,2001,97,1,2896,Peter,,Poschlod,Peter Poschlod,EB,SE,,,,,Germany,DEU
BIOCON,2001,97,1,1121,F,,RAMADE,F RAMADE,EB,SE,,,,,France,FRA
BIOCON,2001,97,1,3921,Mark,W,Schwartz,Mark W Schwartz,SE,SE,,,,,USA,USA
BIOCON,2001,97,1,2556,M,J,Scott,M J Scott,EB,SE,,,,,USA,USA
BIOCON,2001,97,1,3822,WJ,,WOLFF,WJ WOLFF,EB,SE,,,,,Netherlands,NLD
BIOCON,2001,97,1,3255,R,Gerald,Wright,R Gerald Wright,SE,SE,,,,,USA,USA
BIOCON,2002,103,1,1388,I,,ATKINSON,I ATKINSON,EB,SE,,,,,New Zealand,NZL
BIOCON,2002,103,1,398,C,,BIBBY,C BIBBY,EB,SE,,,,,UK,GBR
BIOCON,2002,103,1,2774,PA,,BUCKLEY,PA BUCKLEY,EB,SE,,,,,USA,USA
BIOCON,2002,103,1,34,AW,Fabio,Cassola,AW Fabio Cassola,EB,SE,,,,,Italy,ITA
BIOCON,2002,103,1,3832,YONG-LIN,,CHEN,YONG-LIN CHEN,EB,SE,,,,,China,CHN
BIOCON,2002,103,1,260,B,NK,Davis,B NK Davis,EIC,EIC,,,,,UK,GBR
BIOCON,2002,103,1,3041,Rodolfo,,Dirzo,Rodolfo Dirzo,EB,SE,,,,,USA,USA
BIOCON,2002,103,1,958,Eric,,Duffey,Eric Duffey,EB,SE,,,,,UK,GBR
BIOCON,2002,103,1,2806,P,,FIELDER,P FIELDER,EB,SE,,,,,USA,USA
BIOCON,2002,103,1,462,C,,GOMEZ-CAMPO,C GOMEZ-CAMPO,EB,SE,,,,,Spain,ESP
BIOCON,2002,103,1,1607,JJD,,GREENWOOD,JJD GREENWOOD,EB,SE,,,,,UK,GBR
BIOCON,2002,103,1,471,Craig,,Guyer,Craig Guyer,EB,SE,,,,,USA,USA
BIOCON,2002,103,1,2164,Lennart,,Hansson,Lennart Hansson,EB,SE,,,,,Sweden,SWE
BIOCON,2002,103,1,2399,M,,HARRISON,M HARRISON,EB,SE,,,,,UK,GBR
BIOCON,2002,103,1,1626,J,,HARWOOD,J HARWOOD,EB,SE,,,,,UK,GBR
BIOCON,2002,103,1,3355,Stephen,J,Hawkins,Stephen J Hawkins,EB,SE,,,,,UK,GBR
BIOCON,2002,103,1,2830,PAR,,HOCKEY,PAR HOCKEY,EB,SE,,,,,South Africa,ZAF
BIOCON,2002,103,1,3108,Robert,L,Jefferies,Robert L Jefferies,EB,SE,,,,,Canada,CAN
BIOCON,2002,103,1,489,C,,JERMY,C JERMY,EB,SE,,,,,UK,GBR
BIOCON,2002,103,1,114,AJT,,JONHSINGH,AJT JONHSINGH,EB,SE,,,,,India,IND
BIOCON,2002,103,1,3763,William,F,Laurance,William F Laurance,EB,SE,,,,,Brazil,BRA
BIOCON,2002,103,1,2454,M,,LOMOLINO,M LOMOLINO,EB,SE,,,,,USA,USA
BIOCON,2002,103,1,2199,LYNN,A,MAGUIRE,LYNN A MAGUIRE,EB,SE,,,,,USA,USA
BIOCON,2002,103,1,3143,R,H,Marrs,R H Marrs,SE,SE,,,,,UK,GBR
BIOCON,2002,103,1,2672,NC,,MORGAN,NC MORGAN,EB,SE,,,,,UK,GBR
BIOCON,2002,103,1,2875,PETER,B,MOYLE,PETER B MOYLE,EB,SE,,,,,USA,USA
BIOCON,2002,103,1,1244,George,F,Peterken,George F Peterken,EB,SE,,,,,UK,GBR
BIOCON,2002,103,1,2896,Peter,,Poschlod,Peter Poschlod,EB,SE,,,,,Germany,DEU
BIOCON,2002,103,1,1121,F,,RAMADE,F RAMADE,EB,SE,,,,,France,FRA
BIOCON,2002,103,1,3921,Mark,W,Schwartz,Mark W Schwartz,SE,SE,,,,,USA,USA
BIOCON,2002,103,1,2556,M,J,Scott,M J Scott,EB,SE,,,,,USA,USA
BIOCON,2002,103,1,3822,WJ,,WOLFF,WJ WOLFF,EB,SE,,,,,Netherlands,NLD
BIOCON,2002,103,1,3255,R,Gerald,Wright,R Gerald Wright,SE,SE,,,,,USA,USA
BIOCON,2003,109,1,1388,I,,ATKINSON,I ATKINSON,EB,SE,,,,,New Zealand,NZL
BIOCON,2003,109,1,2774,PA,,BUCKLEY,PA BUCKLEY,EB,SE,,,,,USA,USA
BIOCON,2003,109,1,34,AW,Fabio,Cassola,AW Fabio Cassola,EB,SE,,,,,Italy,ITA
BIOCON,2003,109,1,3832,YONG-LIN,,CHEN,YONG-LIN CHEN,EB,SE,,,,,China,CHN
BIOCON,2003,109,1,260,B,NK,Davis,B NK Davis,EIC,EIC,,,,,UK,GBR
BIOCON,2003,109,1,3041,Rodolfo,,Dirzo,Rodolfo Dirzo,EB,SE,,,,,USA,USA
BIOCON,2003,109,1,958,Eric,,Duffey,Eric Duffey,EB,SE,,,,,UK,GBR
BIOCON,2003,109,1,462,C,,GOMEZ-CAMPO,C GOMEZ-CAMPO,EB,SE,,,,,Spain,ESP
BIOCON,2003,109,1,1607,JJD,,GREENWOOD,JJD GREENWOOD,EB,SE,,,,,UK,GBR
BIOCON,2003,109,1,471,Craig,,Guyer,Craig Guyer,EB,SE,,,,,USA,USA
BIOCON,2003,109,1,2164,Lennart,,Hansson,Lennart Hansson,EB,SE,,,,,Sweden,SWE
BIOCON,2003,109,1,2399,M,,HARRISON,M HARRISON,EB,SE,,,,,UK,GBR
BIOCON,2003,109,1,1626,J,,HARWOOD,J HARWOOD,EB,SE,,,,,UK,GBR
BIOCON,2003,109,1,3355,Stephen,J,Hawkins,Stephen J Hawkins,EB,SE,,,,,UK,GBR
BIOCON,2003,109,1,2830,PAR,,HOCKEY,PAR HOCKEY,EB,SE,,,,,South Africa,ZAF
BIOCON,2003,109,1,3108,Robert,L,Jefferies,Robert L Jefferies,EB,SE,,,,,Canada,CAN
BIOCON,2003,109,1,489,C,,JERMY,C JERMY,EB,SE,,,,,UK,GBR
BIOCON,2003,109,1,114,AJT,,JONHSINGH,AJT JONHSINGH,EB,SE,,,,,India,IND
BIOCON,2003,109,1,3763,William,F,Laurance,William F Laurance,EB,SE,,,,,Brazil,BRA
BIOCON,2003,109,1,2454,M,,LOMOLINO,M LOMOLINO,EB,SE,,,,,USA,USA
BIOCON,2003,109,1,2199,LYNN,A,MAGUIRE,LYNN A MAGUIRE,EB,SE,,,,,USA,USA
BIOCON,2003,109,1,3143,R,H,Marrs,R H Marrs,SE,SE,,,,,UK,GBR
BIOCON,2003,109,1,2672,NC,,MORGAN,NC MORGAN,EB,SE,,,,,UK,GBR
BIOCON,2003,109,1,2875,PETER,B,MOYLE,PETER B MOYLE,EB,SE,,,,,USA,USA
BIOCON,2003,109,1,3614,Tim,R,New,Tim R New,EB,SE,,,,,Australia,AUS
BIOCON,2003,109,1,1244,George,F,Peterken,George F Peterken,EB,SE,,,,,UK,GBR
BIOCON,2003,109,1,2896,Peter,,Poschlod,Peter Poschlod,EB,SE,,,,,Germany,DEU
BIOCON,2003,109,1,1121,F,,RAMADE,F RAMADE,EB,SE,,,,,France,FRA
BIOCON,2003,109,1,856,Denis,A,Saunders,Denis A Saunders,SE,SE,,,,,Australia,AUS
BIOCON,2003,109,1,3921,Mark,W,Schwartz,Mark W Schwartz,SE,SE,,,,,USA,USA
BIOCON,2003,109,1,2556,M,J,Scott,M J Scott,EB,SE,,,,,USA,USA
BIOCON,2003,109,1,3822,WJ,,WOLFF,WJ WOLFF,EB,SE,,,,,Netherlands,NLD
BIOCON,2003,109,1,3255,R,Gerald,Wright,R Gerald Wright,SE,SE,,,,,USA,USA
BIOCON,2004,115,1,1388,I,,ATKINSON,I ATKINSON,EB,SE,,,,,New Zealand,NZL
BIOCON,2004,115,1,2986,RB,,BLAIR,RB BLAIR,EB,SE,,,,,USA,USA
BIOCON,2004,115,1,3520,Tim,,Caro,Tim Caro,EB,SE,,,,,USA,USA
BIOCON,2004,115,1,34,AW,Fabio,Cassola,AW Fabio Cassola,EB,SE,,,,,ITALY,ITA
BIOCON,2004,115,1,3832,YONG-LIN,,CHEN,YONG-LIN CHEN,EB,SE,,,,,China,CHN
BIOCON,2004,115,1,3041,Rodolfo,,Dirzo,Rodolfo Dirzo,EB,SE,,,,,USA,USA
BIOCON,2004,115,1,958,Eric,,Duffey,Eric Duffey,EB,SE,,,,,France,FRA
BIOCON,2004,115,1,462,C,,GOMEZ-CAMPO,C GOMEZ-CAMPO,EB,SE,,,,,Spain,ESP
BIOCON,2004,115,1,1607,JJD,,GREENWOOD,JJD GREENWOOD,EB,SE,,,,,UK,GBR
BIOCON,2004,115,1,471,Craig,,Guyer,Craig Guyer,EB,SE,,,,,USA,USA
BIOCON,2004,115,1,2164,Lennart,,Hansson,Lennart Hansson,EB,SE,,,,,Sweden,SWE
BIOCON,2004,115,1,2399,M,,HARRISON,M HARRISON,EB,SE,,,,,UK,GBR
BIOCON,2004,115,1,1626,J,,HARWOOD,J HARWOOD,EB,SE,,,,,UK,GBR
BIOCON,2004,115,1,3355,Stephen,J,Hawkins,Stephen J Hawkins,EB,SE,,,,,UK,GBR
BIOCON,2004,115,1,2830,PAR,,HOCKEY,PAR HOCKEY,EB,SE,,,,,South Africa,ZAF
BIOCON,2004,115,1,1649,Jose,M,Iriondo,Jose M Iriondo,EB,SE,,,,,Spain,ESP
BIOCON,2004,115,1,3108,Robert,L,Jefferies,Robert L Jefferies,EB,SE,,,,,Canada,CAN
BIOCON,2004,115,1,489,C,,JERMY,C JERMY,EB,SE,,,,,UK,GBR
BIOCON,2004,115,1,114,AJT,,JONHSINGH,AJT JONHSINGH,EB,SE,,,,,India,IND
BIOCON,2004,115,1,3763,William,F,Laurance,William F Laurance,EB,SE,,,,,Brazil,BRA
BIOCON,2004,115,1,2454,M,,LOMOLINO,M LOMOLINO,EB,SE,,,,,USA,USA
BIOCON,2004,115,1,2199,LYNN,A,MAGUIRE,LYNN A MAGUIRE,EB,SE,,,,,USA,USA
BIOCON,2004,115,1,3143,R,H,Marrs,R H Marrs,EIC,EIC,,,,,UK,GBR
BIOCON,2004,115,1,2672,NC,,MORGAN,NC MORGAN,EB,SE,,,,,UK,GBR
BIOCON,2004,115,1,330,Brian,,Moss,Brian Moss,EB,SE,,,,,UK,GBR
BIOCON,2004,115,1,2875,PETER,B,MOYLE,PETER B MOYLE,EB,SE,,,,,USA,USA
BIOCON,2004,115,1,3614,Tim,R,New,Tim R New,EB,SE,,,,,Australia,AUS
BIOCON,2004,115,1,1244,George,F,Peterken,George F Peterken,EB,SE,,,,,UK,GBR
BIOCON,2004,115,1,2896,Peter,,Poschlod,Peter Poschlod,EB,SE,,,,,Germany,DEU
BIOCON,2004,115,1,173,Andrew,S,Pullin,Andrew S Pullin,SE,SE,,,,,UK,GBR
BIOCON,2004,115,1,1121,F,,RAMADE,F RAMADE,EB,SE,,,,,France,FRA
BIOCON,2004,115,1,856,Denis,A,Saunders,Denis A Saunders,SE,SE,,,,,Australia,AUS
BIOCON,2004,115,1,3921,Mark,W,Schwartz,Mark W Schwartz,SE,SE,,,,,USA,USA
BIOCON,2004,115,1,2556,M,J,Scott,M J Scott,EB,SE,,,,,USA,USA
BIOCON,2004,115,1,3822,WJ,,WOLFF,WJ WOLFF,EB,SE,,,,,Netherlands,NLD
BIOCON,2004,115,1,3255,R,Gerald,Wright,R Gerald Wright,EB,SE,,,,,USA,USA
BIOCON,2004,115,1,236,Andrew,,Young,Andrew Young,EB,SE,,,,,Australia,AUS
BIOCON,2005,121,1,3269,Sandy,J,Andelman,Sandy J Andelman,SE,SE,,,,,USA,USA
BIOCON,2005,121,1,3520,Tim,,Caro,Tim Caro,EB,SE,,,,,USA,USA
BIOCON,2005,121,1,34,AW,Fabio,Cassola,AW Fabio Cassola,EB,SE,,,,,Italy,ITA
BIOCON,2005,121,1,1526,John,L,Craig,John L Craig,EB,SE,,,,,New Zealand,NZL
BIOCON,2005,121,1,260,B,NK,Davis,B NK Davis,EB,SE,,,,,UK,GBR
BIOCON,2005,121,1,958,Eric,,Duffey,Eric Duffey,EB,SE,,,,,France,FRA
BIOCON,2005,121,1,3062,Richard,,Frankham,Richard Frankham,EB,SE,,,,,Australia,AUS
BIOCON,2005,121,1,1607,JJD,,GREENWOOD,JJD GREENWOOD,EB,SE,,,,,UK,GBR
BIOCON,2005,121,1,2161,Lena,,Gustafsson,Lena Gustafsson,EB,SE,,,,,Sweden,SWE
BIOCON,2005,121,1,1626,J,,HARWOOD,J HARWOOD,EB,SE,,,,,UK,GBR
BIOCON,2005,121,1,3355,Stephen,J,Hawkins,Stephen J Hawkins,EB,SE,,,,,UK,GBR
BIOCON,2005,121,1,3143,R,H,Marrs,R H Marrs,EIC,EIC,,,,,UK,GBR
BIOCON,2005,121,1,1244,George,F,Peterken,George F Peterken,EB,SE,,,,,UK,GBR
BIOCON,2005,121,1,2896,Peter,,Poschlod,Peter Poschlod,EB,SE,,,,,Germany,DEU
BIOCON,2005,121,1,3197,Richard,B,Primack,Richard B Primack,SE,SE,,,,,USA,USA
BIOCON,2005,121,1,173,Andrew,S,Pullin,Andrew S Pullin,SE,SE,,,,,UK,GBR
BIOCON,2005,121,1,1121,F,,RAMADE,F RAMADE,EB,SE,,,,,France,FRA
BIOCON,2005,121,1,1124,Fred,,Rumsey,Fred Rumsey,EB,SE,,,,,UK,GBR
BIOCON,2005,121,1,856,Denis,A,Saunders,Denis A Saunders,SE,SE,,,,,Australia,AUS
BIOCON,2005,121,1,3921,Mark,W,Schwartz,Mark W Schwartz,EB,SE,,,,,USA,USA
BIOCON,2005,121,1,2556,M,J,Scott,M J Scott,EB,SE,,,,,USA,USA
BIOCON,2005,121,1,2612,Michael,R,Willig,Michael R Willig,EB,SE,,,,,USA,USA
BIOCON,2005,121,1,3255,R,Gerald,Wright,R Gerald Wright,EB,SE,,,,,USA,USA
BIOCON,2005,121,1,236,Andrew,,Young,Andrew Young,EB,SE,,,,,Australia,AUS
BIOCON,2005,123,4,3269,Sandy,J,Andelman,Sandy J Andelman,SE,SE,,,,,USA,USA
BIOCON,2005,123,4,3143,R,H,Marrs,R H Marrs,EIC,EIC,,,,,UK,GBR
BIOCON,2005,123,4,3197,Richard,B,Primack,Richard B Primack,SE,SE,,,,,USA,USA
BIOCON,2005,123,4,173,Andrew,S,Pullin,Andrew S Pullin,SE,SE,,,,,UK,GBR
BIOCON,2005,123,4,856,Denis,A,Saunders,Denis A Saunders,SE,SE,,,,,Australia,AUS
BIOCON,2006,133,1,3270,S,,ANDELMAN,S ANDELMAN,EB,SE,,,,,USA,USA
BIOCON,2006,133,1,2317,Mark,A,Burgman,Mark A Burgman,EB,SE,,,,,Australia,AUS
BIOCON,2006,133,1,3520,Tim,,Caro,Tim Caro,EB,SE,,,,,USA,USA
BIOCON,2006,133,1,34,AW,Fabio,Cassola,AW Fabio Cassola,EB,SE,,,,,Italy,ITA
BIOCON,2006,133,1,1526,John,L,Craig,John L Craig,EB,SE,,,,,New Zealand,NZL
BIOCON,2006,133,1,260,B,NK,Davis,B NK Davis,EB,SE,,,,,UK,GBR
BIOCON,2006,133,1,958,Eric,,Duffey,Eric Duffey,EB,SE,,,,,France,FRA
BIOCON,2006,133,1,84,Andrew,B,Gill,Andrew B Gill,SE,SE,,,,,UK,GBR
BIOCON,2006,133,1,1607,JJD,,GREENWOOD,JJD GREENWOOD,EB,SE,,,,,UK,GBR
BIOCON,2006,133,1,2161,Lena,,Gustafsson,Lena Gustafsson,EB,SE,,,,,Sweden,SWE
BIOCON,2006,133,1,1626,J,,HARWOOD,J HARWOOD,EB,SE,,,,,UK,GBR
BIOCON,2006,133,1,3355,Stephen,J,Hawkins,Stephen J Hawkins,EB,SE,,,,,UK,GBR
BIOCON,2006,133,1,2830,PAR,,HOCKEY,PAR HOCKEY,EB,SE,,,,,South Africa,ZAF
BIOCON,2006,133,1,1649,Jose,M,Iriondo,Jose M Iriondo,EB,SE,,,,,Spain,ESP
BIOCON,2006,133,1,3108,Robert,L,Jefferies,Robert L Jefferies,EB,SE,,,,,Canada,CAN
BIOCON,2006,133,1,113,A,JT,Johnsingh,A JT Johnsingh,EB,SE,,,,,India,IND
BIOCON,2006,133,1,2030,Keith,,Kirby,Keith Kirby,EB,SE,,,,,UK,GBR
BIOCON,2006,133,1,3763,William,F,Laurance,William F Laurance,EB,SE,,,,,Panama,PAN
BIOCON,2006,133,1,765,David,B,Lindenmayer,David B Lindenmayer,EB,SE,,,,,Australia,AUS
BIOCON,2006,133,1,2043,Karen,R,Lips,Karen R Lips,EB,SE,,,,,USA,USA
BIOCON,2006,133,1,3143,R,H,Marrs,R H Marrs,EIC,EIC,,,,,UK,GBR
BIOCON,2006,133,1,330,Brian,,Moss,Brian Moss,EB,SE,,,,,UK,GBR
BIOCON,2006,133,1,2875,PETER,B,MOYLE,PETER B MOYLE,EB,SE,,,,,USA,USA
BIOCON,2006,133,1,1244,George,F,Peterken,George F Peterken,EB,SE,,,,,UK,GBR
BIOCON,2006,133,1,2896,Peter,,Poschlod,Peter Poschlod,EB,SE,,,,,Germany,DEU
BIOCON,2006,133,1,342,Bob,,Pressey,Bob Pressey,EB,SE,,,,,Australia,AUS
BIOCON,2006,133,1,3197,Richard,B,Primack,Richard B Primack,SE,SE,,,,,USA,USA
BIOCON,2006,133,1,173,Andrew,S,Pullin,Andrew S Pullin,SE,SE,,,,,UK,GBR
BIOCON,2006,133,1,1121,F,,RAMADE,F RAMADE,EB,SE,,,,,France,FRA
BIOCON,2006,133,1,1124,Fred,,Rumsey,Fred Rumsey,EB,SE,,,,,UK,GBR
BIOCON,2006,133,1,856,Denis,A,Saunders,Denis A Saunders,SE,SE,,,,,Australia,AUS
BIOCON,2006,133,1,3921,Mark,W,Schwartz,Mark W Schwartz,EB,SE,,,,,USA,USA
BIOCON,2006,133,1,2556,M,J,Scott,M J Scott,EB,SE,,,,,USA,USA
BIOCON,2006,133,1,3496,Stephen,,Waldren,Stephen Waldren,EB,SE,,,,,Ireland,IRL
BIOCON,2006,133,1,2612,Michael,R,Willig,Michael R Willig,EB,SE,,,,,USA,USA
BIOCON,2006,133,1,2113,Kimberly,A,With,Kimberly A With,SE,SE,,,,,USA,USA
BIOCON,2006,133,1,3255,R,Gerald,Wright,R Gerald Wright,EB,SE,,,,,USA,USA
BIOCON,2006,133,1,236,Andrew,,Young,Andrew Young,EB,SE,,,,,Australia,AUS
BIOCON,2007,140,1,2317,Mark,A,Burgman,Mark A Burgman,EB,SE,,,,,Australia,AUS
BIOCON,2007,140,1,3520,Tim,,Caro,Tim Caro,EB,SE,,,,,USA,USA
BIOCON,2007,140,1,3024,Richard,T,Corlett,Richard T Corlett,SE,SE,,,,,China,CHN
BIOCON,2007,140,1,1526,John,L,Craig,John L Craig,EB,SE,,,,,New Zealand,NZL
BIOCON,2007,140,1,260,B,NK,Davis,B NK Davis,EB,SE,,,,,UK,GBR
BIOCON,2007,140,1,958,Eric,,Duffey,Eric Duffey,EB,SE,,,,,France,FRA
BIOCON,2007,140,1,84,Andrew,B,Gill,Andrew B Gill,SE,SE,,,,,UK,GBR
BIOCON,2007,140,1,1607,JJD,,GREENWOOD,JJD GREENWOOD,EB,SE,,,,,UK,GBR
BIOCON,2007,140,1,2161,Lena,,Gustafsson,Lena Gustafsson,EB,SE,,,,,Sweden,SWE
BIOCON,2007,140,1,3355,Stephen,J,Hawkins,Stephen J Hawkins,EB,SE,,,,,UK,GBR
BIOCON,2007,140,1,2830,PAR,,HOCKEY,PAR HOCKEY,EB,SE,,,,,South Africa,ZAF
BIOCON,2007,140,1,1649,Jose,M,Iriondo,Jose M Iriondo,EB,SE,,,,,Spain,ESP
BIOCON,2007,140,1,3108,Robert,L,Jefferies,Robert L Jefferies,EB,SE,,,,,Canada,CAN
BIOCON,2007,140,1,2030,Keith,,Kirby,Keith Kirby,EB,SE,,,,,UK,GBR
BIOCON,2007,140,1,3763,William,F,Laurance,William F Laurance,EB,SE,,,,,Panama,PAN
BIOCON,2007,140,1,765,David,B,Lindenmayer,David B Lindenmayer,EB,SE,,,,,Australia,AUS
BIOCON,2007,140,1,2043,Karen,R,Lips,Karen R Lips,EB,SE,,,,,USA,USA
BIOCON,2007,140,1,3143,R,H,Marrs,R H Marrs,EIC,EIC,,,,,UK,GBR
BIOCON,2007,140,1,1763,Jean-Paul,,Metzger,Jean-Paul Metzger,SE,SE,,,,,Brazil,BRA
BIOCON,2007,140,1,330,Brian,,Moss,Brian Moss,EB,SE,,,,,UK,GBR
BIOCON,2007,140,1,2875,PETER,B,MOYLE,PETER B MOYLE,EB,SE,,,,,USA,USA
BIOCON,2007,140,1,3614,Tim,R,New,Tim R New,EB,SE,,,,,Australia,AUS
BIOCON,2007,140,1,1244,George,F,Peterken,George F Peterken,EB,SE,,,,,UK,GBR
BIOCON,2007,140,1,2896,Peter,,Poschlod,Peter Poschlod,EB,SE,,,,,Germany,DEU
BIOCON,2007,140,1,342,Bob,,Pressey,Bob Pressey,EB,SE,,,,,Australia,AUS
BIOCON,2007,140,1,3197,Richard,B,Primack,Richard B Primack,SE,SE,,,,,USA,USA
BIOCON,2007,140,1,173,Andrew,S,Pullin,Andrew S Pullin,SE,SE,,,,,UK,GBR
BIOCON,2007,140,1,1124,Fred,,Rumsey,Fred Rumsey,EB,SE,,,,,UK,GBR
BIOCON,2007,140,1,856,Denis,A,Saunders,Denis A Saunders,SE,SE,,,,,Australia,AUS
BIOCON,2007,140,1,3921,Mark,W,Schwartz,Mark W Schwartz,EB,SE,,,,,USA,USA
BIOCON,2007,140,1,3641,Tim,,Sparks,Tim Sparks,EB,SE,,,,,UK,GBR
BIOCON,2007,140,1,3853,Andrea,,Taylor,Andrea Taylor,EB,SE,,,,,Australia,AUS
BIOCON,2007,140,1,3496,Stephen,,Waldren,Stephen Waldren,EB,SE,,,,,Ireland,IRL
BIOCON,2007,140,1,2951,Phill,,Watts,Phill Watts,EB,SE,,,,,UK,GBR
BIOCON,2007,140,1,2612,Michael,R,Willig,Michael R Willig,EB,SE,,,,,USA,USA
BIOCON,2007,140,1,2113,Kimberly,A,With,Kimberly A With,SE,SE,,,,,USA,USA
BIOCON,2007,140,1,3255,R,Gerald,Wright,R Gerald Wright,EB,SE,,,,,USA,USA
BIOCON,2007,140,1,236,Andrew,,Young,Andrew Young,EB,SE,,,,,Australia,AUS
BIOCON,2008,141,1,2317,Mark,A,Burgman,Mark A Burgman,SE,SE,University of Melbourne,,,,Australia,AUS
BIOCON,2008,141,1,3520,Tim,,Caro,Tim Caro,SE,SE,University of California,,,,USA,USA
BIOCON,2008,141,1,3024,Richard,T,Corlett,Richard T Corlett,AE,AE,Chinese Academy of Sciences,,,,China,CHN
BIOCON,2008,141,1,1526,John,L,Craig,John L Craig,SE,SE,University of Auckland,,,,New Zealand,NZL
BIOCON,2008,141,1,260,B,NK,Davis,B NK Davis,SE,SE,,,,,UK,GBR
BIOCON,2008,141,1,958,Eric,,Duffey,Eric Duffey,SE,SE,Chez Gouillard,,,,France,FRA
BIOCON,2008,141,1,84,Andrew,B,Gill,Andrew B Gill,AE,AE,Cranfield University,,,,UK,GBR
BIOCON,2008,141,1,2161,Lena,,Gustafsson,Lena Gustafsson,SE,SE,Swedish University of Agricultural Sciences,,,,Sweden,SWE
BIOCON,2008,141,1,3355,Steve,,Hawkins,Steve Hawkins,SE,SE,University of Southhampton,,,,UK,GBR
BIOCON,2008,141,1,2829,Philip,AR,Hockey,Philip AR Hockey,SE,SE,,,,,South Africa,ZAF
BIOCON,2008,141,1,1649,Jose,M,Iriondo,Jose M Iriondo,SE,SE,Universidade Rey Juan Carlos,,,,Spain,ESP
BIOCON,2008,141,1,3108,Robert,L,Jefferies,Robert L Jefferies,SE,SE,University of Toronto,,,,Canada,CAN
BIOCON,2008,141,1,2030,Keith,,Kirby,Keith Kirby,SE,SE,English Nature,,,,UK,GBR
BIOCON,2008,141,1,3763,William,F,Laurance,William F Laurance,SE,SE,STRI,,,,Panama,PAN
BIOCON,2008,141,1,765,David,B,Lindenmayer,David B Lindenmayer,SE,SE,Australian National University,,,,Australia,AUS
BIOCON,2008,141,1,2043,Karen,R,Lips,Karen R Lips,SE,SE,Southern Illinois University,,,,USA,USA
BIOCON,2008,141,1,3143,R,H,Marrs,R H Marrs,AE,AE,,,,,UK,GBR
BIOCON,2008,141,1,1763,Jean-Paul,,Metzger,Jean-Paul Metzger,AE,AE,,,,,Brazil,BRA
BIOCON,2008,141,1,330,Brian,,Moss,Brian Moss,SE,SE,University of Liverpool,,,,UK,GBR
BIOCON,2008,141,1,2874,Peter,B,Moyle,Peter B Moyle,SE,SE,University of California Davis,,,,USA,USA
BIOCON,2008,141,1,3614,Tim,R,New,Tim R New,SE,SE,La Trobe University,,,,Australia,AUS
BIOCON,2008,141,1,1244,George,F,Peterken,George F Peterken,SE,SE,Lydney,,,,UK,GBR
BIOCON,2008,141,1,2896,Peter,,Poschlod,Peter Poschlod,SE,SE,University of Regensburg,,,,Germany,DEU
BIOCON,2008,141,1,342,Bob,,Pressey,Bob Pressey,SE,SE,University of Queensland,,,,Australia,AUS
BIOCON,2008,141,1,3197,Richard,B,Primack,Richard B Primack,EIC,EIC,Boston University,,,,USA,USA
BIOCON,2008,141,1,173,Andrew,S,Pullin,Andrew S Pullin,AE,AE,University of Wales,,,,UK,GBR
BIOCON,2008,141,1,1124,Fred,,Rumsey,Fred Rumsey,SE,SE,The Natural History Museum London,,,,UK,GBR
BIOCON,2008,141,1,856,Denis,A,Saunders,Denis A Saunders,SE,SE,CSIRO Sustainable Ecosystems,,,,Australia,AUS
BIOCON,2008,141,1,3921,Mark,W,Schwartz,Mark W Schwartz,SE,SE,University of California,,,,USA,USA
BIOCON,2008,141,1,3641,Tim,,Sparks,Tim Sparks,SE,SE,Centre for Ecology and Hydrology,,,,UK,GBR
BIOCON,2008,141,1,3853,Andrea,,Taylor,Andrea Taylor,SE,SE,Monash University,,,,Australia,AUS
BIOCON,2008,141,1,3496,Stephen,,Waldren,Stephen Waldren,SE,SE,Trinity College Botanic Garden,,,,Ireland,IRL
BIOCON,2008,141,1,2951,Phill,,Watts,Phill Watts,SE,SE,University of Liverpool,,,,UK,GBR
BIOCON,2008,141,1,2612,Michael,R,Willig,Michael R Willig,SE,SE, University of Connecticut,,,,USA,USA
BIOCON,2008,141,1,2113,Kimberly,A,With,Kimberly A With,AE,AE,Kansas State University,,,,USA,USA
BIOCON,2008,141,1,3255,R,Gerald,Wright,R Gerald Wright,SE,SE,University of Idaho,,,,USA,USA
BIOCON,2008,141,1,236,Andrew,,Young,Andrew Young,SE,SE,CSIRO Division of Plant Industry,,,,Australia,AUS
BIOCON,2009,142,1,2317,Mark,A,Burgman,Mark A Burgman,SE,SE,University of Melbourne,,,,Australia,AUS
BIOCON,2009,142,1,3520,Tim,,Caro,Tim Caro,SE,SE,University of California,,,,USA,USA
BIOCON,2009,142,1,3024,Richard,T,Corlett,Richard T Corlett,AE,AE,Chinese Academy of Sciences,,,,China,CHN
BIOCON,2009,142,1,1526,John,L,Craig,John L Craig,SE,SE,University of Auckland,,,,New Zealand,NZL
BIOCON,2009,142,1,260,B,NK,Davis,B NK Davis,SE,SE,,,,,UK,GBR
BIOCON,2009,142,1,958,Eric,,Duffey,Eric Duffey,SE,SE,Chez Gouillard,,,,France,FRA
BIOCON,2009,142,1,84,Andrew,B,Gill,Andrew B Gill,AE,AE,Cranfield University,,,,UK,GBR
BIOCON,2009,142,1,2161,Lena,,Gustafsson,Lena Gustafsson,SE,SE,Swedish University of Agricultural Sciences,,,,Sweden,SWE
BIOCON,2009,142,1,3355,Steve,,Hawkins,Steve Hawkins,SE,SE,University of Southhampton,,,,UK,GBR
BIOCON,2009,142,1,2829,Philip,AR,Hockey,Philip AR Hockey,SE,SE,,,,,South Africa,ZAF
BIOCON,2009,142,1,1649,Jose,M,Iriondo,Jose M Iriondo,SE,SE,Universidade Rey Juan Carlos,,,,Spain,ESP
BIOCON,2009,142,1,3108,Robert,L,Jefferies,Robert L Jefferies,SE,SE,University of Toronto,,,,Canada,CAN
BIOCON,2009,142,1,2030,Keith,,Kirby,Keith Kirby,SE,SE,English Nature,,,,UK,GBR
BIOCON,2009,142,1,3763,William,F,Laurance,William F Laurance,SE,SE,STRI,,,,Panama,PAN
BIOCON,2009,142,1,765,David,B,Lindenmayer,David B Lindenmayer,SE,SE,Australian National University,,,,Australia,AUS
BIOCON,2009,142,1,2043,Karen,R,Lips,Karen R Lips,SE,SE,Southern Illinois University,,,,USA,USA
BIOCON,2009,142,1,3143,R,H,Marrs,R H Marrs,AE,AE,,,,,UK,GBR
BIOCON,2009,142,1,1763,Jean-Paul,,Metzger,Jean-Paul Metzger,AE,AE,,,,,Brazil,BRA
BIOCON,2009,142,1,330,Brian,,Moss,Brian Moss,SE,SE,University of Liverpool,,,,UK,GBR
BIOCON,2009,142,1,2874,Peter,B,Moyle,Peter B Moyle,SE,SE,University of California Davis,,,,USA,USA
BIOCON,2009,142,1,3614,Tim,R,New,Tim R New,SE,SE,La Trobe University,,,,Australia,AUS
BIOCON,2009,142,1,1244,George,F,Peterken,George F Peterken,SE,SE,Lydney,,,,UK,GBR
BIOCON,2009,142,1,2896,Peter,,Poschlod,Peter Poschlod,SE,SE,University of Regensburg,,,,Germany,DEU
BIOCON,2009,142,1,342,Bob,,Pressey,Bob Pressey,SE,SE,University of Queensland,,,,Australia,AUS
BIOCON,2009,142,1,3197,Richard,B,Primack,Richard B Primack,EIC,EIC,Boston University,,,,USA,USA
BIOCON,2009,142,1,173,Andrew,S,Pullin,Andrew S Pullin,AE,AE,University of Wales,,,,UK,GBR
BIOCON,2009,142,1,1124,Fred,,Rumsey,Fred Rumsey,SE,SE,The Natural History Museum London,,,,UK,GBR
BIOCON,2009,142,1,856,Denis,A,Saunders,Denis A Saunders,SE,SE,CSIRO Sustainable Ecosystems,,,,Australia,AUS
BIOCON,2009,142,1,3921,Mark,W,Schwartz,Mark W Schwartz,SE,SE,University of California,,,,USA,USA
BIOCON,2009,142,1,2693,Navjot,S,Sodhi,Navjot S Sodhi,AE,AE,,,,,Singapore,SGP
BIOCON,2009,142,1,3641,Tim,,Sparks,Tim Sparks,SE,SE,Centre for Ecology and Hydrology,,,,UK,GBR
BIOCON,2009,142,1,3853,Andrea,,Taylor,Andrea Taylor,SE,SE,Monash University,,,,Australia,AUS
BIOCON,2009,142,1,3496,Stephen,,Waldren,Stephen Waldren,SE,SE,Trinity College Botanic Garden,,,,Ireland,IRL
BIOCON,2009,142,1,2951,Phill,,Watts,Phill Watts,SE,SE,University of Liverpool,,,,UK,GBR
BIOCON,2009,142,1,2612,Michael,R,Willig,Michael R Willig,SE,SE, University of Connecticut,,,,USA,USA
BIOCON,2009,142,1,2113,Kimberly,A,With,Kimberly A With,AE,AE,Kansas State University,,,,USA,USA
BIOCON,2009,142,1,3255,R,Gerald,Wright,R Gerald Wright,SE,SE,University of Idaho,,,,USA,USA
BIOCON,2009,142,1,236,Andrew,,Young,Andrew Young,SE,SE,CSIRO Division of Plant Industry,,,,Australia,AUS
BIOCON,2010,143,1,249,Barry,W,Brook,Barry W Brook,SE,SE,University of Adelaide,,,,Australia,AUS
BIOCON,2010,143,1,2317,Mark,A,Burgman,Mark A Burgman,SE,SE,University of Melbourne,,,,Australia,AUS
BIOCON,2010,143,1,3520,Tim,,Caro,Tim Caro,SE,SE,University of California,,,,USA,USA
BIOCON,2010,143,1,3013,Regis,,Cereghino,Regis Cereghino,SE,SE,University of Toulouse,,,,France,FRA
BIOCON,2010,143,1,3024,Richard,T,Corlett,Richard T Corlett,AE,AE,Chinese Academy of Sciences,,,,China,CHN
BIOCON,2010,143,1,1526,John,L,Craig,John L Craig,SE,SE,University of Auckland,,,,New Zealand,NZL
BIOCON,2010,143,1,260,B,NK,Davis,B NK Davis,SE,SE,,,,,UK,GBR
BIOCON,2010,143,1,958,Eric,,Duffey,Eric Duffey,SE,SE,Chez Gouillard,,,,France,FRA
BIOCON,2010,143,1,2369,Markus,,Fischer,Markus Fischer,AE,AE,University of Bern,,,,Switzerland,CHE
BIOCON,2010,143,1,84,Andrew,B,Gill,Andrew B Gill,AE,AE,Cranfield University,,,,UK,GBR
BIOCON,2010,143,1,2161,Lena,,Gustafsson,Lena Gustafsson,SE,SE,Swedish University of Agricultural Sciences,,,,Sweden,SWE
BIOCON,2010,143,1,3355,Steve,,Hawkins,Steve Hawkins,SE,SE,University of Southhampton,,,,UK,GBR
BIOCON,2010,143,1,2829,Philip,AR,Hockey,Philip AR Hockey,SE,SE,,,,,South Africa,ZAF
BIOCON,2010,143,1,1649,Jose,M,Iriondo,Jose M Iriondo,SE,SE,Universidade Rey Juan Carlos,,,,Spain,ESP
BIOCON,2010,143,1,2030,Keith,,Kirby,Keith Kirby,SE,SE,English Nature,,,,UK,GBR
BIOCON,2010,143,1,3763,William,F,Laurance,William F Laurance,SE,SE,STRI,,,,Panama,PAN
BIOCON,2010,143,1,765,David,B,Lindenmayer,David B Lindenmayer,SE,SE,Australian National University,,,,Australia,AUS
BIOCON,2010,143,1,2043,Karen,R,Lips,Karen R Lips,SE,SE,Southern Illinois University,,,,USA,USA
BIOCON,2010,143,1,1720,Julie,,Lockwood,Julie Lockwood,AE,AE,Rutgers University,,,,USA,USA
BIOCON,2010,143,1,3143,R,H,Marrs,R H Marrs,SE,SE,,,,,UK,GBR
BIOCON,2010,143,1,1763,Jean-Paul,,Metzger,Jean-Paul Metzger,AE,AE,,,,,Brazil,BRA
BIOCON,2010,143,1,330,Brian,,Moss,Brian Moss,SE,SE,University of Liverpool,,,,UK,GBR
BIOCON,2010,143,1,2874,Peter,B,Moyle,Peter B Moyle,SE,SE,University of California Davis,,,,USA,USA
BIOCON,2010,143,1,3614,Tim,R,New,Tim R New,SE,SE,La Trobe University,,,,Australia,AUS
BIOCON,2010,143,1,2896,Peter,,Poschlod,Peter Poschlod,SE,SE,University of Regensburg,,,,Germany,DEU
BIOCON,2010,143,1,3197,Richard,B,Primack,Richard B Primack,EIC,EIC,Boston University,,,,USA,USA
BIOCON,2010,143,1,173,Andrew,S,Pullin,Andrew S Pullin,AE,AE,University of Wales,,,,UK,GBR
BIOCON,2010,143,1,1124,Fred,,Rumsey,Fred Rumsey,SE,SE,The Natural History Museum London,,,,UK,GBR
BIOCON,2010,143,1,856,Denis,A,Saunders,Denis A Saunders,SE,SE,CSIRO Sustainable Ecosystems,,,,Australia,AUS
BIOCON,2010,143,1,3921,Mark,W,Schwartz,Mark W Schwartz,SE,SE,University of California,,,,USA,USA
BIOCON,2010,143,1,361,Bo,,Soderstrom,Bo Soderstrom,AE,AE,Swedish University of Agricutural Sciences,,,,Sweden,SWE
BIOCON,2010,143,1,2693,Navjot,S,Sodhi,Navjot S Sodhi,AE,AE,,,,,Singapore,SGP
BIOCON,2010,143,1,3641,Tim,,Sparks,Tim Sparks,SE,SE,Centre for Ecology and Hydrology,,,,UK,GBR
BIOCON,2010,143,1,3853,Andrea,,Taylor,Andrea Taylor,SE,SE,Monash University,,,,Australia,AUS
BIOCON,2010,143,1,3496,Stephen,,Waldren,Stephen Waldren,SE,SE,Trinity College Botanic Garden,,,,Ireland,IRL
BIOCON,2010,143,1,2951,Phill,,Watts,Phill Watts,SE,SE,University of Liverpool,,,,UK,GBR
BIOCON,2010,143,1,1953,Jeffrey,,Wielgus,Jeffrey Wielgus,SE,SE,World Resources Institute Washington,,,,USA,USA
BIOCON,2010,143,1,2612,Michael,R,Willig,Michael R Willig,SE,SE, University of Connecticut,,,,USA,USA
BIOCON,2010,143,1,3255,R,Gerald,Wright,R Gerald Wright,SE,SE,University of Idaho,,,,USA,USA
BIOCON,2010,143,1,236,Andrew,,Young,Andrew Young,SE,SE,CSIRO Division of Plant Industry,,,,Australia,AUS
BIOCON,2011,144,1,249,Barry,W,Brook,Barry W Brook,SE,SE,University of Adelaide,,,,Australia,AUS
BIOCON,2011,144,1,2317,Mark,A,Burgman,Mark A Burgman,SE,SE,University of Melbourne,,,,Australia,AUS
BIOCON,2011,144,1,3520,Tim,,Caro,Tim Caro,SE,SE,University of California,,,,USA,USA
BIOCON,2011,144,1,3013,Regis,,Cereghino,Regis Cereghino,SE,SE,University of Toulouse,,,,France,FRA
BIOCON,2011,144,1,3024,Richard,T,Corlett,Richard T Corlett,AE,AE,Chinese Academy of Sciences,,,,China,CHN
BIOCON,2011,144,1,2336,Mark,J,Costello,Mark J Costello,AE,AE,University of Auckland,,,,New Zealand,NZL
BIOCON,2011,144,1,1526,John,L,Craig,John L Craig,SE,SE,University of Auckland,,,,New Zealand,NZL
BIOCON,2011,144,1,260,B,NK,Davis,B NK Davis,SE,SE,,,,,UK,GBR
BIOCON,2011,144,1,958,Eric,,Duffey,Eric Duffey,SE,SE,Chez Gouillard,,,,France,FRA
BIOCON,2011,144,1,2383,Mauro,,Galetti,Mauro Galetti,AE,AE,UNESP Universidade Estadual Paulista,,,,Brazil,BRA
BIOCON,2011,144,1,2161,Lena,,Gustafsson,Lena Gustafsson,SE,SE,Swedish University of Agricultural Sciences,,,,Sweden,SWE
BIOCON,2011,144,1,3355,Steve,,Hawkins,Steve Hawkins,SE,SE,University of Southhampton,,,,UK,GBR
BIOCON,2011,144,1,2829,Philip,AR,Hockey,Philip AR Hockey,SE,SE,,,,,South Africa,ZAF
BIOCON,2011,144,1,1649,Jose,M,Iriondo,Jose M Iriondo,SE,SE,Universidade Rey Juan Carlos,,,,Spain,ESP
BIOCON,2011,144,1,2030,Keith,,Kirby,Keith Kirby,SE,SE,English Nature,,,,UK,GBR
BIOCON,2011,144,1,3763,William,F,Laurance,William F Laurance,SE,SE,STRI,,,,Panama,PAN
BIOCON,2011,144,1,1703,Jean-Dominique,,Lebreton,Jean-Dominique Lebreton,SE,SE,CNRS Montellier,,,,France,FRA
BIOCON,2011,144,1,765,David,B,Lindenmayer,David B Lindenmayer,SE,SE,Australian National University,,,,Australia,AUS
BIOCON,2011,144,1,2043,Karen,R,Lips,Karen R Lips,SE,SE,Southern Illinois University,,,,USA,USA
BIOCON,2011,144,1,1720,Julie,,Lockwood,Julie Lockwood,AE,AE,Rutgers University,,,,USA,USA
BIOCON,2011,144,1,3143,R,H,Marrs,R H Marrs,SE,SE,,,,,UK,GBR
BIOCON,2011,144,1,330,Brian,,Moss,Brian Moss,SE,SE,University of Liverpool,,,,UK,GBR
BIOCON,2011,144,1,2874,Peter,B,Moyle,Peter B Moyle,SE,SE,University of California Davis,,,,USA,USA
BIOCON,2011,144,1,3614,Tim,R,New,Tim R New,SE,SE,La Trobe University,,,,Australia,AUS
BIOCON,2011,144,1,808,Daniel,,Oro,Daniel Oro,AE,AE,IMEDEA,,,,Spain,ESP
BIOCON,2011,144,1,3185,Robin,,Pakeman,Robin Pakeman,AE,AE,Macaulay Land Use Research Institute,,,,UK,GBR
BIOCON,2011,144,1,2896,Peter,,Poschlod,Peter Poschlod,SE,SE,University of Regensburg,,,,Germany,DEU
BIOCON,2011,144,1,3197,Richard,B,Primack,Richard B Primack,EIC,EIC,Boston University,,,,USA,USA
BIOCON,2011,144,1,173,Andrew,S,Pullin,Andrew S Pullin,AE,AE,University of Wales,,,,UK,GBR
BIOCON,2011,144,1,1124,Fred,,Rumsey,Fred Rumsey,SE,SE,The Natural History Museum London,,,,UK,GBR
BIOCON,2011,144,1,856,Denis,A,Saunders,Denis A Saunders,SE,SE,CSIRO Sustainable Ecosystems,,,,Australia,AUS
BIOCON,2011,144,1,3921,Mark,W,Schwartz,Mark W Schwartz,SE,SE,University of California,,,,USA,USA
BIOCON,2011,144,1,2693,Navjot,S,Sodhi,Navjot S Sodhi,AE,AE,,,,,Singapore,SGP
BIOCON,2011,144,1,3641,Tim,,Sparks,Tim Sparks,SE,SE,Centre for Ecology and Hydrology,,,,UK,GBR
BIOCON,2011,144,1,3853,Andrea,,Taylor,Andrea Taylor,SE,SE,Monash University,,,,Australia,AUS
BIOCON,2011,144,1,3496,Stephen,,Waldren,Stephen Waldren,SE,SE,Trinity College Botanic Garden,,,,Ireland,IRL
BIOCON,2011,144,1,2951,Phill,,Watts,Phill Watts,SE,SE,University of Liverpool,,,,UK,GBR
BIOCON,2011,144,1,1953,Jeffrey,,Wielgus,Jeffrey Wielgus,SE,SE,World Resources Institute Washington,,,,USA,USA
BIOCON,2011,144,1,2612,Michael,R,Willig,Michael R Willig,SE,SE, University of Connecticut,,,,USA,USA
BIOCON,2011,144,1,236,Andrew,,Young,Andrew Young,SE,SE,CSIRO Division of Plant Industry,,,,Australia,AUS
BIOCON,2012,145,1,249,Barry,W,Brook,Barry W Brook,SE,SE,University of Adelaide,,,,Australia,AUS
BIOCON,2012,145,1,2317,Mark,A,Burgman,Mark A Burgman,AE,AE,University of Melbourne,,,,Australia,AUS
BIOCON,2012,145,1,3520,Tim,,Caro,Tim Caro,SE,SE,University of California,,,,USA,USA
BIOCON,2012,145,1,3013,Regis,,Cereghino,Regis Cereghino,SE,SE,University of Toulouse,,,,France,FRA
BIOCON,2012,145,1,3024,Richard,T,Corlett,Richard T Corlett,AE,AE,Chinese Academy of Sciences,,,,China,CHN
BIOCON,2012,145,1,2336,Mark,J,Costello,Mark J Costello,AE,AE,University of Auckland,,,,New Zealand,NZL
BIOCON,2012,145,1,1526,John,L,Craig,John L Craig,SE,SE,University of Auckland,,,,New Zealand,NZL
BIOCON,2012,145,1,3729,William,,Darwall,William Darwall,SE,SE,Freshwater Unit IUCN,,,,UK,GBR
BIOCON,2012,145,1,958,Eric,,Duffey,Eric Duffey,SE,SE,Chez Gouillard,,,,France,FRA
BIOCON,2012,145,1,451,Carlos,Roberto,Fonseca,Carlos Roberto Fonseca,SE,SE,UFRN Universidade Federal do Rio Grande do Norte,,,,Brazil,BRA
BIOCON,2012,145,1,2383,Mauro,,Galetti,Mauro Galetti,AE,AE,UNESP Universidade Estadual Paulista,,,,Brazil,BRA
BIOCON,2012,145,1,84,Andrew,B,Gill,Andrew B Gill,SE,SE,Cranfield University,,,,UK,GBR
BIOCON,2012,145,1,2161,Lena,,Gustafsson,Lena Gustafsson,SE,SE,Swedish University of Agricultural Sciences,,,,Sweden,SWE
BIOCON,2012,145,1,3355,Steve,,Hawkins,Steve Hawkins,SE,SE,University of Southhampton,,,,UK,GBR
BIOCON,2012,145,1,2829,Philip,AR,Hockey,Philip AR Hockey,SE,SE,,,,,South Africa,ZAF
BIOCON,2012,145,1,1649,Jose,M,Iriondo,Jose M Iriondo,SE,SE,Universidade Rey Juan Carlos,,,,Spain,ESP
BIOCON,2012,145,1,2030,Keith,,Kirby,Keith Kirby,SE,SE,English Nature,,,,UK,GBR
BIOCON,2012,145,1,2188,Lian,Pin,Koh,Lian Pin Koh,AE,AE,,,,,Switzerland,CHE
BIOCON,2012,145,1,3763,William,F,Laurance,William F Laurance,SE,SE,STRI,,,,Panama,PAN
BIOCON,2012,145,1,1703,Jean-Dominique,,Lebreton,Jean-Dominique Lebreton,SE,SE,CNRS Montellier,,,,France,FRA
BIOCON,2012,145,1,765,David,B,Lindenmayer,David B Lindenmayer,SE,SE,Australian National University,,,,Australia,AUS
BIOCON,2012,145,1,2043,Karen,R,Lips,Karen R Lips,SE,SE,Southern Illinois University,,,,USA,USA
BIOCON,2012,145,1,1720,Julie,,Lockwood,Julie Lockwood,AE,AE,Rutgers University,,,,USA,USA
BIOCON,2012,145,1,3139,Rafael,D,Loyola,Rafael D Loyola,SE,SE,Universidade Federal de Goias,,,,Brazil,BRA
BIOCON,2012,145,1,3143,R,H,Marrs,R H Marrs,SE,SE,,,,,UK,GBR
BIOCON,2012,145,1,1763,Jean-Paul,,Metzger,Jean-Paul Metzger,SE,SE,,,,,Brazil,BRA
BIOCON,2012,145,1,330,Brian,,Moss,Brian Moss,SE,SE,University of Liverpool,,,,UK,GBR
BIOCON,2012,145,1,2874,Peter,B,Moyle,Peter B Moyle,SE,SE,University of California Davis,,,,USA,USA
BIOCON,2012,145,1,3614,Tim,R,New,Tim R New,SE,SE,La Trobe University,,,,Australia,AUS
BIOCON,2012,145,1,808,Daniel,,Oro,Daniel Oro,AE,AE,IMEDEA,,,,Spain,ESP
BIOCON,2012,145,1,3185,Robin,,Pakeman,Robin Pakeman,AE,AE,Macaulay Land Use Research Institute,,,,UK,GBR
BIOCON,2012,145,1,2896,Peter,,Poschlod,Peter Poschlod,SE,SE,University of Regensburg,,,,Germany,DEU
BIOCON,2012,145,1,3197,Richard,B,Primack,Richard B Primack,EIC,EIC,Boston University,,,,USA,USA
BIOCON,2012,145,1,173,Andrew,S,Pullin,Andrew S Pullin,AE,AE,University of Wales,,,,UK,GBR
BIOCON,2012,145,1,1124,Fred,,Rumsey,Fred Rumsey,SE,SE,The Natural History Museum London,,,,UK,GBR
BIOCON,2012,145,1,856,Denis,A,Saunders,Denis A Saunders,SE,SE,CSIRO Sustainable Ecosystems,,,,Australia,AUS
BIOCON,2012,145,1,3921,Mark,W,Schwartz,Mark W Schwartz,SE,SE,University of California,,,,USA,USA
BIOCON,2012,145,1,567,Cagan,,Sekercioglu,Cagan Sekercioglu,SE,SE,University of Utah,,,,USA,USA
BIOCON,2012,145,1,361,Bo,,Soderstrom,Bo Soderstrom,SE,SE,Swedish University of Agricutural Sciences,,,,Sweden,SWE
BIOCON,2012,145,1,3641,Tim,,Sparks,Tim Sparks,SE,SE,Centre for Ecology and Hydrology,,,,UK,GBR
BIOCON,2012,145,1,3853,Andrea,,Taylor,Andrea Taylor,SE,SE,Monash University,,,,Australia,AUS
BIOCON,2012,145,1,3496,Stephen,,Waldren,Stephen Waldren,SE,SE,Trinity College Botanic Garden,,,,Ireland,IRL
BIOCON,2012,145,1,2951,Phill,,Watts,Phill Watts,SE,SE,University of Liverpool,,,,UK,GBR
BIOCON,2012,145,1,1953,Jeffrey,,Wielgus,Jeffrey Wielgus,SE,SE,World Resources Institute Washington,,,,USA,USA
BIOCON,2012,145,1,2612,Michael,R,Willig,Michael R Willig,SE,SE, University of Connecticut,,,,USA,USA
BIOCON,2012,145,1,236,Andrew,,Young,Andrew Young,SE,SE,CSIRO Division of Plant Industry,,,,Australia,AUS
BIOCON,2013,157,1,249,Barry,W,Brook,Barry W Brook,SE,SE,University of Adelaide,,,,Australia,AUS
BIOCON,2013,157,1,2317,Mark,A,Burgman,Mark A Burgman,AE,AE,University of Melbourne,,,,Australia,AUS
BIOCON,2013,157,1,3520,Tim,,Caro,Tim Caro,SE,SE,University of California,,,,USA,USA
BIOCON,2013,157,1,3013,Regis,,Cereghino,Regis Cereghino,SE,SE,University of Toulouse,,,,France,FRA
BIOCON,2013,157,1,3024,Richard,T,Corlett,Richard T Corlett,AE,AE,Chinese Academy of Sciences,,,,China,CHN
BIOCON,2013,157,1,2336,Mark,J,Costello,Mark J Costello,AE,AE,University of Auckland,,,,New Zealand,NZL
BIOCON,2013,157,1,1526,John,L,Craig,John L Craig,SE,SE,University of Auckland,,,,New Zealand,NZL
BIOCON,2013,157,1,3729,William,,Darwall,William Darwall,SE,SE,Freshwater Unit IUCN,,,,UK,GBR
BIOCON,2013,157,1,958,Eric,,Duffey,Eric Duffey,SE,SE,,,,,France,FRA
BIOCON,2013,157,1,451,Carlos,Roberto,Fonseca,Carlos Roberto Fonseca,SE,SE,UFRN Universidade Federal do Rio Grande do Norte,,,,Brazil,BRA
BIOCON,2013,157,1,2383,Mauro,,Galetti,Mauro Galetti,AE,AE,UNESP Universidade Estadual Paulista,,,,Brazil,BRA
BIOCON,2013,157,1,2007,Kevin,J,Gaston,Kevin J Gaston,SE,SE,University of Exeter Penryn,,,,UK,GBR
BIOCON,2013,157,1,84,Andrew,B,Gill,Andrew B Gill,SE,SE,Cranfield University,,,,UK,GBR
BIOCON,2013,157,1,2161,Lena,,Gustafsson,Lena Gustafsson,SE,SE,Swedish University of Agricultural Sciences,,,,Sweden,SWE
BIOCON,2013,157,1,3355,Steve,,Hawkins,Steve Hawkins,SE,SE,University of Southhampton,,,,UK,GBR
BIOCON,2013,157,1,2829,Philip,AR,Hockey,Philip AR Hockey,SE,SE,,,,,South Africa,ZAF
BIOCON,2013,157,1,1084,Falk,,Huettmann,Falk Huettmann,SE,SE,University of Alaska Fairbanks,,,,USA,USA
BIOCON,2013,157,1,1649,Jose,M,Iriondo,Jose M Iriondo,SE,SE,Universidade Rey Juan Carlos,,,,Spain,ESP
BIOCON,2013,157,1,2030,Keith,,Kirby,Keith Kirby,SE,SE,English Nature,,,,UK,GBR
BIOCON,2013,157,1,2188,Lian,Pin,Koh,Lian Pin Koh,AE,AE,,,,,Switzerland,CHE
BIOCON,2013,157,1,3763,William,F,Laurance,William F Laurance,SE,SE,STRI,,,,Panama,PAN
BIOCON,2013,157,1,1703,Jean-Dominique,,Lebreton,Jean-Dominique Lebreton,SE,SE,CNRS Montellier,,,,France,FRA
BIOCON,2013,157,1,765,David,B,Lindenmayer,David B Lindenmayer,SE,SE,Australian National University,,,,Australia,AUS
BIOCON,2013,157,1,2043,Karen,R,Lips,Karen R Lips,SE,SE,Southern Illinois University,,,,USA,USA
BIOCON,2013,157,1,1720,Julie,,Lockwood,Julie Lockwood,AE,AE,Rutgers University,,,,USA,USA
BIOCON,2013,157,1,3139,Rafael,D,Loyola,Rafael D Loyola,SE,SE,Universidade Federal de Goias,,,,Brazil,BRA
BIOCON,2013,157,1,3143,R,H,Marrs,R H Marrs,SE,SE,,,,,UK,GBR
BIOCON,2013,157,1,1000,Eve,,McDonald-Madden,Eve McDonald-Madden,SE,SE,University of Queensland,,,,Australia,AUS
BIOCON,2013,157,1,1763,Jean-Paul,,Metzger,Jean-Paul Metzger,SE,SE,,,,,Brazil,BRA
BIOCON,2013,157,1,154,Atte,,Moilanen,Atte Moilanen,SE,SE,University of Helsinki,,,,Finland,FIN
BIOCON,2013,157,1,330,Brian,,Moss,Brian Moss,SE,SE,University of Liverpool,,,,UK,GBR
BIOCON,2013,157,1,2874,Peter,B,Moyle,Peter B Moyle,SE,SE,University of California Davis,,,,USA,USA
BIOCON,2013,157,1,3614,Tim,R,New,Tim R New,SE,SE,La Trobe University,,,,Australia,AUS
BIOCON,2013,157,1,808,Daniel,,Oro,Daniel Oro,AE,AE,IMEDEA,,,,Spain,ESP
BIOCON,2013,157,1,3185,Robin,,Pakeman,Robin Pakeman,AE,AE,Macaulay Land Use Research Institute,,,,UK,GBR
BIOCON,2013,157,1,1813,Jacob,,Pollock,Jacob Pollock,SE,SE,University of California at Santa Cruz,,,,USA,USA
BIOCON,2013,157,1,2896,Peter,,Poschlod,Peter Poschlod,SE,SE,University of Regensburg,,,,Germany,DEU
BIOCON,2013,157,1,3197,Richard,B,Primack,Richard B Primack,EIC,EIC,Boston University,,,,USA,USA
BIOCON,2013,157,1,173,Andrew,S,Pullin,Andrew S Pullin,AE,AE,University of Wales,,,,UK,GBR
BIOCON,2013,157,1,1124,Fred,,Rumsey,Fred Rumsey,SE,SE,The Natural History Museum London,,,,UK,GBR
BIOCON,2013,157,1,856,Denis,A,Saunders,Denis A Saunders,SE,SE,CSIRO Sustainable Ecosystems,,,,Australia,AUS
BIOCON,2013,157,1,3921,Mark,W,Schwartz,Mark W Schwartz,SE,SE,University of California,,,,USA,USA
BIOCON,2013,157,1,567,Cagan,,Sekercioglu,Cagan Sekercioglu,SE,SE,University of Utah,,,,USA,USA
BIOCON,2013,157,1,361,Bo,,Soderstrom,Bo Soderstrom,SE,SE,Swedish University of Agricutural Sciences,,,,Sweden,SWE
BIOCON,2013,157,1,3641,Tim,,Sparks,Tim Sparks,SE,SE,Centre for Ecology and Hydrology,,,,UK,GBR
BIOCON,2013,157,1,3853,Andrea,,Taylor,Andrea Taylor,SE,SE,Monash University,,,,Australia,AUS
BIOCON,2013,157,1,3496,Stephen,,Waldren,Stephen Waldren,SE,SE,Trinity College Botanic Garden,,,,Ireland,IRL
BIOCON,2013,157,1,2951,Phill,,Watts,Phill Watts,SE,SE,University of Liverpool,,,,UK,GBR
BIOCON,2013,157,1,1953,Jeffrey,,Wielgus,Jeffrey Wielgus,SE,SE,World Resources Institute Washington,,,,USA,USA
BIOCON,2013,157,1,2612,Michael,R,Willig,Michael R Willig,SE,SE, University of Connecticut,,,,USA,USA
BIOCON,2013,157,1,236,Andrew,,Young,Andrew Young,SE,SE,CSIRO Division of Plant Industry,,,,Australia,AUS
BIOCON,2014,169,NA,1977,Karen,H,Beard,Karen H Beard,E,AE,Utah State University,,,,USA,USA
BIOCON,2014,169,NA,249,Barry,W,Brook,Barry W Brook,EB,SE,The University of Adelaide,,,,Australia,AUS
BIOCON,2014,169,NA,2778,Philip,,Cafaro,Philip Cafaro,Book.Review.Editor,SPECIAL,,,,,USA,USA
BIOCON,2014,169,NA,3520,Tim,,Caro,Tim Caro,EB,SE,,,,,USA,USA
BIOCON,2014,169,NA,3013,Regis,,Cereghino,Regis Cereghino,EB,SE,,,,,France,FRA
BIOCON,2014,169,NA,1508,Jin,,Chen,Jin Chen,EB,SE,,,,,China,CHN
BIOCON,2014,169,NA,3023,Rochelle,,Constantine,Rochelle Constantine,EB,SE,,,,,New Zealand,NZL
BIOCON,2014,169,NA,3024,Richard,T,Corlett,Richard T Corlett,E,AE,Chinese Academy of Sciences,,,,China,CHN
BIOCON,2014,169,NA,2336,Mark,J,Costello,Mark J Costello,E,AE,University of Auckland,,,,New Zealand,NZL
BIOCON,2014,169,NA,3682,Vincent,,DeVictor,Vincent DeVictor,E,AE,,,,,France,FRA
BIOCON,2014,169,NA,958,Eric,,Duffey,Eric Duffey,EB,SE,,,,,France,FRA
BIOCON,2014,169,NA,451,Carlos,R,Fonseca,Carlos R Fonseca,EB,SE,Universidade Federal do Rio Grande do Norte (UFRN),,,,Brazil,BRA
BIOCON,2014,169,NA,2383,Mauro,,Galetti,Mauro Galetti,E,AE,,,,,Brazil,BRA
BIOCON,2014,169,NA,2007,Kevin,J,Gaston,Kevin J Gaston,EB,SE,"University of Exeter, Penryn campus",,,,UK,GBR
BIOCON,2014,169,NA,2156,Laurent,,Godet,Laurent Godet,EB,SE,,,,,France,FRA
BIOCON,2014,169,NA,2161,Lena,,Gustafsson,Lena Gustafsson,EB,SE,,,,,Sweden,SWE
BIOCON,2014,169,NA,3355,Steve,J,Hawkins,Steve J Hawkins,EB,SE,University of Southampton,,,,UK,GBR
BIOCON,2014,169,NA,2829,Philip,AR,Hockey,Philip AR Hockey,EB,SE,University of Cape Town,,,,South Africa,ZAF
BIOCON,2014,169,NA,1084,Falk,,Huettmann,Falk Huettmann,EB,SE,,,,,USA,USA
BIOCON,2014,169,NA,3845,Zhi-Gang,,Jiang,Zhi-Gang Jiang,EB,SE,,,,,China,CHN
BIOCON,2014,169,NA,2030,Keith,J,Kirby,Keith J Kirby,EB,SE,English Nature,,,,UK,GBR
BIOCON,2014,169,NA,2188,Lian,Pin,Koh,Lian Pin Koh,E,AE,,,,,Australia,AUS
BIOCON,2014,169,NA,1685,Jagdish,,Krishnaswamy,Jagdish Krishnaswamy,EB,SE,,,,,India,IND
BIOCON,2014,169,NA,3763,William,F,Laurance,William F Laurance,EB,SE,Smithsonian Tropical Research Institute,,,,Panama,PAN
BIOCON,2014,169,NA,3588,Tien,M,Lee,Tien M Lee,EB,SE,Columbia University ,,,,USA,USA
BIOCON,2014,169,NA,765,David,B,Lindenmayer,David B Lindenmayer,EB,SE,Australian National University,,,,Australia,AUS
BIOCON,2014,169,NA,1720,Julie,L,Lockwood,Julie L Lockwood,E,AE,Rutgers University,,,,USA,USA
BIOCON,2014,169,NA,3139,Rafael,D,Loyola,Rafael D Loyola,EB,SE,"Universidade Federal de Goias,",,,,Brazil,BRA
BIOCON,2014,169,NA,3143,Robert,H,Marrs,Robert H Marrs,EB,SE,School of Biological Sciences,,,,UK,GBR
BIOCON,2014,169,NA,1000,Eve,,McDonald-Madden,Eve McDonald-Madden,EB,SE,,,,,Australia,AUS
BIOCON,2014,169,NA,1763,Jean-Paul,,Metzger,Jean-Paul Metzger,EB,SE,,,,,Brazil,BRA
BIOCON,2014,169,NA,154,Atte,,Moilanen,Atte Moilanen,EB,SE,,,,,Finland,FIN
BIOCON,2014,169,NA,330,Brian,,Moss,Brian Moss,EB,SE,,,,,UK,GBR
BIOCON,2014,169,NA,2874,Peter,B,Moyle,Peter B Moyle,EB,SE,"University of California, Davis  ",,,,USA,USA
BIOCON,2014,169,NA,3614,Tim,R,New,Tim R New,EB,SE,La Trobe University,,,,Australia,AUS
BIOCON,2014,169,NA,3185,Robin,J,Pakeman,Robin J Pakeman,E,AE,,,,,UK,GBR
BIOCON,2014,169,NA,1813,Jacob,,Pollock,Jacob Pollock,EB,SE,,,,,USA,USA
BIOCON,2014,169,NA,2896,Peter,,Poschlod,Peter Poschlod,EB,SE,,,,,Germany,DEU
BIOCON,2014,169,NA,3197,Richard,B,Primack,Richard B Primack,EIC,EIC,Boston University,,,,USA,USA
BIOCON,2014,169,NA,173,Andrew,S,Pullin,Andrew S Pullin,E,AE,University of Wales,,,,UK,GBR
BIOCON,2014,169,NA,3628,Tracey,J,Regan,Tracey J Regan,E,AE,The University of Melbourne,,,,Australia,AUS
BIOCON,2014,169,NA,3788,William,J,Ripple,William J Ripple,EB,SE,Oregon State University,,,,USA,USA
BIOCON,2014,169,NA,1124,Fred,J,Rumsey,Fred J Rumsey,EB,SE,The Natural History Museum,,,,UK,GBR
BIOCON,2014,169,NA,856,Denis,A,Saunders,Denis A Saunders,EB,SE,CSIRO Sustainable Ecosystems ,,,,Australia,AUS
BIOCON,2014,169,NA,3921,Mark,W,Schwartz,Mark W Schwartz,EB,SE,"University of California, Davis  ",,,,USA,USA
BIOCON,2014,169,NA,567,Cagan,H,Sekercioglu,Cagan H Sekercioglu,EB,SE,University of Utah,,,,USA,USA
BIOCON,2014,169,NA,2951,Phill,,Watts,Phill Watts,EB,SE,,,,,UK,GBR
BIOCON,2014,169,NA,3501,Serge,,Wich,Serge Wich,EB,SE,,,,,UK,GBR
BIOCON,2014,169,NA,1953,Jeffrey,,Wielgus,Jeffrey Wielgus,EB,SE,,,,,USA,USA
BIOCON,2014,169,NA,2612,Michael,R,Willig,Michael R Willig,EB,SE,University of Connecticut,,,,USA,USA