JOURNAL,YEAR,VOLUME,ISSUE,editor_id,FIRST_NAME,MIDDLE_NAME,LAST_NAME,NAME,TITLE.x,CATEGORY,INST,UNIT,CITY,STATE,COUNTRY,geo.code
CONBIO,1987,1,1,1976,Kamaijit,S,Bawa,Kamaijit S Bawa,AE,AE,,,,,USA,USA
CONBIO,1987,1,1,424,Colin,,Clark,Colin Clark,SE,SE,,,,,Canada,CAN
CONBIO,1987,1,1,3034,Raymon,,Dasmann,Raymon Dasmann,SE,SE,,,,,USA,USA
CONBIO,1987,1,1,1545,Jared,,Diamond,Jared Diamond,SE,SE,,,,,USA,USA
CONBIO,1987,1,1,680,David,,Ehrenfeld,David Ehrenfeld,EIC,EIC,,,,,USA,USA
CONBIO,1987,1,1,2380,Madhav,,Gadgil,Madhav Gadgil,SE,SE,,,,,India,IND
CONBIO,1987,1,1,87,Arturo,,Gomez-Pompa,Arturo Gomez-Pompa,SE,SE,,,,,USA,USA
CONBIO,1987,1,1,972,Eville,,Gorham,Eville Gorham,SE,SE,,,,,USA,USA
CONBIO,1987,1,1,1188,Gordon,,Grigg,Gordon Grigg,SE,SE,,,,,Australia,AUS
CONBIO,1987,1,1,734,David,,Jablonski,David Jablonski,SE,SE,,,,,USA,USA
CONBIO,1987,1,1,3109,Robert,,Jenkins,Robert Jenkins,SE,SE,,,,,USA,USA
CONBIO,1987,1,1,748,Devra,G,Kleiman,Devra G Kleiman,SE,SE,,,,,USA,USA
CONBIO,1987,1,1,1218,Grenville,,Lucas,Grenville Lucas,SE,SE,,,,,UK,GBR
CONBIO,1987,1,1,1224,Guillermo,W,Mann,Guillermo W Mann,AE,AE,,,,,USA,USA
CONBIO,1987,1,1,3147,Robert,,May,Robert May,SE,SE,,,,,UK,GBR
CONBIO,1987,1,1,335,Bryan,,Norton,Bryan Norton,SE,SE,,,,,USA,USA
CONBIO,1987,1,1,2886,Paul,,Opler,Paul Opler,SE,SE,,,,,USA,USA
CONBIO,1987,1,1,1250,G,Carlton,Ray,G Carlton Ray,SE,SE,,,,,USA,USA
CONBIO,1987,1,1,3942,Stephen,,Schneider,Stephen Schneider,SE,SE,,,,,USA,USA
CONBIO,1987,1,1,1361,Herman,H,Shugart,Herman H Shugart,SE,SE,,,,,USA,USA
CONBIO,1987,1,1,867,Daniel,,Simberloff,Daniel Simberloff,SE,SE,,,,,USA,USA
CONBIO,1987,1,1,1426,Itaru,,Uchida,Itaru Uchida,SE,SE,,,,,Japan,JPN
CONBIO,1987,1,1,3241,Robert,,Vrijenhoek,Robert Vrijenhoek,SE,SE,,,,,USA,USA
CONBIO,1987,1,1,912,David,,Western,David Western,SE,SE,,,,,USA,USA
CONBIO,1987,1,1,227,Arthur,,Westing,Arthur Westing,SE,SE,,,,,USA,USA
CONBIO,1987,1,1,375,Bruce,,Wilcox,Bruce Wilcox,AE,AE,,,,,USA,USA
CONBIO,1988,2,1,1976,Kamaijit,S,Bawa,Kamaijit S Bawa,AE,AE,,,,,USA,USA
CONBIO,1988,2,1,935,Eric,,Bolen,Eric Bolen,SE,SE,,,,,USA,USA
CONBIO,1988,2,1,424,Colin,,Clark,Colin Clark,SE,SE,,,,,Canada,CAN
CONBIO,1988,2,1,3034,Raymon,,Dasmann,Raymon Dasmann,SE,SE,,,,,USA,USA
CONBIO,1988,2,1,1545,Jared,,Diamond,Jared Diamond,SE,SE,,,,,USA,USA
CONBIO,1988,2,1,680,David,,Ehrenfeld,David Ehrenfeld,EIC,EIC,,,,,USA,USA
CONBIO,1988,2,1,2380,Madhav,,Gadgil,Madhav Gadgil,SE,SE,,,,,India,IND
CONBIO,1988,2,1,87,Arturo,,Gomez-Pompa,Arturo Gomez-Pompa,SE,SE,,,,,USA,USA
CONBIO,1988,2,1,972,Eville,,Gorham,Eville Gorham,SE,SE,,,,,USA,USA
CONBIO,1988,2,1,1188,Gordon,,Grigg,Gordon Grigg,SE,SE,,,,,Australia,AUS
CONBIO,1988,2,1,2175,Laura,,Huenneke,Laura Huenneke,SE,SE,,,,,USA,USA
CONBIO,1988,2,1,734,David,,Jablonski,David Jablonski,SE,SE,,,,,USA,USA
CONBIO,1988,2,1,3109,Robert,,Jenkins,Robert Jenkins,SE,SE,,,,,USA,USA
CONBIO,1988,2,1,748,Devra,G,Kleiman,Devra G Kleiman,SE,SE,,,,,USA,USA
CONBIO,1988,2,1,1218,Grenville,,Lucas,Grenville Lucas,SE,SE,,,,,UK,GBR
CONBIO,1988,2,1,1224,Guillermo,W,Mann,Guillermo W Mann,AE,AE,,,,,USA,USA
CONBIO,1988,2,1,3147,Robert,,May,Robert May,SE,SE,,,,,UK,GBR
CONBIO,1988,2,1,1229,Gary,K,Meffe,Gary K Meffe,SE,SE,,,,,USA,USA
CONBIO,1988,2,1,335,Bryan,,Norton,Bryan Norton,SE,SE,,,,,USA,USA
CONBIO,1988,2,1,2886,Paul,,Opler,Paul Opler,SE,SE,,,,,USA,USA
CONBIO,1988,2,1,1250,G,Carlton,Ray,G Carlton Ray,SE,SE,,,,,USA,USA
CONBIO,1988,2,1,3942,Stephen,,Schneider,Stephen Schneider,SE,SE,,,,,USA,USA
CONBIO,1988,2,1,1361,Herman,H,Shugart,Herman H Shugart,SE,SE,,,,,USA,USA
CONBIO,1988,2,1,867,Daniel,,Simberloff,Daniel Simberloff,SE,SE,,,,,USA,USA
CONBIO,1988,2,1,1426,Itaru,,Uchida,Itaru Uchida,SE,SE,,,,,Japan,JPN
CONBIO,1988,2,1,3241,Robert,,Vrijenhoek,Robert Vrijenhoek,SE,SE,,,,,USA,USA
CONBIO,1988,2,1,912,David,,Western,David Western,SE,SE,,,,,USA,USA
CONBIO,1988,2,1,227,Arthur,,Westing,Arthur Westing,SE,SE,,,,,USA,USA
CONBIO,1988,2,1,375,Bruce,,Wilcox,Bruce Wilcox,AE,AE,,,,,USA,USA
CONBIO,1988,2,1,237,Amotz,,Zahavi,Amotz Zahavi,SE,SE,,,,,Israel,ISR
CONBIO,1989,3,1,1976,Kamaijit,S,Bawa,Kamaijit S Bawa,AE,AE,,,,,USA,USA
CONBIO,1989,3,1,935,Eric,,Bolen,Eric Bolen,SE,SE,,,,,USA,USA
CONBIO,1989,3,1,424,Colin,,Clark,Colin Clark,SE,SE,,,,,Canada,CAN
CONBIO,1989,3,1,3034,Raymon,,Dasmann,Raymon Dasmann,SE,SE,,,,,USA,USA
CONBIO,1989,3,1,1545,Jared,,Diamond,Jared Diamond,SE,SE,,,,,USA,USA
CONBIO,1989,3,1,58,Andrew,P,Dobson,Andrew P Dobson,SE,SE,,,,,USA,USA
CONBIO,1989,3,1,680,David,,Ehrenfeld,David Ehrenfeld,EIC,EIC,,,,,USA,USA
CONBIO,1989,3,1,1580,Jerry,,Franklin,Jerry Franklin,SE,SE,,,,,USA,USA
CONBIO,1989,3,1,2380,Madhav,,Gadgil,Madhav Gadgil,SE,SE,,,,,India,IND
CONBIO,1989,3,1,3339,Stephen,,Gliessman,Stephen Gliessman,SE,SE,,,,,USA,USA
CONBIO,1989,3,1,1188,Gordon,,Grigg,Gordon Grigg,SE,SE,,,,,Australia,AUS
CONBIO,1989,3,1,473,Charles,,Hall,Charles Hall,SE,SE,,,,,USA,USA
CONBIO,1989,3,1,2168,Larry,,Harris,Larry Harris,SE,SE,,,,,USA,USA
CONBIO,1989,3,1,3364,Stephen,,Hubbell,Stephen Hubbell,SE,SE,,,,,USA,USA
CONBIO,1989,3,1,2175,Laura,,Huenneke,Laura Huenneke,SE,SE,,,,,USA,USA
CONBIO,1989,3,1,734,David,,Jablonski,David Jablonski,SE,SE,,,,,USA,USA
CONBIO,1989,3,1,3367,Susan,K,Jacobson,Susan K Jacobson,SE,SE,,,,,USA,USA
CONBIO,1989,3,1,3109,Robert,,Jenkins,Robert Jenkins,SE,SE,,,,,USA,USA
CONBIO,1989,3,1,748,Devra,G,Kleiman,Devra G Kleiman,SE,SE,,,,,USA,USA
CONBIO,1989,3,1,1218,Grenville,,Lucas,Grenville Lucas,SE,SE,,,,,UK,GBR
CONBIO,1989,3,1,3147,Robert,,May,Robert May,SE,SE,,,,,UK,GBR
CONBIO,1989,3,1,1229,Gary,K,Meffe,Gary K Meffe,SE,SE,,,,,USA,USA
CONBIO,1989,3,1,335,Bryan,,Norton,Bryan Norton,SE,SE,,,,,USA,USA
CONBIO,1989,3,1,2886,Paul,,Opler,Paul Opler,SE,SE,,,,,USA,USA
CONBIO,1989,3,1,809,David,W,Orr,David W Orr,AE,AE,,,,,USA,USA
CONBIO,1989,3,1,3942,Stephen,,Schneider,Stephen Schneider,SE,SE,,,,,USA,USA
CONBIO,1989,3,1,1361,Herman,H,Shugart,Herman H Shugart,SE,SE,,,,,USA,USA
CONBIO,1989,3,1,867,Daniel,,Simberloff,Daniel Simberloff,SE,SE,,,,,USA,USA
CONBIO,1989,3,1,3485,Stanley,,Temple,Stanley Temple,AE,AE,,,,,USA,USA
CONBIO,1989,3,1,1426,Itaru,,Uchida,Itaru Uchida,SE,SE,,,,,Japan,JPN
CONBIO,1989,3,1,3241,Robert,,Vrijenhoek,Robert Vrijenhoek,SE,SE,,,,,USA,USA
CONBIO,1989,3,1,912,David,,Western,David Western,SE,SE,,,,,USA,USA
CONBIO,1989,3,1,227,Arthur,,Westing,Arthur Westing,SE,SE,,,,,USA,USA
CONBIO,1989,3,1,237,Amotz,,Zahavi,Amotz Zahavi,SE,SE,,,,,Israel,ISR
CONBIO,1990,4,1,1976,Kamaijit,S,Bawa,Kamaijit S Bawa,AE,AE,,,,,USA,USA
CONBIO,1990,4,1,935,Eric,,Bolen,Eric Bolen,SE,SE,,,,,USA,USA
CONBIO,1990,4,1,424,Colin,,Clark,Colin Clark,SE,SE,,,,,Canada,CAN
CONBIO,1990,4,1,3034,Raymon,,Dasmann,Raymon Dasmann,SE,SE,,,,,USA,USA
CONBIO,1990,4,1,1545,Jared,,Diamond,Jared Diamond,SE,SE,,,,,USA,USA
CONBIO,1990,4,1,58,Andrew,P,Dobson,Andrew P Dobson,SE,SE,,,,,USA,USA
CONBIO,1990,4,1,680,David,,Ehrenfeld,David Ehrenfeld,EIC,EIC,,,,,USA,USA
CONBIO,1990,4,1,1580,Jerry,,Franklin,Jerry Franklin,SE,SE,,,,,USA,USA
CONBIO,1990,4,1,2380,Madhav,,Gadgil,Madhav Gadgil,SE,SE,,,,,India,IND
CONBIO,1990,4,1,3339,Stephen,,Gliessman,Stephen Gliessman,SE,SE,,,,,USA,USA
CONBIO,1990,4,1,1188,Gordon,,Grigg,Gordon Grigg,SE,SE,,,,,Australia,AUS
CONBIO,1990,4,1,473,Charles,,Hall,Charles Hall,SE,SE,,,,,USA,USA
CONBIO,1990,4,1,2168,Larry,,Harris,Larry Harris,SE,SE,,,,,USA,USA
CONBIO,1990,4,1,3364,Stephen,,Hubbell,Stephen Hubbell,SE,SE,,,,,USA,USA
CONBIO,1990,4,1,2175,Laura,,Huenneke,Laura Huenneke,SE,SE,,,,,USA,USA
CONBIO,1990,4,1,734,David,,Jablonski,David Jablonski,SE,SE,,,,,USA,USA
CONBIO,1990,4,1,3367,Susan,K,Jacobson,Susan K Jacobson,SE,SE,,,,,USA,USA
CONBIO,1990,4,1,3109,Robert,,Jenkins,Robert Jenkins,SE,SE,,,,,USA,USA
CONBIO,1990,4,1,748,Devra,G,Kleiman,Devra G Kleiman,SE,SE,,,,,USA,USA
CONBIO,1990,4,1,1218,Grenville,,Lucas,Grenville Lucas,SE,SE,,,,,UK,GBR
CONBIO,1990,4,1,3147,Robert,,May,Robert May,SE,SE,,,,,UK,GBR
CONBIO,1990,4,1,1229,Gary,K,Meffe,Gary K Meffe,SE,SE,,,,,USA,USA
CONBIO,1990,4,1,335,Bryan,,Norton,Bryan Norton,SE,SE,,,,,USA,USA
CONBIO,1990,4,1,2886,Paul,,Opler,Paul Opler,SE,SE,,,,,USA,USA
CONBIO,1990,4,1,809,David,W,Orr,David W Orr,AE,AE,,,,,USA,USA
CONBIO,1990,4,1,3942,Stephen,,Schneider,Stephen Schneider,SE,SE,,,,,USA,USA
CONBIO,1990,4,1,1361,Herman,H,Shugart,Herman H Shugart,SE,SE,,,,,USA,USA
CONBIO,1990,4,1,867,Daniel,,Simberloff,Daniel Simberloff,SE,SE,,,,,USA,USA
CONBIO,1990,4,1,3485,Stanley,,Temple,Stanley Temple,AE,AE,,,,,USA,USA
CONBIO,1990,4,1,1426,Itaru,,Uchida,Itaru Uchida,SE,SE,,,,,Japan,JPN
CONBIO,1990,4,1,3241,Robert,,Vrijenhoek,Robert Vrijenhoek,SE,SE,,,,,USA,USA
CONBIO,1990,4,1,912,David,,Western,David Western,SE,SE,,,,,USA,USA
CONBIO,1990,4,1,227,Arthur,,Westing,Arthur Westing,SE,SE,,,,,USA,USA
CONBIO,1990,4,1,237,Amotz,,Zahavi,Amotz Zahavi,SE,SE,,,,,Israel,ISR
CONBIO,1991,5,1,1047,Fred,,Allendorf,Fred Allendorf,SE,SE,,,,,USA,USA
CONBIO,1991,5,1,1976,Kamaijit,S,Bawa,Kamaijit S Bawa,AE,AE,,,,,USA,USA
CONBIO,1991,5,1,935,Eric,,Bolen,Eric Bolen,SE,SE,,,,,USA,USA
CONBIO,1991,5,1,424,Colin,,Clark,Colin Clark,SE,SE,,,,,Canada,CAN
CONBIO,1991,5,1,1545,Jared,,Diamond,Jared Diamond,SE,SE,,,,,USA,USA
CONBIO,1991,5,1,58,Andrew,P,Dobson,Andrew P Dobson,SE,SE,,,,,USA,USA
CONBIO,1991,5,1,680,David,,Ehrenfeld,David Ehrenfeld,EIC,EIC,,,,,USA,USA
CONBIO,1991,5,1,1580,Jerry,,Franklin,Jerry Franklin,SE,SE,,,,,USA,USA
CONBIO,1991,5,1,2380,Madhav,,Gadgil,Madhav Gadgil,SE,SE,,,,,India,IND
CONBIO,1991,5,1,3339,Stephen,,Gliessman,Stephen Gliessman,SE,SE,,,,,USA,USA
CONBIO,1991,5,1,1073,Fredrick,,Grassle,Fredrick Grassle,SE,SE,,,,,USA,USA
CONBIO,1991,5,1,1188,Gordon,,Grigg,Gordon Grigg,SE,SE,,,,,Australia,AUS
CONBIO,1991,5,1,473,Charles,,Hall,Charles Hall,SE,SE,,,,,USA,USA
CONBIO,1991,5,1,1616,James,,Hall,James Hall,SE,SE,,,,,USA,USA
CONBIO,1991,5,1,2168,Larry,,Harris,Larry Harris,SE,SE,,,,,USA,USA
CONBIO,1991,5,1,3364,Stephen,,Hubbell,Stephen Hubbell,SE,SE,,,,,USA,USA
CONBIO,1991,5,1,2175,Laura,,Huenneke,Laura Huenneke,SE,SE,,,,,USA,USA
CONBIO,1991,5,1,734,David,,Jablonski,David Jablonski,SE,SE,,,,,USA,USA
CONBIO,1991,5,1,3367,Susan,K,Jacobson,Susan K Jacobson,SE,SE,,,,,USA,USA
CONBIO,1991,5,1,3109,Robert,,Jenkins,Robert Jenkins,SE,SE,,,,,USA,USA
CONBIO,1991,5,1,1660,James,,Karr,James Karr,SE,SE,,,,,USA,USA
CONBIO,1991,5,1,2185,Les,,Kaufman,Les Kaufman,SE,SE,,,,,USA,USA
CONBIO,1991,5,1,748,Devra,G,Kleiman,Devra G Kleiman,SE,SE,,,,,USA,USA
CONBIO,1991,5,1,1218,Grenville,,Lucas,Grenville Lucas,SE,SE,,,,,UK,GBR
CONBIO,1991,5,1,3147,Robert,,May,Robert May,SE,SE,,,,,UK,GBR
CONBIO,1991,5,1,1229,Gary,K,Meffe,Gary K Meffe,SE,SE,,,,,USA,USA
CONBIO,1991,5,1,796,Dennis,,Murphy,Dennis Murphy,AE,AE,,,,,USA,USA
CONBIO,1991,5,1,335,Bryan,,Norton,Bryan Norton,SE,SE,,,,,USA,USA
CONBIO,1991,5,1,3176,Reed,,Noss,Reed Noss,SE,SE,,,,,USA,USA
CONBIO,1991,5,1,2886,Paul,,Opler,Paul Opler,SE,SE,,,,,USA,USA
CONBIO,1991,5,1,809,David,W,Orr,David W Orr,AE,AE,,,,,USA,USA
CONBIO,1991,5,1,3942,Stephen,,Schneider,Stephen Schneider,SE,SE,,,,,USA,USA
CONBIO,1991,5,1,867,Daniel,,Simberloff,Daniel Simberloff,SE,SE,,,,,USA,USA
CONBIO,1991,5,1,1426,Itaru,,Uchida,Itaru Uchida,SE,SE,,,,,Japan,JPN
CONBIO,1991,5,1,3241,Robert,,Vrijenhoek,Robert Vrijenhoek,SE,SE,,,,,USA,USA
CONBIO,1991,5,1,912,David,,Western,David Western,SE,SE,,,,,USA,USA
CONBIO,1991,5,1,227,Arthur,,Westing,Arthur Westing,SE,SE,,,,,USA,USA
CONBIO,1991,5,1,918,David,,Wilcove,David Wilcove,SE,SE,,,,,USA,USA
CONBIO,1991,5,1,237,Amotz,,Zahavi,Amotz Zahavi,SE,SE,,,,,Israel,ISR
CONBIO,1992,6,1,1047,Fred,,Allendorf,Fred Allendorf,SE,SE,,,,,USA,USA
CONBIO,1992,6,1,1976,Kamaijit,S,Bawa,Kamaijit S Bawa,AE,AE,,,,,USA,USA
CONBIO,1992,6,1,935,Eric,,Bolen,Eric Bolen,SE,SE,,,,,USA,USA
CONBIO,1992,6,1,2773,Peter,,Brussard,Peter Brussard,SE,SE,,,,,USA,USA
CONBIO,1992,6,1,424,Colin,,Clark,Colin Clark,SE,SE,,,,,Canada,CAN
CONBIO,1992,6,1,1545,Jared,,Diamond,Jared Diamond,SE,SE,,,,,USA,USA
CONBIO,1992,6,1,58,Andrew,P,Dobson,Andrew P Dobson,SE,SE,,,,,USA,USA
CONBIO,1992,6,1,680,David,,Ehrenfeld,David Ehrenfeld,EIC,EIC,,,,,USA,USA
CONBIO,1992,6,1,1580,Jerry,,Franklin,Jerry Franklin,SE,SE,,,,,USA,USA
CONBIO,1992,6,1,2380,Madhav,,Gadgil,Madhav Gadgil,SE,SE,,,,,India,IND
CONBIO,1992,6,1,3339,Stephen,,Gliessman,Stephen Gliessman,SE,SE,,,,,USA,USA
CONBIO,1992,6,1,1073,Fredrick,,Grassle,Fredrick Grassle,SE,SE,,,,,USA,USA
CONBIO,1992,6,1,1188,Gordon,,Grigg,Gordon Grigg,SE,SE,,,,,Australia,AUS
CONBIO,1992,6,1,473,Charles,,Hall,Charles Hall,SE,SE,,,,,USA,USA
CONBIO,1992,6,1,1616,James,,Hall,James Hall,SE,SE,,,,,USA,USA
CONBIO,1992,6,1,2825,Philip,W,Hedrick,Philip W Hedrick,SE,SE,,,,,USA,USA
CONBIO,1992,6,1,2175,Laura,,Huenneke,Laura Huenneke,SE,SE,,,,,USA,USA
CONBIO,1992,6,1,734,David,,Jablonski,David Jablonski,SE,SE,,,,,USA,USA
CONBIO,1992,6,1,3367,Susan,K,Jacobson,Susan K Jacobson,SE,SE,,,,,USA,USA
CONBIO,1992,6,1,1660,James,,Karr,James Karr,SE,SE,,,,,USA,USA
CONBIO,1992,6,1,2185,Les,,Kaufman,Les Kaufman,SE,SE,,,,,USA,USA
CONBIO,1992,6,1,748,Devra,G,Kleiman,Devra G Kleiman,SE,SE,,,,,USA,USA
CONBIO,1992,6,1,3147,Robert,,May,Robert May,SE,SE,,,,,UK,GBR
CONBIO,1992,6,1,1229,Gary,K,Meffe,Gary K Meffe,SE,SE,,,,,USA,USA
CONBIO,1992,6,1,796,Dennis,,Murphy,Dennis Murphy,AE,AE,,,,,USA,USA
CONBIO,1992,6,1,335,Bryan,,Norton,Bryan Norton,SE,SE,,,,,USA,USA
CONBIO,1992,6,1,3176,Reed,,Noss,Reed Noss,SE,SE,,,,,USA,USA
CONBIO,1992,6,1,2886,Paul,,Opler,Paul Opler,SE,SE,,,,,USA,USA
CONBIO,1992,6,1,809,David,W,Orr,David W Orr,AE,AE,,,,,USA,USA
CONBIO,1992,6,1,3942,Stephen,,Schneider,Stephen Schneider,SE,SE,,,,,USA,USA
CONBIO,1992,6,1,2560,Mark,,Shaffer,Mark Shaffer,SE,SE,,,,,USA,USA
CONBIO,1992,6,1,3241,Robert,,Vrijenhoek,Robert Vrijenhoek,SE,SE,,,,,USA,USA
CONBIO,1992,6,1,912,David,,Western,David Western,SE,SE,,,,,USA,USA
CONBIO,1992,6,1,918,David,,Wilcove,David Wilcove,SE,SE,,,,,USA,USA
CONBIO,1992,6,1,237,Amotz,,Zahavi,Amotz Zahavi,SE,SE,,,,,Israel,ISR
CONBIO,1993,7,1,1976,Kamaijit,S,Bawa,Kamaijit S Bawa,AE,AE,,,,,USA,USA
CONBIO,1993,7,1,935,Eric,,Bolen,Eric Bolen,SE,SE,,,,,USA,USA
CONBIO,1993,7,1,2773,Peter,,Brussard,Peter Brussard,SE,SE,,,,,USA,USA
CONBIO,1993,7,1,424,Colin,,Clark,Colin Clark,SE,SE,,,,,Canada,CAN
CONBIO,1993,7,1,2797,Peter,,Dratch,Peter Dratch,SE,SE,,,,,USA,USA
CONBIO,1993,7,1,680,David,,Ehrenfeld,David Ehrenfeld,EIC,EIC,,,,,USA,USA
CONBIO,1993,7,1,1580,Jerry,,Franklin,Jerry Franklin,SE,SE,,,,,USA,USA
CONBIO,1993,7,1,2380,Madhav,,Gadgil,Madhav Gadgil,SE,SE,,,,,India,IND
CONBIO,1993,7,1,3339,Stephen,,Gliessman,Stephen Gliessman,SE,SE,,,,,USA,USA
CONBIO,1993,7,1,1073,Fredrick,,Grassle,Fredrick Grassle,SE,SE,,,,,USA,USA
CONBIO,1993,7,1,1188,Gordon,,Grigg,Gordon Grigg,SE,SE,,,,,Australia,AUS
CONBIO,1993,7,1,473,Charles,,Hall,Charles Hall,SE,SE,,,,,USA,USA
CONBIO,1993,7,1,1616,James,,Hall,James Hall,SE,SE,,,,,USA,USA
CONBIO,1993,7,1,2825,Philip,W,Hedrick,Philip W Hedrick,SE,SE,,,,,USA,USA
CONBIO,1993,7,1,734,David,,Jablonski,David Jablonski,SE,SE,,,,,USA,USA
CONBIO,1993,7,1,3367,Susan,K,Jacobson,Susan K Jacobson,SE,SE,,,,,USA,USA
CONBIO,1993,7,1,2185,Les,,Kaufman,Les Kaufman,SE,SE,,,,,USA,USA
CONBIO,1993,7,1,748,Devra,G,Kleiman,Devra G Kleiman,SE,SE,,,,,USA,USA
CONBIO,1993,7,1,3147,Robert,,May,Robert May,SE,SE,,,,,UK,GBR
CONBIO,1993,7,1,1229,Gary,K,Meffe,Gary K Meffe,SE,SE,,,,,USA,USA
CONBIO,1993,7,1,528,Curt,,Meine,Curt Meine,SE,SE,,,,,USA,USA
CONBIO,1993,7,1,1003,Eric,,Menges,Eric Menges,SE,SE,,,,,USA,USA
CONBIO,1993,7,1,796,Dennis,,Murphy,Dennis Murphy,AE,AE,,,,,USA,USA
CONBIO,1993,7,1,335,Bryan,,Norton,Bryan Norton,SE,SE,,,,,USA,USA
CONBIO,1993,7,1,3176,Reed,,Noss,Reed Noss,SE,SE,,,,,USA,USA
CONBIO,1993,7,1,2886,Paul,,Opler,Paul Opler,SE,SE,,,,,USA,USA
CONBIO,1993,7,1,809,David,W,Orr,David W Orr,AE,AE,,,,,USA,USA
CONBIO,1993,7,1,813,David,L,Pearson,David L Pearson,SE,SE,,,,,USA,USA
CONBIO,1993,7,1,3942,Stephen,,Schneider,Stephen Schneider,SE,SE,,,,,USA,USA
CONBIO,1993,7,1,2560,Mark,,Shaffer,Mark Shaffer,SE,SE,,,,,USA,USA
CONBIO,1993,7,1,1883,James,,Spotila,James Spotila,SE,SE,,,,,USA,USA
CONBIO,1993,7,1,3241,Robert,,Vrijenhoek,Robert Vrijenhoek,SE,SE,,,,,USA,USA
CONBIO,1993,7,1,918,David,,Wilcove,David Wilcove,SE,SE,,,,,USA,USA
CONBIO,1993,7,1,237,Amotz,,Zahavi,Amotz Zahavi,SE,SE,,,,,Israel,ISR
CONBIO,1994,8,1,1150,Gary,E,Belovsky,Gary E Belovsky,SE,SE,,,,,UK,GBR
CONBIO,1994,8,1,935,Eric,,Bolen,Eric Bolen,SE,SE,,,,,USA,USA
CONBIO,1994,8,1,2773,Peter,,Brussard,Peter Brussard,SE,SE,,,,,USA,USA
CONBIO,1994,8,1,424,Colin,,Clark,Colin Clark,SE,SE,,,,,Canada,CAN
CONBIO,1994,8,1,258,Blair,,Csuti,Blair Csuti,SE,SE,,,,,USA,USA
CONBIO,1994,8,1,1064,Frank,,Davis,Frank Davis,SE,SE,,,,,USA,USA
CONBIO,1994,8,1,2797,Peter,,Dratch,Peter Dratch,SE,SE,,,,,USA,USA
CONBIO,1994,8,1,2380,Madhav,,Gadgil,Madhav Gadgil,SE,SE,,,,,India,IND
CONBIO,1994,8,1,3339,Stephen,,Gliessman,Stephen Gliessman,SE,SE,,,,,USA,USA
CONBIO,1994,8,1,1073,Fredrick,,Grassle,Fredrick Grassle,SE,SE,,,,,USA,USA
CONBIO,1994,8,1,1188,Gordon,,Grigg,Gordon Grigg,SE,SE,,,,,Australia,AUS
CONBIO,1994,8,1,3079,R,Edward,Grumbine,R Edward Grumbine,SE,SE,,,,,USA,USA
CONBIO,1994,8,1,473,Charles,,Hall,Charles Hall,SE,SE,,,,,USA,USA
CONBIO,1994,8,1,1616,James,,Hall,James Hall,SE,SE,,,,,USA,USA
CONBIO,1994,8,1,96,Andrew,,Hansen,Andrew Hansen,SE,SE,,,,,USA,USA
CONBIO,1994,8,1,2825,Philip,W,Hedrick,Philip W Hedrick,SE,SE,,,,,USA,USA
CONBIO,1994,8,1,2417,Malcolm,L,Hunter,Malcolm L Hunter,SE,SE,,,,,USA,USA
CONBIO,1994,8,1,3367,Susan,K,Jacobson,Susan K Jacobson,SE,SE,,,,,USA,USA
CONBIO,1994,8,1,1660,James,,Karr,James Karr,SE,SE,,,,,USA,USA
CONBIO,1994,8,1,2185,Les,,Kaufman,Les Kaufman,SE,SE,,,,,USA,USA
CONBIO,1994,8,1,748,Devra,G,Kleiman,Devra G Kleiman,SE,SE,,,,,USA,USA
CONBIO,1994,8,1,3147,Robert,,May,Robert May,SE,SE,,,,,UK,GBR
CONBIO,1994,8,1,1229,Gary,K,Meffe,Gary K Meffe,SE,SE,,,,,USA,USA
CONBIO,1994,8,1,528,Curt,,Meine,Curt Meine,SE,SE,,,,,USA,USA
CONBIO,1994,8,1,1003,Eric,,Menges,Eric Menges,SE,SE,,,,,USA,USA
CONBIO,1994,8,1,796,Dennis,,Murphy,Dennis Murphy,SE,SE,,,,,USA,USA
CONBIO,1994,8,1,3176,Reed,,Noss,Reed Noss,EIC,EIC,,,,,USA,USA
CONBIO,1994,8,1,809,David,W,Orr,David W Orr,AE,AE,,,,,USA,USA
CONBIO,1994,8,1,2508,Mary,,Pearl,Mary Pearl,AE,AE,,,,,USA,USA
CONBIO,1994,8,1,813,David,L,Pearson,David L Pearson,SE,SE,,,,,USA,USA
CONBIO,1994,8,1,817,David,,Perry,David Perry,SE,SE,,,,,USA,USA
CONBIO,1994,8,1,3197,Richard,B,Primack,Richard B Primack,AE,AE,,,,,USA,USA
CONBIO,1994,8,1,1838,John,G,Robinson,John G Robinson,SE,SE,,,,,USA,USA
CONBIO,1994,8,1,3455,Scott,K,Robinson,Scott K Robinson,SE,SE,,,,,USA,USA
CONBIO,1994,8,1,1355,Holmes,,Rolstoni,Holmes Rolstoni,SE,SE,,,,,USA,USA
CONBIO,1994,8,1,2736,Oliver,A,Ryder,Oliver A Ryder,SE,SE,,,,,USA,USA
CONBIO,1994,8,1,2686,Nils,,Ryman,Nils Ryman,SE,SE,,,,,Sweden,SWE
CONBIO,1994,8,1,856,Denis,A,Saunders,Denis A Saunders,SE,SE,,,,,Australia,AUS
CONBIO,1994,8,1,3942,Stephen,,Schneider,Stephen Schneider,SE,SE,,,,,USA,USA
CONBIO,1994,8,1,1883,James,,Spotila,James Spotila,SE,SE,,,,,USA,USA
CONBIO,1994,8,1,3241,Robert,,Vrijenhoek,Robert Vrijenhoek,SE,SE,,,,,USA,USA
CONBIO,1994,8,1,918,David,,Wilcove,David Wilcove,SE,SE,,,,,USA,USA
CONBIO,1994,8,1,2613,Mary,F,Willson,Mary F Willson,SE,SE,,,,,USA,USA
CONBIO,1995,9,1,1150,Gary,E,Belovsky,Gary E Belovsky,SE,SE,,,,,UK,GBR
CONBIO,1995,9,1,1463,Joel,,Berger,Joel Berger,SE,SE,,,,,USA,USA
CONBIO,1995,9,1,20,Andrew,R,Blaustein,Andrew R Blaustein,SE,SE,,,,,USA,USA
CONBIO,1995,9,1,2773,Peter,,Brussard,Peter Brussard,SE,SE,,,,,USA,USA
CONBIO,1995,9,1,258,Blair,,Csuti,Blair Csuti,SE,SE,,,,,USA,USA
CONBIO,1995,9,1,1064,Frank,,Davis,Frank Davis,SE,SE,,,,,USA,USA
CONBIO,1995,9,1,2797,Peter,,Dratch,Peter Dratch,SE,SE,,,,,USA,USA
CONBIO,1995,9,1,2144,Lenore,,Fahrig,Lenore Fahrig,SE,SE,,,,,Canada,CAN
CONBIO,1995,9,1,2380,Madhav,,Gadgil,Madhav Gadgil,SE,SE,,,,,India,IND
CONBIO,1995,9,1,1073,Fredrick,,Grassle,Fredrick Grassle,SE,SE,,,,,USA,USA
CONBIO,1995,9,1,1188,Gordon,,Grigg,Gordon Grigg,SE,SE,,,,,Australia,AUS
CONBIO,1995,9,1,3079,R,Edward,Grumbine,R Edward Grumbine,SE,SE,,,,,USA,USA
CONBIO,1995,9,1,1616,James,,Hall,James Hall,SE,SE,,,,,USA,USA
CONBIO,1995,9,1,96,Andrew,,Hansen,Andrew Hansen,SE,SE,,,,,USA,USA
CONBIO,1995,9,1,3351,Susan,,Harrison,Susan Harrison,SE,SE,,,,,USA,USA
CONBIO,1995,9,1,2825,Philip,W,Hedrick,Philip W Hedrick,SE,SE,,,,,USA,USA
CONBIO,1995,9,1,2417,Malcolm,L,Hunter,Malcolm L Hunter,SE,SE,,,,,USA,USA
CONBIO,1995,9,1,3367,Susan,K,Jacobson,Susan K Jacobson,SE,SE,,,,,USA,USA
CONBIO,1995,9,1,739,Deborah,,Jensen,Deborah Jensen,SE,SE,,,,,USA,USA
CONBIO,1995,9,1,1660,James,,Karr,James Karr,SE,SE,,,,,USA,USA
CONBIO,1995,9,1,2185,Les,,Kaufman,Les Kaufman,SE,SE,,,,,USA,USA
CONBIO,1995,9,1,748,Devra,G,Kleiman,Devra G Kleiman,SE,SE,,,,,USA,USA
CONBIO,1995,9,1,3127,Russel,,Lande,Russel Lande,SE,SE,,,,,USA,USA
CONBIO,1995,9,1,1221,Georgina,,Mace,Georgina Mace,SE,SE,,,,,UK,GBR
CONBIO,1995,9,1,3147,Robert,,May,Robert May,SE,SE,,,,,UK,GBR
CONBIO,1995,9,1,1229,Gary,K,Meffe,Gary K Meffe,SE,SE,,,,,USA,USA
CONBIO,1995,9,1,528,Curt,,Meine,Curt Meine,SE,SE,,,,,USA,USA
CONBIO,1995,9,1,1003,Eric,,Menges,Eric Menges,SE,SE,,,,,USA,USA
CONBIO,1995,9,1,796,Dennis,,Murphy,Dennis Murphy,SE,SE,,,,,USA,USA
CONBIO,1995,9,1,3176,Reed,,Noss,Reed Noss,EIC,EIC,,,,,USA,USA
CONBIO,1995,9,1,809,David,W,Orr,David W Orr,AE,AE,,,,,USA,USA
CONBIO,1995,9,1,2508,Mary,,Pearl,Mary Pearl,AE,AE,,,,,USA,USA
CONBIO,1995,9,1,813,David,L,Pearson,David L Pearson,SE,SE,,,,,USA,USA
CONBIO,1995,9,1,817,David,,Perry,David Perry,SE,SE,,,,,USA,USA
CONBIO,1995,9,1,3197,Richard,B,Primack,Richard B Primack,AE,AE,,,,,USA,USA
CONBIO,1995,9,1,1838,John,G,Robinson,John G Robinson,SE,SE,,,,,USA,USA
CONBIO,1995,9,1,3455,Scott,K,Robinson,Scott K Robinson,SE,SE,,,,,USA,USA
CONBIO,1995,9,1,1355,Holmes,,Rolstoni,Holmes Rolstoni,SE,SE,,,,,USA,USA
CONBIO,1995,9,1,2736,Oliver,A,Ryder,Oliver A Ryder,SE,SE,,,,,USA,USA
CONBIO,1995,9,1,2686,Nils,,Ryman,Nils Ryman,SE,SE,,,,,Sweden,SWE
CONBIO,1995,9,1,856,Denis,A,Saunders,Denis A Saunders,SE,SE,,,,,Australia,AUS
CONBIO,1995,9,1,3942,Stephen,,Schneider,Stephen Schneider,SE,SE,,,,,USA,USA
CONBIO,1995,9,1,2921,Pamela,S,Soltis,Pamela S Soltis,SE,SE,,,,,USA,USA
CONBIO,1995,9,1,1883,James,,Spotila,James Spotila,SE,SE,,,,,USA,USA
CONBIO,1995,9,1,918,David,,Wilcove,David Wilcove,SE,SE,,,,,USA,USA
CONBIO,1995,9,1,2613,Mary,F,Willson,Mary F Willson,SE,SE,,,,,USA,USA
CONBIO,1996,10,1,1150,Gary,E,Belovsky,Gary E Belovsky,SE,SE,,,,,UK,GBR
CONBIO,1996,10,1,1463,Joel,,Berger,Joel Berger,SE,SE,,,,,USA,USA
CONBIO,1996,10,1,20,Andrew,R,Blaustein,Andrew R Blaustein,SE,SE,,,,,USA,USA
CONBIO,1996,10,1,2773,Peter,,Brussard,Peter Brussard,SE,SE,,,,,USA,USA
CONBIO,1996,10,1,258,Blair,,Csuti,Blair Csuti,SE,SE,,,,,USA,USA
CONBIO,1996,10,1,1064,Frank,,Davis,Frank Davis,SE,SE,,,,,USA,USA
CONBIO,1996,10,1,2797,Peter,,Dratch,Peter Dratch,SE,SE,,,,,USA,USA
CONBIO,1996,10,1,2144,Lenore,,Fahrig,Lenore Fahrig,SE,SE,,,,,Canada,CAN
CONBIO,1996,10,1,2380,Madhav,,Gadgil,Madhav Gadgil,SE,SE,,,,,India,IND
CONBIO,1996,10,1,1073,Fredrick,,Grassle,Fredrick Grassle,SE,SE,,,,,USA,USA
CONBIO,1996,10,1,1188,Gordon,,Grigg,Gordon Grigg,SE,SE,,,,,Australia,AUS
CONBIO,1996,10,1,3079,R,Edward,Grumbine,R Edward Grumbine,SE,SE,,,,,USA,USA
CONBIO,1996,10,1,1616,James,,Hall,James Hall,SE,SE,,,,,USA,USA
CONBIO,1996,10,1,96,Andrew,,Hansen,Andrew Hansen,SE,SE,,,,,USA,USA
CONBIO,1996,10,1,3351,Susan,,Harrison,Susan Harrison,SE,SE,,,,,USA,USA
CONBIO,1996,10,1,2825,Philip,W,Hedrick,Philip W Hedrick,SE,SE,,,,,USA,USA
CONBIO,1996,10,1,2417,Malcolm,L,Hunter,Malcolm L Hunter,SE,SE,,,,,USA,USA
CONBIO,1996,10,1,3367,Susan,K,Jacobson,Susan K Jacobson,SE,SE,,,,,USA,USA
CONBIO,1996,10,1,739,Deborah,,Jensen,Deborah Jensen,SE,SE,,,,,USA,USA
CONBIO,1996,10,1,1660,James,,Karr,James Karr,SE,SE,,,,,USA,USA
CONBIO,1996,10,1,2185,Les,,Kaufman,Les Kaufman,SE,SE,,,,,USA,USA
CONBIO,1996,10,1,748,Devra,G,Kleiman,Devra G Kleiman,SE,SE,,,,,USA,USA
CONBIO,1996,10,1,3127,Russel,,Lande,Russel Lande,SE,SE,,,,,USA,USA
CONBIO,1996,10,1,1221,Georgina,,Mace,Georgina Mace,SE,SE,,,,,UK,GBR
CONBIO,1996,10,1,3147,Robert,,May,Robert May,SE,SE,,,,,UK,GBR
CONBIO,1996,10,1,3769,William,C,McComb,William C McComb,SE,SE,,,,,USA,USA
CONBIO,1996,10,1,1229,Gary,K,Meffe,Gary K Meffe,SE,SE,,,,,USA,USA
CONBIO,1996,10,1,528,Curt,,Meine,Curt Meine,SE,SE,,,,,USA,USA
CONBIO,1996,10,1,1003,Eric,,Menges,Eric Menges,SE,SE,,,,,USA,USA
CONBIO,1996,10,1,796,Dennis,,Murphy,Dennis Murphy,SE,SE,,,,,USA,USA
CONBIO,1996,10,1,3176,Reed,,Noss,Reed Noss,EIC,EIC,,,,,USA,USA
CONBIO,1996,10,1,809,David,W,Orr,David W Orr,AE,AE,,,,,USA,USA
CONBIO,1996,10,1,2508,Mary,,Pearl,Mary Pearl,AE,AE,,,,,USA,USA
CONBIO,1996,10,1,813,David,L,Pearson,David L Pearson,SE,SE,,,,,USA,USA
CONBIO,1996,10,1,817,David,,Perry,David Perry,SE,SE,,,,,USA,USA
CONBIO,1996,10,1,3197,Richard,B,Primack,Richard B Primack,AE,AE,,,,,USA,USA
CONBIO,1996,10,1,1838,John,G,Robinson,John G Robinson,SE,SE,,,,,USA,USA
CONBIO,1996,10,1,3455,Scott,K,Robinson,Scott K Robinson,SE,SE,,,,,USA,USA
CONBIO,1996,10,1,1355,Holmes,,Rolstoni,Holmes Rolstoni,SE,SE,,,,,USA,USA
CONBIO,1996,10,1,2736,Oliver,A,Ryder,Oliver A Ryder,SE,SE,,,,,USA,USA
CONBIO,1996,10,1,2686,Nils,,Ryman,Nils Ryman,SE,SE,,,,,Sweden,SWE
CONBIO,1996,10,1,856,Denis,A,Saunders,Denis A Saunders,SE,SE,,,,,Australia,AUS
CONBIO,1996,10,1,3942,Stephen,,Schneider,Stephen Schneider,SE,SE,,,,,USA,USA
CONBIO,1996,10,1,2921,Pamela,S,Soltis,Pamela S Soltis,SE,SE,,,,,USA,USA
CONBIO,1996,10,1,1883,James,,Spotila,James Spotila,SE,SE,,,,,USA,USA
CONBIO,1996,10,1,918,David,,Wilcove,David Wilcove,SE,SE,,,,,USA,USA
CONBIO,1996,10,1,2613,Mary,F,Willson,Mary F Willson,SE,SE,,,,,USA,USA
CONBIO,1997,11,1,2277,Mary,V,Ashley,Mary V Ashley,SE,SE,,,,,USA,USA
CONBIO,1997,11,1,1150,Gary,E,Belovsky,Gary E Belovsky,SE,SE,,,,,UK,GBR
CONBIO,1997,11,1,1463,Joel,,Berger,Joel Berger,SE,SE,,,,,USA,USA
CONBIO,1997,11,1,20,Andrew,R,Blaustein,Andrew R Blaustein,SE,SE,,,,,USA,USA
CONBIO,1997,11,1,2773,Peter,,Brussard,Peter Brussard,SE,SE,,,,,USA,USA
CONBIO,1997,11,1,258,Blair,,Csuti,Blair Csuti,SE,SE,,,,,USA,USA
CONBIO,1997,11,1,1064,Frank,,Davis,Frank Davis,SE,SE,,,,,USA,USA
CONBIO,1997,11,1,2797,Peter,,Dratch,Peter Dratch,SE,SE,,,,,USA,USA
CONBIO,1997,11,1,2144,Lenore,,Fahrig,Lenore Fahrig,SE,SE,,,,,Canada,CAN
CONBIO,1997,11,1,455,Christopher,,Frissell,Christopher Frissell,SE,SE,,,,,USA,USA
CONBIO,1997,11,1,1598,Joshua,,Ginsberg,Joshua Ginsberg,AE,AE,,,,,USA,USA
CONBIO,1997,11,1,1073,Fredrick,,Grassle,Fredrick Grassle,SE,SE,,,,,USA,USA
CONBIO,1997,11,1,3079,R,Edward,Grumbine,R Edward Grumbine,SE,SE,,,,,USA,USA
CONBIO,1997,11,1,3351,Susan,,Harrison,Susan Harrison,SE,SE,,,,,USA,USA
CONBIO,1997,11,1,2825,Philip,W,Hedrick,Philip W Hedrick,SE,SE,,,,,USA,USA
CONBIO,1997,11,1,2417,Malcolm,L,Hunter,Malcolm L Hunter,SE,SE,,,,,USA,USA
CONBIO,1997,11,1,3367,Susan,K,Jacobson,Susan K Jacobson,SE,SE,,,,,USA,USA
CONBIO,1997,11,1,739,Deborah,,Jensen,Deborah Jensen,SE,SE,,,,,USA,USA
CONBIO,1997,11,1,1660,James,,Karr,James Karr,SE,SE,,,,,USA,USA
CONBIO,1997,11,1,2183,Lee,B,Kats,Lee B Kats,SE,SE,,,,,USA,USA
CONBIO,1997,11,1,2185,Les,,Kaufman,Les Kaufman,SE,SE,,,,,USA,USA
CONBIO,1997,11,1,748,Devra,G,Kleiman,Devra G Kleiman,SE,SE,,,,,USA,USA
CONBIO,1997,11,1,3127,Russel,,Lande,Russel Lande,SE,SE,,,,,USA,USA
CONBIO,1997,11,1,1221,Georgina,,Mace,Georgina Mace,SE,SE,,,,,UK,GBR
CONBIO,1997,11,1,3769,William,C,McComb,William C McComb,SE,SE,,,,,USA,USA
CONBIO,1997,11,1,528,Curt,,Meine,Curt Meine,SE,SE,,,,,USA,USA
CONBIO,1997,11,1,1003,Eric,,Menges,Eric Menges,SE,SE,,,,,USA,USA
CONBIO,1997,11,1,3176,Reed,,Noss,Reed Noss,EIC,EIC,,,,,USA,USA
CONBIO,1997,11,1,809,David,W,Orr,David W Orr,AE,AE,,,,,USA,USA
CONBIO,1997,11,1,813,David,L,Pearson,David L Pearson,SE,SE,,,,,USA,USA
CONBIO,1997,11,1,817,David,,Perry,David Perry,SE,SE,,,,,USA,USA
CONBIO,1997,11,1,3439,Stuart,L,Pimm,Stuart L Pimm,SE,SE,,,,,USA,USA
CONBIO,1997,11,1,3197,Richard,B,Primack,Richard B Primack,AE,AE,,,,,USA,USA
CONBIO,1997,11,1,1838,John,G,Robinson,John G Robinson,SE,SE,,,,,USA,USA
CONBIO,1997,11,1,3455,Scott,K,Robinson,Scott K Robinson,SE,SE,,,,,USA,USA
CONBIO,1997,11,1,1355,Holmes,,Rolstoni,Holmes Rolstoni,SE,SE,,,,,USA,USA
CONBIO,1997,11,1,2736,Oliver,A,Ryder,Oliver A Ryder,SE,SE,,,,,USA,USA
CONBIO,1997,11,1,2686,Nils,,Ryman,Nils Ryman,SE,SE,,,,,Sweden,SWE
CONBIO,1997,11,1,856,Denis,A,Saunders,Denis A Saunders,SE,SE,,,,,Australia,AUS
CONBIO,1997,11,1,3942,Stephen,,Schneider,Stephen Schneider,SE,SE,,,,,USA,USA
CONBIO,1997,11,1,2921,Pamela,S,Soltis,Pamela S Soltis,SE,SE,,,,,USA,USA
CONBIO,1997,11,1,1883,James,,Spotila,James Spotila,SE,SE,,,,,USA,USA
CONBIO,1997,11,1,918,David,,Wilcove,David Wilcove,SE,SE,,,,,USA,USA
CONBIO,1997,11,1,2613,Mary,F,Willson,Mary F Willson,SE,SE,,,,,USA,USA
CONBIO,1998,12,1,2277,Mary,V,Ashley,Mary V Ashley,SE,SE,,,,,USA,USA
CONBIO,1998,12,1,3280,Steven,R,Beissinger,Steven R Beissinger,SE,SE,,,,,USA,USA
CONBIO,1998,12,1,1150,Gary,E,Belovsky,Gary E Belovsky,SE,SE,,,,,UK,GBR
CONBIO,1998,12,1,1463,Joel,,Berger,Joel Berger,SE,SE,,,,,USA,USA
CONBIO,1998,12,1,20,Andrew,R,Blaustein,Andrew R Blaustein,SE,SE,,,,,USA,USA
CONBIO,1998,12,1,2773,Peter,,Brussard,Peter Brussard,SE,SE,,,,,USA,USA
CONBIO,1998,12,1,1501,James,T,Carlton,James T Carlton,SE,SE,,,,,USA,USA
CONBIO,1998,12,1,258,Blair,,Csuti,Blair Csuti,SE,SE,,,,,USA,USA
CONBIO,1998,12,1,1064,Frank,,Davis,Frank Davis,SE,SE,,,,,USA,USA
CONBIO,1998,12,1,2795,Philip,M,Dixon,Philip M Dixon,AE,AE,,,,,USA,USA
CONBIO,1998,12,1,2797,Peter,,Dratch,Peter Dratch,SE,SE,,,,,USA,USA
CONBIO,1998,12,1,1567,John,,Faaborg,John Faaborg,SE,SE,,,,,USA,USA
CONBIO,1998,12,1,2144,Lenore,,Fahrig,Lenore Fahrig,SE,SE,,,,,Canada,CAN
CONBIO,1998,12,1,455,Christopher,,Frissell,Christopher Frissell,SE,SE,,,,,USA,USA
CONBIO,1998,12,1,1598,Joshua,,Ginsberg,Joshua Ginsberg,AE,AE,,,,,USA,USA
CONBIO,1998,12,1,3079,R,Edward,Grumbine,R Edward Grumbine,SE,SE,,,,,USA,USA
CONBIO,1998,12,1,3351,Susan,,Harrison,Susan Harrison,SE,SE,,,,,USA,USA
CONBIO,1998,12,1,2825,Philip,W,Hedrick,Philip W Hedrick,SE,SE,,,,,USA,USA
CONBIO,1998,12,1,2016,Kent,,Holsinger,Kent Holsinger,SE,SE,,,,,USA,USA
CONBIO,1998,12,1,2417,Malcolm,L,Hunter,Malcolm L Hunter,SE,SE,,,,,USA,USA
CONBIO,1998,12,1,3367,Susan,K,Jacobson,Susan K Jacobson,SE,SE,,,,,USA,USA
CONBIO,1998,12,1,2183,Lee,B,Kats,Lee B Kats,SE,SE,,,,,USA,USA
CONBIO,1998,12,1,2185,Les,,Kaufman,Les Kaufman,SE,SE,,,,,USA,USA
CONBIO,1998,12,1,748,Devra,G,Kleiman,Devra G Kleiman,SE,SE,,,,,USA,USA
CONBIO,1998,12,1,3121,Richard,L,Knight,Richard L Knight,SE,SE,,,,,USA,USA
CONBIO,1998,12,1,3769,William,C,McComb,William C McComb,SE,SE,,,,,USA,USA
CONBIO,1998,12,1,1229,Gary,K,Meffe,Gary K Meffe,EIC,EIC,,,,,USA,USA
CONBIO,1998,12,1,528,Curt,,Meine,Curt Meine,SE,SE,,,,,USA,USA
CONBIO,1998,12,1,1003,Eric,,Menges,Eric Menges,SE,SE,,,,,USA,USA
CONBIO,1998,12,1,533,Craig,,Moritz,Craig Moritz,SE,SE,,,,,Australia,AUS
CONBIO,1998,12,1,3172,Richard,,Neves,Richard Neves,SE,SE,,,,,USA,USA
CONBIO,1998,12,1,809,David,W,Orr,David W Orr,AE,AE,,,,,USA,USA
CONBIO,1998,12,1,813,David,L,Pearson,David L Pearson,SE,SE,,,,,USA,USA
CONBIO,1998,12,1,3439,Stuart,L,Pimm,Stuart L Pimm,SE,SE,,,,,USA,USA
CONBIO,1998,12,1,3197,Richard,B,Primack,Richard B Primack,AE,AE,,,,,USA,USA
CONBIO,1998,12,1,2073,Kent,H,Redford,Kent H Redford,SE,SE,,,,,USA,USA
CONBIO,1998,12,1,1838,John,G,Robinson,John G Robinson,SE,SE,,,,,USA,USA
CONBIO,1998,12,1,3455,Scott,K,Robinson,Scott K Robinson,SE,SE,,,,,USA,USA
CONBIO,1998,12,1,1355,Holmes,,Rolstoni,Holmes Rolstoni,SE,SE,,,,,USA,USA
CONBIO,1998,12,1,2736,Oliver,A,Ryder,Oliver A Ryder,SE,SE,,,,,USA,USA
CONBIO,1998,12,1,2686,Nils,,Ryman,Nils Ryman,SE,SE,,,,,Sweden,SWE
CONBIO,1998,12,1,856,Denis,A,Saunders,Denis A Saunders,SE,SE,,,,,Australia,AUS
CONBIO,1998,12,1,3217,Rebecca,R,Sharitz,Rebecca R Sharitz,SE,SE,,,,,USA,USA
CONBIO,1998,12,1,1883,James,,Spotila,James Spotila,SE,SE,,,,,USA,USA
CONBIO,1998,12,1,918,David,,Wilcove,David Wilcove,SE,SE,,,,,USA,USA
CONBIO,1998,12,1,2613,Mary,F,Willson,Mary F Willson,SE,SE,,,,,USA,USA
CONBIO,1999,13,1,2277,Mary,V,Ashley,Mary V Ashley,SE,SE,,,,,USA,USA
CONBIO,1999,13,1,3280,Steven,R,Beissinger,Steven R Beissinger,SE,SE,,,,,USA,USA
CONBIO,1999,13,1,1150,Gary,E,Belovsky,Gary E Belovsky,SE,SE,,,,,UK,GBR
CONBIO,1999,13,1,1463,Joel,,Berger,Joel Berger,SE,SE,,,,,USA,USA
CONBIO,1999,13,1,20,Andrew,R,Blaustein,Andrew R Blaustein,SE,SE,,,,,USA,USA
CONBIO,1999,13,1,2773,Peter,,Brussard,Peter Brussard,SE,SE,,,,,USA,USA
CONBIO,1999,13,1,1501,James,T,Carlton,James T Carlton,SE,SE,,,,,USA,USA
CONBIO,1999,13,1,1064,Frank,,Davis,Frank Davis,SE,SE,,,,,USA,USA
CONBIO,1999,13,1,957,Eric,,Dinerstein,Eric Dinerstein,SE,SE,,,,,USA,USA
CONBIO,1999,13,1,2795,Philip,M,Dixon,Philip M Dixon,AE,AE,,,,,USA,USA
CONBIO,1999,13,1,2797,Peter,,Dratch,Peter Dratch,SE,SE,,,,,USA,USA
CONBIO,1999,13,1,1553,John,B,Dunning,John B Dunning,SE,SE,,,,,USA,USA
CONBIO,1999,13,1,1567,John,,Faaborg,John Faaborg,SE,SE,,,,,USA,USA
CONBIO,1999,13,1,455,Christopher,,Frissell,Christopher Frissell,SE,SE,,,,,USA,USA
CONBIO,1999,13,1,1598,Joshua,,Ginsberg,Joshua Ginsberg,AE,AE,,,,,USA,USA
CONBIO,1999,13,1,2390,MarthaJ,,Groom,MarthaJ Groom,SE,SE,,,,,USA,USA
CONBIO,1999,13,1,3079,R,Edward,Grumbine,R Edward Grumbine,SE,SE,,,,,USA,USA
CONBIO,1999,13,1,3351,Susan,,Harrison,Susan Harrison,SE,SE,,,,,USA,USA
CONBIO,1999,13,1,2825,Philip,W,Hedrick,Philip W Hedrick,SE,SE,,,,,USA,USA
CONBIO,1999,13,1,2016,Kent,,Holsinger,Kent Holsinger,SE,SE,,,,,USA,USA
CONBIO,1999,13,1,2417,Malcolm,L,Hunter,Malcolm L Hunter,SE,SE,,,,,USA,USA
CONBIO,1999,13,1,3367,Susan,K,Jacobson,Susan K Jacobson,SE,SE,,,,,USA,USA
CONBIO,1999,13,1,2183,Lee,B,Kats,Lee B Kats,SE,SE,,,,,USA,USA
CONBIO,1999,13,1,748,Devra,G,Kleiman,Devra G Kleiman,SE,SE,,,,,USA,USA
CONBIO,1999,13,1,3121,Richard,L,Knight,Richard L Knight,SE,SE,,,,,USA,USA
CONBIO,1999,13,1,3769,William,C,McComb,William C McComb,SE,SE,,,,,USA,USA
CONBIO,1999,13,1,1229,Gary,K,Meffe,Gary K Meffe,EIC,EIC,,,,,USA,USA
CONBIO,1999,13,1,528,Curt,,Meine,Curt Meine,SE,SE,,,,,USA,USA
CONBIO,1999,13,1,1003,Eric,,Menges,Eric Menges,SE,SE,,,,,USA,USA
CONBIO,1999,13,1,533,Craig,,Moritz,Craig Moritz,SE,SE,,,,,Australia,AUS
CONBIO,1999,13,1,3172,Richard,,Neves,Richard Neves,SE,SE,,,,,USA,USA
CONBIO,1999,13,1,809,David,W,Orr,David W Orr,AE,AE,,,,,USA,USA
CONBIO,1999,13,1,2066,Ken,N,Paige,Ken N Paige,SE,SE,,,,,USA,USA
CONBIO,1999,13,1,813,David,L,Pearson,David L Pearson,SE,SE,,,,,USA,USA
CONBIO,1999,13,1,3439,Stuart,L,Pimm,Stuart L Pimm,SE,SE,,,,,USA,USA
CONBIO,1999,13,1,3197,Richard,B,Primack,Richard B Primack,AE,AE,,,,,USA,USA
CONBIO,1999,13,1,2073,Kent,H,Redford,Kent H Redford,SE,SE,,,,,USA,USA
CONBIO,1999,13,1,1838,John,G,Robinson,John G Robinson,SE,SE,,,,,USA,USA
CONBIO,1999,13,1,3455,Scott,K,Robinson,Scott K Robinson,SE,SE,,,,,USA,USA
CONBIO,1999,13,1,2686,Nils,,Ryman,Nils Ryman,SE,SE,,,,,Sweden,SWE
CONBIO,1999,13,1,856,Denis,A,Saunders,Denis A Saunders,SE,SE,,,,,Australia,AUS
CONBIO,1999,13,1,2085,Kim,T,Scribner,Kim T Scribner,SE,SE,,,,,USA,USA
CONBIO,1999,13,1,3217,Rebecca,R,Sharitz,Rebecca R Sharitz,SE,SE,,,,,USA,USA
CONBIO,1999,13,1,2571,Melanie,IJ,Stiassny,Melanie IJ Stiassny,SE,SE,,,,,USA,USA
CONBIO,1999,13,1,584,Christopher,,Uhl,Christopher Uhl,SE,SE,,,,,USA,USA
CONBIO,1999,13,1,3243,Robin,S,Waples,Robin S Waples,SE,SE,,,,,USA,USA
CONBIO,1999,13,1,918,David,,Wilcove,David Wilcove,SE,SE,,,,,USA,USA
CONBIO,1999,13,1,2613,Mary,F,Willson,Mary F Willson,SE,SE,,,,,USA,USA
CONBIO,2000,14,1,2277,Mary,V,Ashley,Mary V Ashley,SE,SE,,,,,USA,USA
CONBIO,2000,14,1,3280,Steven,R,Beissinger,Steven R Beissinger,SE,SE,,,,,USA,USA
CONBIO,2000,14,1,1150,Gary,E,Belovsky,Gary E Belovsky,SE,SE,,,,,UK,GBR
CONBIO,2000,14,1,1463,Joel,,Berger,Joel Berger,SE,SE,,,,,USA,USA
CONBIO,2000,14,1,20,Andrew,R,Blaustein,Andrew R Blaustein,SE,SE,,,,,USA,USA
CONBIO,2000,14,1,1501,James,T,Carlton,James T Carlton,SE,SE,,,,,USA,USA
CONBIO,2000,14,1,3855,C,Ronald,Carroll,C Ronald Carroll,SE,SE,,,,,USA,USA
CONBIO,2000,14,1,957,Eric,,Dinerstein,Eric Dinerstein,SE,SE,,,,,USA,USA
CONBIO,2000,14,1,2795,Philip,M,Dixon,Philip M Dixon,AE,AE,,,,,USA,USA
CONBIO,2000,14,1,2797,Peter,,Dratch,Peter Dratch,SE,SE,,,,,USA,USA
CONBIO,2000,14,1,1553,John,B,Dunning,John B Dunning,SE,SE,,,,,USA,USA
CONBIO,2000,14,1,1567,John,,Faaborg,John Faaborg,SE,SE,,,,,USA,USA
CONBIO,2000,14,1,2805,Peggy,L,Fiedler,Peggy L Fiedler,AE,AE,,,,,USA,USA
CONBIO,2000,14,1,455,Christopher,,Frissell,Christopher Frissell,SE,SE,,,,,USA,USA
CONBIO,2000,14,1,1598,Joshua,,Ginsberg,Joshua Ginsberg,AE,AE,,,,,USA,USA
CONBIO,2000,14,1,2390,MarthaJ,,Groom,MarthaJ Groom,SE,SE,,,,,USA,USA
CONBIO,2000,14,1,3079,R,Edward,Grumbine,R Edward Grumbine,SE,SE,,,,,USA,USA
CONBIO,2000,14,1,3351,Susan,,Harrison,Susan Harrison,SE,SE,,,,,USA,USA
CONBIO,2000,14,1,2825,Philip,W,Hedrick,Philip W Hedrick,SE,SE,,,,,USA,USA
CONBIO,2000,14,1,2016,Kent,,Holsinger,Kent Holsinger,SE,SE,,,,,USA,USA
CONBIO,2000,14,1,2417,Malcolm,L,Hunter,Malcolm L Hunter,SE,SE,,,,,USA,USA
CONBIO,2000,14,1,3367,Susan,K,Jacobson,Susan K Jacobson,SE,SE,,,,,USA,USA
CONBIO,2000,14,1,2183,Lee,B,Kats,Lee B Kats,SE,SE,,,,,USA,USA
CONBIO,2000,14,1,748,Devra,G,Kleiman,Devra G Kleiman,SE,SE,,,,,USA,USA
CONBIO,2000,14,1,3121,Richard,L,Knight,Richard L Knight,SE,SE,,,,,USA,USA
CONBIO,2000,14,1,3769,William,C,McComb,William C McComb,SE,SE,,,,,USA,USA
CONBIO,2000,14,1,1229,Gary,K,Meffe,Gary K Meffe,EIC,EIC,,,,,USA,USA
CONBIO,2000,14,1,528,Curt,,Meine,Curt Meine,SE,SE,,,,,USA,USA
CONBIO,2000,14,1,3172,Richard,,Neves,Richard Neves,SE,SE,,,,,USA,USA
CONBIO,2000,14,1,809,David,W,Orr,David W Orr,AE,AE,,,,,USA,USA
CONBIO,2000,14,1,2066,Ken,N,Paige,Ken N Paige,SE,SE,,,,,USA,USA
CONBIO,2000,14,1,2505,Miguel,,Pascual,Miguel Pascual,SE,SE,,,,,Argentina,ARG
CONBIO,2000,14,1,813,David,L,Pearson,David L Pearson,SE,SE,,,,,USA,USA
CONBIO,2000,14,1,3439,Stuart,L,Pimm,Stuart L Pimm,SE,SE,,,,,USA,USA
CONBIO,2000,14,1,342,Bob,,Pressey,Bob Pressey,SE,SE,,,,,Australia,AUS
CONBIO,2000,14,1,2073,Kent,H,Redford,Kent H Redford,SE,SE,,,,,USA,USA
CONBIO,2000,14,1,562,Callum,,Roberts,Callum Roberts,SE,SE,,,,,UK,GBR
CONBIO,2000,14,1,1838,John,G,Robinson,John G Robinson,SE,SE,,,,,USA,USA
CONBIO,2000,14,1,3455,Scott,K,Robinson,Scott K Robinson,SE,SE,,,,,USA,USA
CONBIO,2000,14,1,2686,Nils,,Ryman,Nils Ryman,SE,SE,,,,,Sweden,SWE
CONBIO,2000,14,1,856,Denis,A,Saunders,Denis A Saunders,SE,SE,,,,,Australia,AUS
CONBIO,2000,14,1,2085,Kim,T,Scribner,Kim T Scribner,SE,SE,,,,,USA,USA
CONBIO,2000,14,1,3217,Rebecca,R,Sharitz,Rebecca R Sharitz,SE,SE,,,,,USA,USA
CONBIO,2000,14,1,2571,Melanie,IJ,Stiassny,Melanie IJ Stiassny,SE,SE,,,,,USA,USA
CONBIO,2000,14,1,3243,Robin,S,Waples,Robin S Waples,SE,SE,,,,,USA,USA
CONBIO,2000,14,1,918,David,,Wilcove,David Wilcove,SE,SE,,,,,USA,USA
CONBIO,2000,14,1,2613,Mary,F,Willson,Mary F Willson,SE,SE,,,,,USA,USA
CONBIO,2001,15,1,3269,Sandy,J,Andelman,Sandy J Andelman,SE,SE,,,,,USA,USA
CONBIO,2001,15,1,2756,Paul,L,Angermeier,Paul L Angermeier,SE,SE,,,,,USA,USA
CONBIO,2001,15,1,2277,Mary,V,Ashley,Mary V Ashley,SE,SE,,,,,USA,USA
CONBIO,2001,15,1,3280,Steven,R,Beissinger,Steven R Beissinger,SE,SE,,,,,USA,USA
CONBIO,2001,15,1,1150,Gary,E,Belovsky,Gary E Belovsky,SE,SE,,,,,UK,GBR
CONBIO,2001,15,1,1463,Joel,,Berger,Joel Berger,SE,SE,,,,,USA,USA
CONBIO,2001,15,1,20,Andrew,R,Blaustein,Andrew R Blaustein,SE,SE,,,,,USA,USA
CONBIO,2001,15,1,1503,Juan,Carlos,Castilla,Juan Carlos Castilla,SE,SE,,,,,Chile,CHL
CONBIO,2001,15,1,957,Eric,,Dinerstein,Eric Dinerstein,SE,SE,,,,,USA,USA
CONBIO,2001,15,1,2795,Philip,M,Dixon,Philip M Dixon,AE,AE,,,,,USA,USA
CONBIO,2001,15,1,1553,John,B,Dunning,John B Dunning,SE,SE,,,,,USA,USA
CONBIO,2001,15,1,1567,John,,Faaborg,John Faaborg,SE,SE,,,,,USA,USA
CONBIO,2001,15,1,2805,Peggy,L,Fiedler,Peggy L Fiedler,AE,AE,,,,,USA,USA
CONBIO,2001,15,1,1598,Joshua,,Ginsberg,Joshua Ginsberg,AE,AE,,,,,USA,USA
CONBIO,2001,15,1,2390,MarthaJ,,Groom,MarthaJ Groom,SE,SE,,,,,USA,USA
CONBIO,2001,15,1,3079,R,Edward,Grumbine,R Edward Grumbine,SE,SE,,,,,USA,USA
CONBIO,2001,15,1,2825,Philip,W,Hedrick,Philip W Hedrick,SE,SE,,,,,USA,USA
CONBIO,2001,15,1,2016,Kent,,Holsinger,Kent Holsinger,SE,SE,,,,,USA,USA
CONBIO,2001,15,1,2417,Malcolm,L,Hunter,Malcolm L Hunter,SE,SE,,,,,USA,USA
CONBIO,2001,15,1,3367,Susan,K,Jacobson,Susan K Jacobson,SE,SE,,,,,USA,USA
CONBIO,2001,15,1,2183,Lee,B,Kats,Lee B Kats,SE,SE,,,,,USA,USA
CONBIO,2001,15,1,748,Devra,G,Kleiman,Devra G Kleiman,SE,SE,,,,,USA,USA
CONBIO,2001,15,1,3121,Richard,L,Knight,Richard L Knight,SE,SE,,,,,USA,USA
CONBIO,2001,15,1,501,Claire,,Kremen,Claire Kremen,SE,SE,,,,,USA,USA
CONBIO,2001,15,1,3769,William,C,McComb,William C McComb,SE,SE,,,,,USA,USA
CONBIO,2001,15,1,1229,Gary,K,Meffe,Gary K Meffe,EIC,EIC,,,,,USA,USA
CONBIO,2001,15,1,528,Curt,,Meine,Curt Meine,SE,SE,,,,,USA,USA
CONBIO,2001,15,1,3172,Richard,,Neves,Richard Neves,SE,SE,,,,,USA,USA
CONBIO,2001,15,1,803,David,,Norton,David Norton,SE,SE,,,,,New Zealand,NZL
CONBIO,2001,15,1,809,David,W,Orr,David W Orr,AE,AE,,,,,USA,USA
CONBIO,2001,15,1,2066,Ken,N,Paige,Ken N Paige,SE,SE,,,,,USA,USA
CONBIO,2001,15,1,2505,Miguel,,Pascual,Miguel Pascual,SE,SE,,,,,Argentina,ARG
CONBIO,2001,15,1,813,David,L,Pearson,David L Pearson,SE,SE,,,,,USA,USA
CONBIO,2001,15,1,3439,Stuart,L,Pimm,Stuart L Pimm,SE,SE,,,,,USA,USA
CONBIO,2001,15,1,1347,Hugh,,Possingham,Hugh Possingham,SE,SE,,,,,Australia,AUS
CONBIO,2001,15,1,342,Bob,,Pressey,Bob Pressey,SE,SE,,,,,Australia,AUS
CONBIO,2001,15,1,2073,Kent,H,Redford,Kent H Redford,SE,SE,,,,,USA,USA
CONBIO,2001,15,1,562,Callum,,Roberts,Callum Roberts,SE,SE,,,,,UK,GBR
CONBIO,2001,15,1,1838,John,G,Robinson,John G Robinson,SE,SE,,,,,USA,USA
CONBIO,2001,15,1,3455,Scott,K,Robinson,Scott K Robinson,SE,SE,,,,,USA,USA
CONBIO,2001,15,1,2686,Nils,,Ryman,Nils Ryman,SE,SE,,,,,Sweden,SWE
CONBIO,2001,15,1,2548,Michael,,Samways,Michael Samways,SE,SE,,,,,South Africa,ZAF
CONBIO,2001,15,1,856,Denis,A,Saunders,Denis A Saunders,SE,SE,,,,,Australia,AUS
CONBIO,2001,15,1,2085,Kim,T,Scribner,Kim T Scribner,SE,SE,,,,,USA,USA
CONBIO,2001,15,1,3217,Rebecca,R,Sharitz,Rebecca R Sharitz,SE,SE,,,,,USA,USA
CONBIO,2001,15,1,2571,Melanie,IJ,Stiassny,Melanie IJ Stiassny,SE,SE,,,,,USA,USA
CONBIO,2001,15,1,2593,Marc-Andre,,Villard,Marc-Andre Villard,SE,SE,,,,,Canada,CAN
CONBIO,2001,15,1,3243,Robin,S,Waples,Robin S Waples,SE,SE,,,,,USA,USA
CONBIO,2001,15,1,2613,Mary,F,Willson,Mary F Willson,SE,SE,,,,,USA,USA
CONBIO,2002,16,1,3269,Sandy,J,Andelman,Sandy J Andelman,SE,SE,,,,,USA,USA
CONBIO,2002,16,1,2756,Paul,L,Angermeier,Paul L Angermeier,SE,SE,,,,,USA,USA
CONBIO,2002,16,1,2277,Mary,V,Ashley,Mary V Ashley,SE,SE,,,,,USA,USA
CONBIO,2002,16,1,3280,Steven,R,Beissinger,Steven R Beissinger,SE,SE,,,,,USA,USA
CONBIO,2002,16,1,1150,Gary,E,Belovsky,Gary E Belovsky,SE,SE,,,,,UK,GBR
CONBIO,2002,16,1,1463,Joel,,Berger,Joel Berger,SE,SE,,,,,USA,USA
CONBIO,2002,16,1,20,Andrew,R,Blaustein,Andrew R Blaustein,SE,SE,,,,,USA,USA
CONBIO,2002,16,1,404,Carol,,Brewer,Carol Brewer,AE,AE,,,,,USA,USA
CONBIO,2002,16,1,1503,Juan,Carlos,Castilla,Juan Carlos Castilla,SE,SE,,,,,Chile,CHL
CONBIO,2002,16,1,957,Eric,,Dinerstein,Eric Dinerstein,SE,SE,,,,,USA,USA
CONBIO,2002,16,1,2795,Philip,M,Dixon,Philip M Dixon,AE,AE,,,,,USA,USA
CONBIO,2002,16,1,3538,Therese,,Donovan,Therese Donovan,SE,SE,,,,,USA,USA
CONBIO,2002,16,1,1553,John,B,Dunning,John B Dunning,SE,SE,,,,,USA,USA
CONBIO,2002,16,1,1567,John,,Faaborg,John Faaborg,SE,SE,,,,,USA,USA
CONBIO,2002,16,1,2805,Peggy,L,Fiedler,Peggy L Fiedler,AE,AE,,,,,USA,USA
CONBIO,2002,16,1,1598,Joshua,,Ginsberg,Joshua Ginsberg,AE,AE,,,,,USA,USA
CONBIO,2002,16,1,2390,MarthaJ,,Groom,MarthaJ Groom,SE,SE,,,,,USA,USA
CONBIO,2002,16,1,3091,Richard,J,Hobbs,Richard J Hobbs,SE,SE,,,,,Australia,AUS
CONBIO,2002,16,1,2016,Kent,,Holsinger,Kent Holsinger,SE,SE,,,,,USA,USA
CONBIO,2002,16,1,2417,Malcolm,L,Hunter,Malcolm L Hunter,SE,SE,,,,,USA,USA
CONBIO,2002,16,1,3367,Susan,K,Jacobson,Susan K Jacobson,SE,SE,,,,,USA,USA
CONBIO,2002,16,1,2183,Lee,B,Kats,Lee B Kats,SE,SE,,,,,USA,USA
CONBIO,2002,16,1,748,Devra,G,Kleiman,Devra G Kleiman,SE,SE,,,,,USA,USA
CONBIO,2002,16,1,3121,Richard,L,Knight,Richard L Knight,SE,SE,,,,,USA,USA
CONBIO,2002,16,1,501,Claire,,Kremen,Claire Kremen,SE,SE,,,,,USA,USA
CONBIO,2002,16,1,1720,Julie,,Lockwood,Julie Lockwood,SE,SE,,,,,USA,USA
CONBIO,2002,16,1,1219,Gordon,,Luikart,Gordon Luikart,SE,SE,,,,,France,FRA
CONBIO,2002,16,1,3769,William,C,McComb,William C McComb,SE,SE,,,,,USA,USA
CONBIO,2002,16,1,1229,Gary,K,Meffe,Gary K Meffe,EIC,EIC,,,,,USA,USA
CONBIO,2002,16,1,528,Curt,,Meine,Curt Meine,SE,SE,,,,,USA,USA
CONBIO,2002,16,1,3172,Richard,,Neves,Richard Neves,SE,SE,,,,,USA,USA
CONBIO,2002,16,1,803,David,,Norton,David Norton,SE,SE,,,,,New Zealand,NZL
CONBIO,2002,16,1,1791,J,GerardB,Oostermeijer,J GerardB Oostermeijer,SE,SE,,,,,Netherlands,NLD
CONBIO,2002,16,1,809,David,W,Orr,David W Orr,AE,AE,,,,,USA,USA
CONBIO,2002,16,1,2066,Ken,N,Paige,Ken N Paige,SE,SE,,,,,USA,USA
CONBIO,2002,16,1,2505,Miguel,,Pascual,Miguel Pascual,SE,SE,,,,,Argentina,ARG
CONBIO,2002,16,1,813,David,L,Pearson,David L Pearson,SE,SE,,,,,USA,USA
CONBIO,2002,16,1,1347,Hugh,,Possingham,Hugh Possingham,SE,SE,,,,,Australia,AUS
CONBIO,2002,16,1,342,Bob,,Pressey,Bob Pressey,SE,SE,,,,,Australia,AUS
CONBIO,2002,16,1,1120,Francis,E,Putz,Francis E Putz,SE,SE,,,,,USA,USA
CONBIO,2002,16,1,2073,Kent,H,Redford,Kent H Redford,SE,SE,,,,,USA,USA
CONBIO,2002,16,1,562,Callum,,Roberts,Callum Roberts,SE,SE,,,,,UK,GBR
CONBIO,2002,16,1,1838,John,G,Robinson,John G Robinson,SE,SE,,,,,USA,USA
CONBIO,2002,16,1,2548,Michael,,Samways,Michael Samways,SE,SE,,,,,South Africa,ZAF
CONBIO,2002,16,1,856,Denis,A,Saunders,Denis A Saunders,SE,SE,,,,,Australia,AUS
CONBIO,2002,16,1,2085,Kim,T,Scribner,Kim T Scribner,SE,SE,,,,,USA,USA
CONBIO,2002,16,1,2091,Kathryn,E,Sieving,Kathryn E Sieving,SE,SE,,,,,USA,USA
CONBIO,2002,16,1,2593,Marc-Andre,,Villard,Marc-Andre Villard,SE,SE,,,,,Canada,CAN
CONBIO,2002,16,1,3243,Robin,S,Waples,Robin S Waples,SE,SE,,,,,USA,USA
CONBIO,2002,16,1,2957,Paul,,Williams,Paul Williams,SE,SE,,,,,USA,USA
CONBIO,2002,16,1,2613,Mary,F,Willson,Mary F Willson,SE,SE,,,,,USA,USA
CONBIO,2003,17,1,3269,Sandy,J,Andelman,Sandy J Andelman,SE,SE,,,,,USA,USA
CONBIO,2003,17,1,2756,Paul,L,Angermeier,Paul L Angermeier,SE,SE,,,,,USA,USA
CONBIO,2003,17,1,2277,Mary,V,Ashley,Mary V Ashley,SE,SE,,,,,USA,USA
CONBIO,2003,17,1,11,Andrew,,Balmford,Andrew Balmford,SE,SE,,,,,UK,GBR
CONBIO,2003,17,1,3280,Steven,R,Beissinger,Steven R Beissinger,SE,SE,,,,,USA,USA
CONBIO,2003,17,1,1150,Gary,E,Belovsky,Gary E Belovsky,SE,SE,,,,,UK,GBR
CONBIO,2003,17,1,1463,Joel,,Berger,Joel Berger,SE,SE,,,,,USA,USA
CONBIO,2003,17,1,20,Andrew,R,Blaustein,Andrew R Blaustein,SE,SE,,,,,USA,USA
CONBIO,2003,17,1,404,Carol,,Brewer,Carol Brewer,AE,AE,,,,,USA,USA
CONBIO,2003,17,1,1498,J,Baird,Callicott,J Baird Callicott,SE,SE,,,,,USA,USA
CONBIO,2003,17,1,1503,Juan,Carlos,Castilla,Juan Carlos Castilla,SE,SE,,,,,Chile,CHL
CONBIO,2003,17,1,957,Eric,,Dinerstein,Eric Dinerstein,SE,SE,,,,,USA,USA
CONBIO,2003,17,1,2795,Philip,M,Dixon,Philip M Dixon,AE,AE,,,,,USA,USA
CONBIO,2003,17,1,3538,Therese,,Donovan,Therese Donovan,SE,SE,,,,,USA,USA
CONBIO,2003,17,1,1553,John,B,Dunning,John B Dunning,SE,SE,,,,,USA,USA
CONBIO,2003,17,1,1567,John,,Faaborg,John Faaborg,SE,SE,,,,,USA,USA
CONBIO,2003,17,1,2805,Peggy,L,Fiedler,Peggy L Fiedler,AE,AE,,,,,USA,USA
CONBIO,2003,17,1,966,Erica,,Fleishman,Erica Fleishman,SE,SE,,,,,USA,USA
CONBIO,2003,17,1,1598,Joshua,,Ginsberg,Joshua Ginsberg,AE,AE,,,,,USA,USA
CONBIO,2003,17,1,2390,MarthaJ,,Groom,MarthaJ Groom,SE,SE,,,,,USA,USA
CONBIO,2003,17,1,2016,Kent,,Holsinger,Kent Holsinger,SE,SE,,,,,USA,USA
CONBIO,2003,17,1,2417,Malcolm,L,Hunter,Malcolm L Hunter,SE,SE,,,,,USA,USA
CONBIO,2003,17,1,3367,Susan,K,Jacobson,Susan K Jacobson,SE,SE,,,,,USA,USA
CONBIO,2003,17,1,2183,Lee,B,Kats,Lee B Kats,SE,SE,,,,,USA,USA
CONBIO,2003,17,1,748,Devra,G,Kleiman,Devra G Kleiman,SE,SE,,,,,USA,USA
CONBIO,2003,17,1,3121,Richard,L,Knight,Richard L Knight,SE,SE,,,,,USA,USA
CONBIO,2003,17,1,501,Claire,,Kremen,Claire Kremen,SE,SE,,,,,USA,USA
CONBIO,2003,17,1,1720,Julie,,Lockwood,Julie Lockwood,SE,SE,,,,,USA,USA
CONBIO,2003,17,1,1219,Gordon,,Luikart,Gordon Luikart,SE,SE,,,,,France,FRA
CONBIO,2003,17,1,3769,William,C,McComb,William C McComb,SE,SE,,,,,USA,USA
CONBIO,2003,17,1,1229,Gary,K,Meffe,Gary K Meffe,EIC,EIC,,,,,USA,USA
CONBIO,2003,17,1,528,Curt,,Meine,Curt Meine,SE,SE,,,,,USA,USA
CONBIO,2003,17,1,3172,Richard,,Neves,Richard Neves,SE,SE,,,,,USA,USA
CONBIO,2003,17,1,803,David,,Norton,David Norton,SE,SE,,,,,New Zealand,NZL
CONBIO,2003,17,1,1791,J,GerardB,Oostermeijer,J GerardB Oostermeijer,SE,SE,,,,,Netherlands,NLD
CONBIO,2003,17,1,809,David,W,Orr,David W Orr,AE,AE,,,,,USA,USA
CONBIO,2003,17,1,2066,Ken,N,Paige,Ken N Paige,SE,SE,,,,,USA,USA
CONBIO,2003,17,1,1347,Hugh,,Possingham,Hugh Possingham,SE,SE,,,,,Australia,AUS
CONBIO,2003,17,1,342,Bob,,Pressey,Bob Pressey,SE,SE,,,,,Australia,AUS
CONBIO,2003,17,1,1120,Francis,E,Putz,Francis E Putz,SE,SE,,,,,USA,USA
CONBIO,2003,17,1,2073,Kent,H,Redford,Kent H Redford,SE,SE,,,,,USA,USA
CONBIO,2003,17,1,562,Callum,,Roberts,Callum Roberts,SE,SE,,,,,UK,GBR
CONBIO,2003,17,1,1838,John,G,Robinson,John G Robinson,SE,SE,,,,,USA,USA
CONBIO,2003,17,1,2548,Michael,,Samways,Michael Samways,SE,SE,,,,,South Africa,ZAF
CONBIO,2003,17,1,2085,Kim,T,Scribner,Kim T Scribner,SE,SE,,,,,USA,USA
CONBIO,2003,17,1,2091,Kathryn,E,Sieving,Kathryn E Sieving,SE,SE,,,,,USA,USA
CONBIO,2003,17,1,2593,Marc-Andre,,Villard,Marc-Andre Villard,SE,SE,,,,,Canada,CAN
CONBIO,2003,17,1,3243,Robin,S,Waples,Robin S Waples,SE,SE,,,,,USA,USA
CONBIO,2003,17,1,2957,Paul,,Williams,Paul Williams,SE,SE,,,,,USA,USA
CONBIO,2003,17,1,2613,Mary,F,Willson,Mary F Willson,SE,SE,,,,,USA,USA
CONBIO,2003,17,1,236,Andrew,,Young,Andrew Young,SE,SE,,,,,Australia,AUS
CONBIO,2004,18,1,2756,Paul,L,Angermeier,Paul L Angermeier,SE,SE,,,,,USA,USA
CONBIO,2004,18,1,2277,Mary,V,Ashley,Mary V Ashley,SE,SE,,,,,USA,USA
CONBIO,2004,18,1,11,Andrew,,Balmford,Andrew Balmford,SE,SE,,,,,UK,GBR
CONBIO,2004,18,1,1453,Jordi,,Bascompte,Jordi Bascompte,SE,SE,,,,,Spain,ESP
CONBIO,2004,18,1,3280,Steven,R,Beissinger,Steven R Beissinger,SE,SE,,,,,USA,USA
CONBIO,2004,18,1,1150,Gary,E,Belovsky,Gary E Belovsky,SE,SE,,,,,UK,GBR
CONBIO,2004,18,1,1463,Joel,,Berger,Joel Berger,SE,SE,,,,,USA,USA
CONBIO,2004,18,1,20,Andrew,R,Blaustein,Andrew R Blaustein,SE,SE,,,,,USA,USA
CONBIO,2004,18,1,404,Carol,,Brewer,Carol Brewer,AE,AE,,,,,USA,USA
CONBIO,2004,18,1,2317,Mark,A,Burgman,Mark A Burgman,SE,SE,,,,,Australia,AUS
CONBIO,2004,18,1,1498,J,Baird,Callicott,J Baird Callicott,SE,SE,,,,,USA,USA
CONBIO,2004,18,1,1503,Juan,Carlos,Castilla,Juan Carlos Castilla,SE,SE,,,,,Chile,CHL
CONBIO,2004,18,1,957,Eric,,Dinerstein,Eric Dinerstein,SE,SE,,,,,USA,USA
CONBIO,2004,18,1,2795,Philip,M,Dixon,Philip M Dixon,AE,AE,,,,,USA,USA
CONBIO,2004,18,1,3538,Therese,,Donovan,Therese Donovan,SE,SE,,,,,USA,USA
CONBIO,2004,18,1,1553,John,B,Dunning,John B Dunning,SE,SE,,,,,USA,USA
CONBIO,2004,18,1,1567,John,,Faaborg,John Faaborg,SE,SE,,,,,USA,USA
CONBIO,2004,18,1,2805,Peggy,L,Fiedler,Peggy L Fiedler,AE,AE,,,,,USA,USA
CONBIO,2004,18,1,966,Erica,,Fleishman,Erica Fleishman,SE,SE,,,,,USA,USA
CONBIO,2004,18,1,449,Carl,,Folke,Carl Folke,SE,SE,,,,,Sweden,SWE
CONBIO,2004,18,1,2152,Leah,,Gerber,Leah Gerber,SE,SE,,,,,USA,USA
CONBIO,2004,18,1,1598,Joshua,,Ginsberg,Joshua Ginsberg,AE,AE,,,,,USA,USA
CONBIO,2004,18,1,2016,Kent,,Holsinger,Kent Holsinger,SE,SE,,,,,USA,USA
CONBIO,2004,18,1,2417,Malcolm,L,Hunter,Malcolm L Hunter,SE,SE,,,,,USA,USA
CONBIO,2004,18,1,3367,Susan,K,Jacobson,Susan K Jacobson,SE,SE,,,,,USA,USA
CONBIO,2004,18,1,2183,Lee,B,Kats,Lee B Kats,SE,SE,,,,,USA,USA
CONBIO,2004,18,1,748,Devra,G,Kleiman,Devra G Kleiman,SE,SE,,,,,USA,USA
CONBIO,2004,18,1,3121,Richard,L,Knight,Richard L Knight,SE,SE,,,,,USA,USA
CONBIO,2004,18,1,501,Claire,,Kremen,Claire Kremen,SE,SE,,,,,USA,USA
CONBIO,2004,18,1,1720,Julie,,Lockwood,Julie Lockwood,SE,SE,,,,,USA,USA
CONBIO,2004,18,1,1219,Gordon,,Luikart,Gordon Luikart,SE,SE,,,,,France,FRA
CONBIO,2004,18,1,3769,William,C,McComb,William C McComb,SE,SE,,,,,USA,USA
CONBIO,2004,18,1,3151,Rodrigo,,Medellin,Rodrigo Medellin,SE,SE,,,,,Mexico,MEX
CONBIO,2004,18,1,1229,Gary,K,Meffe,Gary K Meffe,EIC,EIC,,,,,USA,USA
CONBIO,2004,18,1,528,Curt,,Meine,Curt Meine,SE,SE,,,,,USA,USA
CONBIO,2004,18,1,3172,Richard,,Neves,Richard Neves,SE,SE,,,,,USA,USA
CONBIO,2004,18,1,1791,J,GerardB,Oostermeijer,J GerardB Oostermeijer,SE,SE,,,,,Netherlands,NLD
CONBIO,2004,18,1,809,David,W,Orr,David W Orr,AE,AE,,,,,USA,USA
CONBIO,2004,18,1,2066,Ken,N,Paige,Ken N Paige,SE,SE,,,,,USA,USA
CONBIO,2004,18,1,1347,Hugh,,Possingham,Hugh Possingham,SE,SE,,,,,Australia,AUS
CONBIO,2004,18,1,342,Bob,,Pressey,Bob Pressey,SE,SE,,,,,Australia,AUS
CONBIO,2004,18,1,1120,Francis,E,Putz,Francis E Putz,SE,SE,,,,,USA,USA
CONBIO,2004,18,1,2073,Kent,H,Redford,Kent H Redford,SE,SE,,,,,USA,USA
CONBIO,2004,18,1,1838,John,G,Robinson,John G Robinson,SE,SE,,,,,USA,USA
CONBIO,2004,18,1,2548,Michael,,Samways,Michael Samways,SE,SE,,,,,South Africa,ZAF
CONBIO,2004,18,1,2085,Kim,T,Scribner,Kim T Scribner,SE,SE,,,,,USA,USA
CONBIO,2004,18,1,2091,Kathryn,E,Sieving,Kathryn E Sieving,SE,SE,,,,,USA,USA
CONBIO,2004,18,1,2693,Navjot,S,Sodhi,Navjot S Sodhi,SE,SE,,,,,Singapore,SGP
CONBIO,2004,18,1,2593,Marc-Andre,,Villard,Marc-Andre Villard,SE,SE,,,,,Canada,CAN
CONBIO,2004,18,1,3243,Robin,S,Waples,Robin S Waples,SE,SE,,,,,USA,USA
CONBIO,2004,18,1,2957,Paul,,Williams,Paul Williams,SE,SE,,,,,USA,USA
CONBIO,2004,18,1,2613,Mary,F,Willson,Mary F Willson,SE,SE,,,,,USA,USA
CONBIO,2004,18,1,236,Andrew,,Young,Andrew Young,SE,SE,,,,,Australia,AUS
CONBIO,2005,19,1,2969,Resit,,Akcakaya,Resit Akcakaya,SE,SE,,,,,USA,USA
CONBIO,2005,19,1,2756,Paul,L,Angermeier,Paul L Angermeier,SE,SE,,,,,USA,USA
CONBIO,2005,19,1,11,Andrew,,Balmford,Andrew Balmford,SE,SE,,,,,UK,GBR
CONBIO,2005,19,1,1453,Jordi,,Bascompte,Jordi Bascompte,SE,SE,,,,,Spain,ESP
CONBIO,2005,19,1,3280,Steven,R,Beissinger,Steven R Beissinger,SE,SE,,,,,USA,USA
CONBIO,2005,19,1,1150,Gary,E,Belovsky,Gary E Belovsky,SE,SE,,,,,UK,GBR
CONBIO,2005,19,1,1463,Joel,,Berger,Joel Berger,SE,SE,,,,,USA,USA
CONBIO,2005,19,1,20,Andrew,R,Blaustein,Andrew R Blaustein,SE,SE,,,,,USA,USA
CONBIO,2005,19,1,404,Carol,,Brewer,Carol Brewer,AE,AE,,,,,USA,USA
CONBIO,2005,19,1,2317,Mark,A,Burgman,Mark A Burgman,SE,SE,,,,,Australia,AUS
CONBIO,2005,19,1,2320,Mar,,Cabeza,Mar Cabeza,SE,SE,,,,,Finland,FIN
CONBIO,2005,19,1,1498,J,Baird,Callicott,J Baird Callicott,SE,SE,,,,,USA,USA
CONBIO,2005,19,1,1503,Juan,Carlos,Castilla,Juan Carlos Castilla,SE,SE,,,,,Chile,CHL
CONBIO,2005,19,1,3026,Richard,,Cowling,Richard Cowling,SE,SE,,,,,South Africa,ZAF
CONBIO,2005,19,1,3035,Richard,,Daszak,Richard Daszak,SE,SE,,,,,USA,USA
CONBIO,2005,19,1,957,Eric,,Dinerstein,Eric Dinerstein,SE,SE,,,,,USA,USA
CONBIO,2005,19,1,3538,Therese,,Donovan,Therese Donovan,SE,SE,,,,,USA,USA
CONBIO,2005,19,1,1553,John,B,Dunning,John B Dunning,SE,SE,,,,,USA,USA
CONBIO,2005,19,1,1172,Gareth,,Edward-Jones,Gareth Edward-Jones,SE,SE,,,,,UK,GBR
CONBIO,2005,19,1,1567,John,,Faaborg,John Faaborg,SE,SE,,,,,USA,USA
CONBIO,2005,19,1,2805,Peggy,L,Fiedler,Peggy L Fiedler,AE,AE,,,,,USA,USA
CONBIO,2005,19,1,966,Erica,,Fleishman,Erica Fleishman,SE,SE,,,,,USA,USA
CONBIO,2005,19,1,449,Carl,,Folke,Carl Folke,SE,SE,,,,,Sweden,SWE
CONBIO,2005,19,1,3062,Richard,,Frankham,Richard Frankham,SE,SE,,,,,Australia,AUS
CONBIO,2005,19,1,2152,Leah,,Gerber,Leah Gerber,SE,SE,,,,,USA,USA
CONBIO,2005,19,1,1598,Joshua,,Ginsberg,Joshua Ginsberg,AE,AE,,,,,USA,USA
CONBIO,2005,19,1,2016,Kent,,Holsinger,Kent Holsinger,SE,SE,,,,,USA,USA
CONBIO,2005,19,1,2417,Malcolm,L,Hunter,Malcolm L Hunter,SE,SE,,,,,USA,USA
CONBIO,2005,19,1,3367,Susan,K,Jacobson,Susan K Jacobson,SE,SE,,,,,USA,USA
CONBIO,2005,19,1,2183,Lee,B,Kats,Lee B Kats,SE,SE,,,,,USA,USA
CONBIO,2005,19,1,748,Devra,G,Kleiman,Devra G Kleiman,SE,SE,,,,,USA,USA
CONBIO,2005,19,1,3121,Richard,L,Knight,Richard L Knight,SE,SE,,,,,USA,USA
CONBIO,2005,19,1,501,Claire,,Kremen,Claire Kremen,SE,SE,,,,,USA,USA
CONBIO,2005,19,1,2192,Linda,,Laikre,Linda Laikre,SE,SE,,,,,Sweden,SWE
CONBIO,2005,19,1,1720,Julie,,Lockwood,Julie Lockwood,SE,SE,,,,,USA,USA
CONBIO,2005,19,1,1219,Gordon,,Luikart,Gordon Luikart,SE,SE,,,,,France,FRA
CONBIO,2005,19,1,3769,William,C,McComb,William C McComb,SE,SE,,,,,USA,USA
CONBIO,2005,19,1,3151,Rodrigo,,Medellin,Rodrigo Medellin,SE,SE,,,,,Mexico,MEX
CONBIO,2005,19,1,1229,Gary,K,Meffe,Gary K Meffe,EIC,EIC,,,,,USA,USA
CONBIO,2005,19,1,528,Curt,,Meine,Curt Meine,SE,SE,,,,,USA,USA
CONBIO,2005,19,1,1110,Florenza,,Micheli,Florenza Micheli,SE,SE,,,,,USA,USA
CONBIO,2005,19,1,3172,Richard,,Neves,Richard Neves,SE,SE,,,,,USA,USA
CONBIO,2005,19,1,1791,J,GerardB,Oostermeijer,J GerardB Oostermeijer,SE,SE,,,,,Netherlands,NLD
CONBIO,2005,19,1,809,David,W,Orr,David W Orr,AE,AE,,,,,USA,USA
CONBIO,2005,19,1,2066,Ken,N,Paige,Ken N Paige,SE,SE,,,,,USA,USA
CONBIO,2005,19,1,1347,Hugh,,Possingham,Hugh Possingham,SE,SE,,,,,Australia,AUS
CONBIO,2005,19,1,342,Bob,,Pressey,Bob Pressey,SE,SE,,,,,Australia,AUS
CONBIO,2005,19,1,1120,Francis,E,Putz,Francis E Putz,SE,SE,,,,,USA,USA
CONBIO,2005,19,1,2073,Kent,H,Redford,Kent H Redford,SE,SE,,,,,USA,USA
CONBIO,2005,19,1,1838,John,G,Robinson,John G Robinson,SE,SE,,,,,USA,USA
CONBIO,2005,19,1,3841,Yvonne,,Sadovy,Yvonne Sadovy,SE,SE,,,,,China,CHN
CONBIO,2005,19,1,2548,Michael,,Samways,Michael Samways,SE,SE,,,,,South Africa,ZAF
CONBIO,2005,19,1,2085,Kim,T,Scribner,Kim T Scribner,SE,SE,,,,,USA,USA
CONBIO,2005,19,1,2091,Kathryn,E,Sieving,Kathryn E Sieving,SE,SE,,,,,USA,USA
CONBIO,2005,19,1,2693,Navjot,S,Sodhi,Navjot S Sodhi,SE,SE,,,,,Singapore,SGP
CONBIO,2005,19,1,3243,Robin,S,Waples,Robin S Waples,SE,SE,,,,,USA,USA
CONBIO,2005,19,1,2957,Paul,,Williams,Paul Williams,SE,SE,,,,,USA,USA
CONBIO,2005,19,1,236,Andrew,,Young,Andrew Young,SE,SE,,,,,Australia,AUS
CONBIO,2005,19,1,2621,Michaela,,Zint,Michaela Zint,SE,SE,,,,,USA,USA
CONBIO,2006,20,1,2969,Resit,,Akcakaya,Resit Akcakaya,SE,SE,,,,,USA,USA
CONBIO,2006,20,1,2756,Paul,L,Angermeier,Paul L Angermeier,SE,SE,,,,,USA,USA
CONBIO,2006,20,1,11,Andrew,,Balmford,Andrew Balmford,SE,SE,,,,,UK,GBR
CONBIO,2006,20,1,1453,Jordi,,Bascompte,Jordi Bascompte,SE,SE,,,,,Spain,ESP
CONBIO,2006,20,1,3280,Steven,R,Beissinger,Steven R Beissinger,SE,SE,,,,,USA,USA
CONBIO,2006,20,1,1150,Gary,E,Belovsky,Gary E Belovsky,SE,SE,,,,,UK,GBR
CONBIO,2006,20,1,1463,Joel,,Berger,Joel Berger,SE,SE,,,,,USA,USA
CONBIO,2006,20,1,20,Andrew,R,Blaustein,Andrew R Blaustein,SE,SE,,,,,USA,USA
CONBIO,2006,20,1,404,Carol,,Brewer,Carol Brewer,AE,AE,,,,,USA,USA
CONBIO,2006,20,1,2317,Mark,A,Burgman,Mark A Burgman,SE,SE,,,,,Australia,AUS
CONBIO,2006,20,1,2320,Mar,,Cabeza,Mar Cabeza,SE,SE,,,,,Finland,FIN
CONBIO,2006,20,1,1498,J,Baird,Callicott,J Baird Callicott,SE,SE,,,,,USA,USA
CONBIO,2006,20,1,1503,Juan,Carlos,Castilla,Juan Carlos Castilla,SE,SE,,,,,Chile,CHL
CONBIO,2006,20,1,3026,Richard,,Cowling,Richard Cowling,SE,SE,,,,,South Africa,ZAF
CONBIO,2006,20,1,3035,Richard,,Daszak,Richard Daszak,SE,SE,,,,,USA,USA
CONBIO,2006,20,1,957,Eric,,Dinerstein,Eric Dinerstein,SE,SE,,,,,USA,USA
CONBIO,2006,20,1,3538,Therese,,Donovan,Therese Donovan,SE,SE,,,,,USA,USA
CONBIO,2006,20,1,1553,John,B,Dunning,John B Dunning,SE,SE,,,,,USA,USA
CONBIO,2006,20,1,1172,Gareth,,Edward-Jones,Gareth Edward-Jones,SE,SE,,,,,UK,GBR
CONBIO,2006,20,1,1567,John,,Faaborg,John Faaborg,SE,SE,,,,,USA,USA
CONBIO,2006,20,1,2805,Peggy,L,Fiedler,Peggy L Fiedler,AE,AE,,,,,USA,USA
CONBIO,2006,20,1,966,Erica,,Fleishman,Erica Fleishman,SE,SE,,,,,USA,USA
CONBIO,2006,20,1,449,Carl,,Folke,Carl Folke,SE,SE,,,,,Sweden,SWE
CONBIO,2006,20,1,3062,Richard,,Frankham,Richard Frankham,SE,SE,,,,,Australia,AUS
CONBIO,2006,20,1,2152,Leah,,Gerber,Leah Gerber,SE,SE,,,,,USA,USA
CONBIO,2006,20,1,1598,Joshua,,Ginsberg,Joshua Ginsberg,AE,AE,,,,,USA,USA
CONBIO,2006,20,1,2417,Malcolm,L,Hunter,Malcolm L Hunter,SE,SE,,,,,USA,USA
CONBIO,2006,20,1,3367,Susan,K,Jacobson,Susan K Jacobson,SE,SE,,,,,USA,USA
CONBIO,2006,20,1,2183,Lee,B,Kats,Lee B Kats,SE,SE,,,,,USA,USA
CONBIO,2006,20,1,748,Devra,G,Kleiman,Devra G Kleiman,SE,SE,,,,,USA,USA
CONBIO,2006,20,1,3121,Richard,L,Knight,Richard L Knight,SE,SE,,,,,USA,USA
CONBIO,2006,20,1,501,Claire,,Kremen,Claire Kremen,SE,SE,,,,,USA,USA
CONBIO,2006,20,1,2192,Linda,,Laikre,Linda Laikre,SE,SE,,,,,Sweden,SWE
CONBIO,2006,20,1,1720,Julie,,Lockwood,Julie Lockwood,SE,SE,,,,,USA,USA
CONBIO,2006,20,1,3769,William,C,McComb,William C McComb,SE,SE,,,,,USA,USA
CONBIO,2006,20,1,3151,Rodrigo,,Medellin,Rodrigo Medellin,SE,SE,,,,,Mexico,MEX
CONBIO,2006,20,1,1229,Gary,K,Meffe,Gary K Meffe,EIC,EIC,,,,,USA,USA
CONBIO,2006,20,1,528,Curt,,Meine,Curt Meine,SE,SE,,,,,USA,USA
CONBIO,2006,20,1,1110,Florenza,,Micheli,Florenza Micheli,SE,SE,,,,,USA,USA
CONBIO,2006,20,1,1004,E,J,Milner-Gulland,E J Milner-Gulland,SE,SE,,,,,UK,GBR
CONBIO,2006,20,1,3172,Richard,,Neves,Richard Neves,SE,SE,,,,,USA,USA
CONBIO,2006,20,1,1791,J,GerardB,Oostermeijer,J GerardB Oostermeijer,SE,SE,,,,,Netherlands,NLD
CONBIO,2006,20,1,809,David,W,Orr,David W Orr,AE,AE,,,,,USA,USA
CONBIO,2006,20,1,2066,Ken,N,Paige,Ken N Paige,SE,SE,,,,,USA,USA
CONBIO,2006,20,1,342,Bob,,Pressey,Bob Pressey,SE,SE,,,,,Australia,AUS
CONBIO,2006,20,1,1120,Francis,E,Putz,Francis E Putz,SE,SE,,,,,USA,USA
CONBIO,2006,20,1,2073,Kent,H,Redford,Kent H Redford,SE,SE,,,,,USA,USA
CONBIO,2006,20,1,1838,John,G,Robinson,John G Robinson,SE,SE,,,,,USA,USA
CONBIO,2006,20,1,3841,Yvonne,,Sadovy,Yvonne Sadovy,SE,SE,,,,,China,CHN
CONBIO,2006,20,1,2548,Michael,,Samways,Michael Samways,SE,SE,,,,,South Africa,ZAF
CONBIO,2006,20,1,2085,Kim,T,Scribner,Kim T Scribner,SE,SE,,,,,USA,USA
CONBIO,2006,20,1,2091,Kathryn,E,Sieving,Kathryn E Sieving,SE,SE,,,,,USA,USA
CONBIO,2006,20,1,2693,Navjot,S,Sodhi,Navjot S Sodhi,SE,SE,,,,,Singapore,SGP
CONBIO,2006,20,1,3243,Robin,S,Waples,Robin S Waples,SE,SE,,,,,USA,USA
CONBIO,2006,20,1,236,Andrew,,Young,Andrew Young,SE,SE,,,,,Australia,AUS
CONBIO,2006,20,1,2621,Michaela,,Zint,Michaela Zint,SE,SE,,,,,USA,USA
CONBIO,2007,21,1,2969,Resit,,Akcakaya,Resit Akcakaya,SE,SE,,,,,USA,USA
CONBIO,2007,21,1,2756,Paul,L,Angermeier,Paul L Angermeier,SE,SE,,,,,USA,USA
CONBIO,2007,21,1,11,Andrew,,Balmford,Andrew Balmford,SE,SE,,,,,UK,GBR
CONBIO,2007,21,1,1453,Jordi,,Bascompte,Jordi Bascompte,SE,SE,,,,,Spain,ESP
CONBIO,2007,21,1,3280,Steven,R,Beissinger,Steven R Beissinger,SE,SE,,,,,USA,USA
CONBIO,2007,21,1,1150,Gary,E,Belovsky,Gary E Belovsky,SE,SE,,,,,UK,GBR
CONBIO,2007,21,1,1463,Joel,,Berger,Joel Berger,SE,SE,,,,,USA,USA
CONBIO,2007,21,1,20,Andrew,R,Blaustein,Andrew R Blaustein,SE,SE,,,,,USA,USA
CONBIO,2007,21,1,404,Carol,,Brewer,Carol Brewer,AE,AE,,,,,USA,USA
CONBIO,2007,21,1,2317,Mark,A,Burgman,Mark A Burgman,SE,SE,,,,,Australia,AUS
CONBIO,2007,21,1,2320,Mar,,Cabeza,Mar Cabeza,SE,SE,,,,,Finland,FIN
CONBIO,2007,21,1,1498,J,Baird,Callicott,J Baird Callicott,SE,SE,,,,,USA,USA
CONBIO,2007,21,1,1503,Juan,Carlos,Castilla,Juan Carlos Castilla,SE,SE,,,,,Chile,CHL
CONBIO,2007,21,1,3026,Richard,,Cowling,Richard Cowling,SE,SE,,,,,South Africa,ZAF
CONBIO,2007,21,1,3035,Richard,,Daszak,Richard Daszak,SE,SE,,,,,USA,USA
CONBIO,2007,21,1,957,Eric,,Dinerstein,Eric Dinerstein,SE,SE,,,,,USA,USA
CONBIO,2007,21,1,3538,Therese,,Donovan,Therese Donovan,SE,SE,,,,,USA,USA
CONBIO,2007,21,1,1553,John,B,Dunning,John B Dunning,SE,SE,,,,,USA,USA
CONBIO,2007,21,1,1172,Gareth,,Edward-Jones,Gareth Edward-Jones,SE,SE,,,,,UK,GBR
CONBIO,2007,21,1,1567,John,,Faaborg,John Faaborg,SE,SE,,,,,USA,USA
CONBIO,2007,21,1,2805,Peggy,L,Fiedler,Peggy L Fiedler,AE,AE,,,,,USA,USA
CONBIO,2007,21,1,966,Erica,,Fleishman,Erica Fleishman,SE,SE,,,,,USA,USA
CONBIO,2007,21,1,449,Carl,,Folke,Carl Folke,SE,SE,,,,,Sweden,SWE
CONBIO,2007,21,1,2152,Leah,,Gerber,Leah Gerber,SE,SE,,,,,USA,USA
CONBIO,2007,21,1,2417,Malcolm,L,Hunter,Malcolm L Hunter,SE,SE,,,,,USA,USA
CONBIO,2007,21,1,3367,Susan,K,Jacobson,Susan K Jacobson,SE,SE,,,,,USA,USA
CONBIO,2007,21,1,2183,Lee,B,Kats,Lee B Kats,SE,SE,,,,,USA,USA
CONBIO,2007,21,1,748,Devra,G,Kleiman,Devra G Kleiman,SE,SE,,,,,USA,USA
CONBIO,2007,21,1,3121,Richard,L,Knight,Richard L Knight,SE,SE,,,,,USA,USA
CONBIO,2007,21,1,501,Claire,,Kremen,Claire Kremen,SE,SE,,,,,USA,USA
CONBIO,2007,21,1,2192,Linda,,Laikre,Linda Laikre,SE,SE,,,,,Sweden,SWE
CONBIO,2007,21,1,1720,Julie,,Lockwood,Julie Lockwood,SE,SE,,,,,USA,USA
CONBIO,2007,21,1,2465,Michael,,Mascia,Michael Mascia,SE,SE,,,,,USA,USA
CONBIO,2007,21,1,3769,William,C,McComb,William C McComb,SE,SE,,,,,USA,USA
CONBIO,2007,21,1,3151,Rodrigo,,Medellin,Rodrigo Medellin,SE,SE,,,,,Mexico,MEX
CONBIO,2007,21,1,1229,Gary,K,Meffe,Gary K Meffe,EIC,EIC,,,,,USA,USA
CONBIO,2007,21,1,528,Curt,,Meine,Curt Meine,SE,SE,,,,,USA,USA
CONBIO,2007,21,1,1110,Florenza,,Micheli,Florenza Micheli,SE,SE,,,,,USA,USA
CONBIO,2007,21,1,1004,E,J,Milner-Gulland,E J Milner-Gulland,SE,SE,,,,,UK,GBR
CONBIO,2007,21,1,3172,Richard,,Neves,Richard Neves,SE,SE,,,,,USA,USA
CONBIO,2007,21,1,1791,J,GerardB,Oostermeijer,J GerardB Oostermeijer,SE,SE,,,,,Netherlands,NLD
CONBIO,2007,21,1,809,David,W,Orr,David W Orr,AE,AE,,,,,USA,USA
CONBIO,2007,21,1,2066,Ken,N,Paige,Ken N Paige,SE,SE,,,,,USA,USA
CONBIO,2007,21,1,342,Bob,,Pressey,Bob Pressey,SE,SE,,,,,Australia,AUS
CONBIO,2007,21,1,1120,Francis,E,Putz,Francis E Putz,SE,SE,,,,,USA,USA
CONBIO,2007,21,1,2073,Kent,H,Redford,Kent H Redford,SE,SE,,,,,USA,USA
CONBIO,2007,21,1,1838,John,G,Robinson,John G Robinson,SE,SE,,,,,USA,USA
CONBIO,2007,21,1,3841,Yvonne,,Sadovy,Yvonne Sadovy,SE,SE,,,,,China,CHN
CONBIO,2007,21,1,2548,Michael,,Samways,Michael Samways,SE,SE,,,,,South Africa,ZAF
CONBIO,2007,21,1,2091,Kathryn,E,Sieving,Kathryn E Sieving,SE,SE,,,,,USA,USA
CONBIO,2007,21,1,2693,Navjot,S,Sodhi,Navjot S Sodhi,SE,SE,,,,,Singapore,SGP
CONBIO,2007,21,1,3243,Robin,S,Waples,Robin S Waples,SE,SE,,,,,USA,USA
CONBIO,2007,21,1,236,Andrew,,Young,Andrew Young,SE,SE,,,,,Australia,AUS
CONBIO,2007,21,1,2621,Michaela,,Zint,Michaela Zint,SE,SE,,,,,USA,USA
CONBIO,2008,22,1,2969,Resit,,Akcakaya,Resit Akcakaya,SE,SE,,,,,USA,USA
CONBIO,2008,22,1,2756,Paul,L,Angermeier,Paul L Angermeier,SE,SE,,,,,USA,USA
CONBIO,2008,22,1,11,Andrew,,Balmford,Andrew Balmford,SE,SE,,,,,UK,GBR
CONBIO,2008,22,1,1453,Jordi,,Bascompte,Jordi Bascompte,SE,SE,,,,,Spain,ESP
CONBIO,2008,22,1,3280,Steven,R,Beissinger,Steven R Beissinger,SE,SE,,,,,USA,USA
CONBIO,2008,22,1,1150,Gary,E,Belovsky,Gary E Belovsky,SE,SE,,,,,UK,GBR
CONBIO,2008,22,1,1463,Joel,,Berger,Joel Berger,SE,SE,,,,,USA,USA
CONBIO,2008,22,1,20,Andrew,R,Blaustein,Andrew R Blaustein,SE,SE,,,,,USA,USA
CONBIO,2008,22,1,3288,Steven,,Brechin,Steven Brechin,SE,SE,,,,,USA,USA
CONBIO,2008,22,1,404,Carol,,Brewer,Carol Brewer,AE,AE,,,,,USA,USA
CONBIO,2008,22,1,2317,Mark,A,Burgman,Mark A Burgman,SE,SE,,,,,Australia,AUS
CONBIO,2008,22,1,2320,Mar,,Cabeza,Mar Cabeza,SE,SE,,,,,Finland,FIN
CONBIO,2008,22,1,1498,J,Baird,Callicott,J Baird Callicott,SE,SE,,,,,USA,USA
CONBIO,2008,22,1,1503,Juan,Carlos,Castilla,Juan Carlos Castilla,SE,SE,,,,,Chile,CHL
CONBIO,2008,22,1,38,Avecita,,Chicchon,Avecita Chicchon,SE,SE,,,,,USA,USA
CONBIO,2008,22,1,657,Denis,,Couvet,Denis Couvet,SE,SE,,,,,France,FRA
CONBIO,2008,22,1,3530,Tracey,Morin,Dalton,Tracey Morin Dalton,SE,SE,,,,,USA,USA
CONBIO,2008,22,1,3035,Richard,,Daszak,Richard Daszak,SE,SE,,,,,USA,USA
CONBIO,2008,22,1,957,Eric,,Dinerstein,Eric Dinerstein,SE,SE,,,,,USA,USA
CONBIO,2008,22,1,3538,Therese,,Donovan,Therese Donovan,SE,SE,,,,,USA,USA
CONBIO,2008,22,1,1553,John,B,Dunning,John B Dunning,SE,SE,,,,,USA,USA
CONBIO,2008,22,1,1172,Gareth,,Edward-Jones,Gareth Edward-Jones,SE,SE,,,,,UK,GBR
CONBIO,2008,22,1,1567,John,,Faaborg,John Faaborg,SE,SE,,,,,USA,USA
CONBIO,2008,22,1,2805,Peggy,L,Fiedler,Peggy L Fiedler,AE,AE,,,,,USA,USA
CONBIO,2008,22,1,966,Erica,,Fleishman,Erica Fleishman,SE,SE,,,,,USA,USA
CONBIO,2008,22,1,449,Carl,,Folke,Carl Folke,SE,SE,,,,,Sweden,SWE
CONBIO,2008,22,1,2417,Malcolm,L,Hunter,Malcolm L Hunter,SE,SE,,,,,USA,USA
CONBIO,2008,22,1,3367,Susan,K,Jacobson,Susan K Jacobson,SE,SE,,,,,USA,USA
CONBIO,2008,22,1,2183,Lee,B,Kats,Lee B Kats,SE,SE,,,,,USA,USA
CONBIO,2008,22,1,748,Devra,G,Kleiman,Devra G Kleiman,SE,SE,,,,,USA,USA
CONBIO,2008,22,1,3121,Richard,L,Knight,Richard L Knight,SE,SE,,,,,USA,USA
CONBIO,2008,22,1,501,Claire,,Kremen,Claire Kremen,SE,SE,,,,,USA,USA
CONBIO,2008,22,1,2192,Linda,,Laikre,Linda Laikre,SE,SE,,,,,Sweden,SWE
CONBIO,2008,22,1,3135,Rebecca,,Lewison,Rebecca Lewison,SE,SE,,,,,USA,USA
CONBIO,2008,22,1,1720,Julie,,Lockwood,Julie Lockwood,SE,SE,,,,,USA,USA
CONBIO,2008,22,1,3769,William,C,McComb,William C McComb,SE,SE,,,,,USA,USA
CONBIO,2008,22,1,3151,Rodrigo,,Medellin,Rodrigo Medellin,SE,SE,,,,,Mexico,MEX
CONBIO,2008,22,1,1229,Gary,K,Meffe,Gary K Meffe,EIC,EIC,,,,,USA,USA
CONBIO,2008,22,1,528,Curt,,Meine,Curt Meine,SE,SE,,,,,USA,USA
CONBIO,2008,22,1,1110,Florenza,,Micheli,Florenza Micheli,SE,SE,,,,,USA,USA
CONBIO,2008,22,1,1004,E,J,Milner-Gulland,E J Milner-Gulland,SE,SE,,,,,UK,GBR
CONBIO,2008,22,1,3172,Richard,,Neves,Richard Neves,SE,SE,,,,,USA,USA
CONBIO,2008,22,1,1791,J,GerardB,Oostermeijer,J GerardB Oostermeijer,SE,SE,,,,,Netherlands,NLD
CONBIO,2008,22,1,809,David,W,Orr,David W Orr,AE,AE,,,,,USA,USA
CONBIO,2008,22,1,2066,Ken,N,Paige,Ken N Paige,SE,SE,,,,,USA,USA
CONBIO,2008,22,1,545,Camille,,Parmesan,Camille Parmesan,SE,SE,,,,,USA,USA
CONBIO,2008,22,1,342,Bob,,Pressey,Bob Pressey,SE,SE,,,,,Australia,AUS
CONBIO,2008,22,1,2073,Kent,H,Redford,Kent H Redford,SE,SE,,,,,USA,USA
CONBIO,2008,22,1,1838,John,G,Robinson,John G Robinson,SE,SE,,,,,USA,USA
CONBIO,2008,22,1,1839,Jon,Paul,Rodriguez,Jon Paul Rodriguez,SE,SE,,,,,Mexico,MEX
CONBIO,2008,22,1,3841,Yvonne,,Sadovy,Yvonne Sadovy,SE,SE,,,,,China,CHN
CONBIO,2008,22,1,2548,Michael,,Samways,Michael Samways,SE,SE,,,,,South Africa,ZAF
CONBIO,2008,22,1,2091,Kathryn,E,Sieving,Kathryn E Sieving,SE,SE,,,,,USA,USA
CONBIO,2008,22,1,2693,Navjot,S,Sodhi,Navjot S Sodhi,SE,SE,,,,,Singapore,SGP
CONBIO,2008,22,1,3243,Robin,S,Waples,Robin S Waples,SE,SE,,,,,USA,USA
CONBIO,2008,22,1,236,Andrew,,Young,Andrew Young,SE,SE,,,,,Australia,AUS
CONBIO,2008,22,1,2621,Michaela,,Zint,Michaela Zint,SE,SE,,,,,USA,USA
CONBIO,2009,23,1,2969,Resit,,Akcakaya,Resit Akcakaya,SE,SE,,,,,USA,USA
CONBIO,2009,23,1,2756,Paul,L,Angermeier,Paul L Angermeier,SE,SE,,,,,USA,USA
CONBIO,2009,23,1,11,Andrew,,Balmford,Andrew Balmford,SE,SE,,,,,UK,GBR
CONBIO,2009,23,1,1453,Jordi,,Bascompte,Jordi Bascompte,SE,SE,,,,,Spain,ESP
CONBIO,2009,23,1,3280,Steven,R,Beissinger,Steven R Beissinger,SE,SE,,,,,USA,USA
CONBIO,2009,23,1,1150,Gary,E,Belovsky,Gary E Belovsky,SE,SE,,,,,UK,GBR
CONBIO,2009,23,1,1463,Joel,,Berger,Joel Berger,SE,SE,,,,,USA,USA
CONBIO,2009,23,1,20,Andrew,R,Blaustein,Andrew R Blaustein,SE,SE,,,,,USA,USA
CONBIO,2009,23,1,3288,Steven,,Brechin,Steven Brechin,SE,SE,,,,,USA,USA
CONBIO,2009,23,1,404,Carol,,Brewer,Carol Brewer,AE,AE,,,,,USA,USA
CONBIO,2009,23,1,2317,Mark,A,Burgman,Mark A Burgman,SE,SE,,,,,Australia,AUS
CONBIO,2009,23,1,2320,Mar,,Cabeza,Mar Cabeza,SE,SE,,,,,Finland,FIN
CONBIO,2009,23,1,1498,J,Baird,Callicott,J Baird Callicott,SE,SE,,,,,USA,USA
CONBIO,2009,23,1,1503,Juan,Carlos,Castilla,Juan Carlos Castilla,SE,SE,,,,,Chile,CHL
CONBIO,2009,23,1,657,Denis,,Couvet,Denis Couvet,SE,SE,,,,,France,FRA
CONBIO,2009,23,1,3530,Tracey,Morin,Dalton,Tracey Morin Dalton,SE,SE,,,,,USA,USA
CONBIO,2009,23,1,3035,Richard,,Daszak,Richard Daszak,SE,SE,,,,,USA,USA
CONBIO,2009,23,1,957,Eric,,Dinerstein,Eric Dinerstein,SE,SE,,,,,USA,USA
CONBIO,2009,23,1,3538,Therese,,Donovan,Therese Donovan,SE,SE,,,,,USA,USA
CONBIO,2009,23,1,1553,John,B,Dunning,John B Dunning,SE,SE,,,,,USA,USA
CONBIO,2009,23,1,1172,Gareth,,Edward-Jones,Gareth Edward-Jones,SE,SE,,,,,UK,GBR
CONBIO,2009,23,1,1567,John,,Faaborg,John Faaborg,SE,SE,,,,,USA,USA
CONBIO,2009,23,1,2805,Peggy,L,Fiedler,Peggy L Fiedler,AE,AE,,,,,USA,USA
CONBIO,2009,23,1,966,Erica,,Fleishman,Erica Fleishman,SE,SE,,,,,USA,USA
CONBIO,2009,23,1,449,Carl,,Folke,Carl Folke,SE,SE,,,,,Sweden,SWE
CONBIO,2009,23,1,2417,Malcolm,L,Hunter,Malcolm L Hunter,SE,SE,,,,,USA,USA
CONBIO,2009,23,1,3367,Susan,K,Jacobson,Susan K Jacobson,SE,SE,,,,,USA,USA
CONBIO,2009,23,1,2183,Lee,B,Kats,Lee B Kats,SE,SE,,,,,USA,USA
CONBIO,2009,23,1,748,Devra,G,Kleiman,Devra G Kleiman,SE,SE,,,,,USA,USA
CONBIO,2009,23,1,3121,Richard,L,Knight,Richard L Knight,SE,SE,,,,,USA,USA
CONBIO,2009,23,1,501,Claire,,Kremen,Claire Kremen,SE,SE,,,,,USA,USA
CONBIO,2009,23,1,2192,Linda,,Laikre,Linda Laikre,SE,SE,,,,,Sweden,SWE
CONBIO,2009,23,1,3135,Rebecca,,Lewison,Rebecca Lewison,SE,SE,,,,,USA,USA
CONBIO,2009,23,1,1720,Julie,,Lockwood,Julie Lockwood,SE,SE,,,,,USA,USA
CONBIO,2009,23,1,3151,Rodrigo,,Medellin,Rodrigo Medellin,SE,SE,,,,,Mexico,MEX
CONBIO,2009,23,1,1229,Gary,K,Meffe,Gary K Meffe,EIC,EIC,,,,,USA,USA
CONBIO,2009,23,1,528,Curt,,Meine,Curt Meine,SE,SE,,,,,USA,USA
CONBIO,2009,23,1,1110,Florenza,,Micheli,Florenza Micheli,SE,SE,,,,,USA,USA
CONBIO,2009,23,1,1004,E,J,Milner-Gulland,E J Milner-Gulland,SE,SE,,,,,UK,GBR
CONBIO,2009,23,1,1791,J,GerardB,Oostermeijer,J GerardB Oostermeijer,SE,SE,,,,,Netherlands,NLD
CONBIO,2009,23,1,809,David,W,Orr,David W Orr,AE,AE,,,,,USA,USA
CONBIO,2009,23,1,2066,Ken,N,Paige,Ken N Paige,SE,SE,,,,,USA,USA
CONBIO,2009,23,1,545,Camille,,Parmesan,Camille Parmesan,SE,SE,,,,,USA,USA
CONBIO,2009,23,1,2516,Michelle,,Pinard,Michelle Pinard,SE,SE,,,,,UK,GBR
CONBIO,2009,23,1,342,Bob,,Pressey,Bob Pressey,SE,SE,,,,,Australia,AUS
CONBIO,2009,23,1,2073,Kent,H,Redford,Kent H Redford,SE,SE,,,,,USA,USA
CONBIO,2009,23,1,1838,John,G,Robinson,John G Robinson,SE,SE,,,,,USA,USA
CONBIO,2009,23,1,1839,Jon,Paul,Rodriguez,Jon Paul Rodriguez,SE,SE,,,,,Mexico,MEX
CONBIO,2009,23,1,3841,Yvonne,,Sadovy,Yvonne Sadovy,SE,SE,,,,,China,CHN
CONBIO,2009,23,1,2548,Michael,,Samways,Michael Samways,SE,SE,,,,,South Africa,ZAF
CONBIO,2009,23,1,2091,Kathryn,E,Sieving,Kathryn E Sieving,SE,SE,,,,,USA,USA
CONBIO,2009,23,1,2693,Navjot,S,Sodhi,Navjot S Sodhi,SE,SE,,,,,Singapore,SGP
CONBIO,2009,23,1,3243,Robin,S,Waples,Robin S Waples,SE,SE,,,,,USA,USA
CONBIO,2009,23,1,236,Andrew,,Young,Andrew Young,SE,SE,,,,,Australia,AUS
CONBIO,2010,24,1,2969,Resit,,Akcakaya,Resit Akcakaya,SE,SE,,,,,USA,USA
CONBIO,2010,24,1,2756,Paul,L,Angermeier,Paul L Angermeier,SE,SE,,,,,USA,USA
CONBIO,2010,24,1,1463,Joel,,Berger,Joel Berger,SE,SE,,,,,USA,USA
CONBIO,2010,24,1,20,Andrew,R,Blaustein,Andrew R Blaustein,SE,SE,,,,,USA,USA
CONBIO,2010,24,1,3288,Steven,,Brechin,Steven Brechin,AE,AE,,,,,USA,USA
CONBIO,2010,24,1,404,Carol,,Brewer,Carol Brewer,SE,SE,,,,,USA,USA
CONBIO,2010,24,1,2317,Mark,A,Burgman,Mark A Burgman,SE,SE,,,,,Australia,AUS
CONBIO,2010,24,1,2320,Mar,,Cabeza,Mar Cabeza,SE,SE,,,,,Finland,FIN
CONBIO,2010,24,1,1498,J,Baird,Callicott,J Baird Callicott,SE,SE,,,,,USA,USA
CONBIO,2010,24,1,1511,Joshua,,Cinner,Joshua Cinner,SE,SE,,,,,Australia,AUS
CONBIO,2010,24,1,657,Denis,,Couvet,Denis Couvet,SE,SE,,,,,France,FRA
CONBIO,2010,24,1,3530,Tracey,Morin,Dalton,Tracey Morin Dalton,SE,SE,,,,,USA,USA
CONBIO,2010,24,1,3035,Richard,,Daszak,Richard Daszak,SE,SE,,,,,USA,USA
CONBIO,2010,24,1,957,Eric,,Dinerstein,Eric Dinerstein,SE,SE,,,,,USA,USA
CONBIO,2010,24,1,3538,Therese,,Donovan,Therese Donovan,SE,SE,,,,,USA,USA
CONBIO,2010,24,1,1553,John,B,Dunning,John B Dunning,SE,SE,,,,,USA,USA
CONBIO,2010,24,1,1567,John,,Faaborg,John Faaborg,SE,SE,,,,,USA,USA
CONBIO,2010,24,1,966,Erica,,Fleishman,Erica Fleishman,EIC,EIC,,,,,USA,USA
CONBIO,2010,24,1,3079,R,Edward,Grumbine,R Edward Grumbine,SE,SE,,,,,USA,USA
CONBIO,2010,24,1,2163,Lara,,Hansen,Lara Hansen,SE,SE,,,,,USA,USA
CONBIO,2010,24,1,1632,Jessica,,Hellmann,Jessica Hellmann,SE,SE,,,,,USA,USA
CONBIO,2010,24,1,2652,Ned,,Horning,Ned Horning,SE,SE,,,,,USA,USA
CONBIO,2010,24,1,2417,Malcolm,L,Hunter,Malcolm L Hunter,SE,SE,,,,,USA,USA
CONBIO,2010,24,1,3367,Susan,K,Jacobson,Susan K Jacobson,SE,SE,,,,,USA,USA
CONBIO,2010,24,1,2183,Lee,B,Kats,Lee B Kats,SE,SE,,,,,USA,USA
CONBIO,2010,24,1,748,Devra,G,Kleiman,Devra G Kleiman,SE,SE,,,,,USA,USA
CONBIO,2010,24,1,3121,Richard,L,Knight,Richard L Knight,SE,SE,,,,,USA,USA
CONBIO,2010,24,1,501,Claire,,Kremen,Claire Kremen,SE,SE,,,,,USA,USA
CONBIO,2010,24,1,2192,Linda,,Laikre,Linda Laikre,SE,SE,,,,,Sweden,SWE
CONBIO,2010,24,1,3135,Rebecca,,Lewison,Rebecca Lewison,SE,SE,,,,,USA,USA
CONBIO,2010,24,1,1336,Helene,,Marsh,Helene Marsh,SE,SE,,,,,Australia,AUS
CONBIO,2010,24,1,3598,Tara,,Martin,Tara Martin,SE,SE,,,,,Australia,AUS
CONBIO,2010,24,1,2468,Michael,A,McCarthy,Michael A McCarthy,AE,AE,,,,,Australia,AUS
CONBIO,2010,24,1,3599,Tim,,McClanahan,Tim McClanahan,AE,AE,,,,,USA,USA
CONBIO,2010,24,1,3151,Rodrigo,,Medellin,Rodrigo Medellin,SE,SE,,,,,Mexico,MEX
CONBIO,2010,24,1,528,Curt,,Meine,Curt Meine,SE,SE,,,,,USA,USA
CONBIO,2010,24,1,1004,E,J,Milner-Gulland,E J Milner-Gulland,SE,SE,,,,,UK,GBR
CONBIO,2010,24,1,1790,Julian,,Olden,Julian Olden,SE,SE,,,,,USA,USA
CONBIO,2010,24,1,2066,Ken,N,Paige,Ken N Paige,SE,SE,,,,,USA,USA
CONBIO,2010,24,1,2516,Michelle,,Pinard,Michelle Pinard,SE,SE,,,,,UK,GBR
CONBIO,2010,24,1,1838,John,G,Robinson,John G Robinson,SE,SE,,,,,USA,USA
CONBIO,2010,24,1,1839,Jon,Paul,Rodriguez,Jon Paul Rodriguez,SE,SE,,,,,Mexico,MEX
CONBIO,2010,24,1,2543,Murray,,Rudd,Murray Rudd,SE,SE,,,,,UK,GBR
CONBIO,2010,24,1,1873,Javier,A,Simonetti,Javier A Simonetti,AE,AE,,,,,Chile,CHL
CONBIO,2010,24,1,2693,Navjot,S,Sodhi,Navjot S Sodhi,SE,SE,,,,,Singapore,SGP
CONBIO,2010,24,1,3243,Robin,S,Waples,Robin S Waples,SE,SE,,,,,USA,USA
CONBIO,2010,24,1,236,Andrew,,Young,Andrew Young,SE,SE,,,,,Australia,AUS
CONBIO,2010,24,1,3509,Steve,,Zack,Steve Zack,SE,SE,,,,,USA,USA
CONBIO,2011,25,1,2969,Resit,,Akcakaya,Resit Akcakaya,SE,SE,,,,,USA,USA
CONBIO,2011,25,1,2756,Paul,L,Angermeier,Paul L Angermeier,SE,SE,,,,,USA,USA
CONBIO,2011,25,1,1463,Joel,,Berger,Joel Berger,SE,SE,,,,,USA,USA
CONBIO,2011,25,1,20,Andrew,R,Blaustein,Andrew R Blaustein,SE,SE,,,,,USA,USA
CONBIO,2011,25,1,3288,Steven,,Brechin,Steven Brechin,AE,AE,,,,,USA,USA
CONBIO,2011,25,1,2317,Mark,A,Burgman,Mark A Burgman,SE,SE,,,,,Australia,AUS
CONBIO,2011,25,1,2320,Mar,,Cabeza,Mar Cabeza,SE,SE,,,,,Finland,FIN
CONBIO,2011,25,1,1498,J,Baird,Callicott,J Baird Callicott,SE,SE,,,,,USA,USA
CONBIO,2011,25,1,1511,Joshua,,Cinner,Joshua Cinner,SE,SE,,,,,Australia,AUS
CONBIO,2011,25,1,657,Denis,,Couvet,Denis Couvet,SE,SE,,,,,France,FRA
CONBIO,2011,25,1,3530,Tracey,Morin,Dalton,Tracey Morin Dalton,SE,SE,,,,,USA,USA
CONBIO,2011,25,1,3035,Richard,,Daszak,Richard Daszak,SE,SE,,,,,USA,USA
CONBIO,2011,25,1,957,Eric,,Dinerstein,Eric Dinerstein,SE,SE,,,,,USA,USA
CONBIO,2011,25,1,1548,Joshua,,Drew,Joshua Drew,SE,SE,,,,,USA,USA
CONBIO,2011,25,1,1553,John,B,Dunning,John B Dunning,SE,SE,,,,,USA,USA
CONBIO,2011,25,1,1567,John,,Faaborg,John Faaborg,SE,SE,,,,,USA,USA
CONBIO,2011,25,1,2804,Paul,,Ferraro,Paul Ferraro,SE,SE,,,,,USA,USA
CONBIO,2011,25,1,966,Erica,,Fleishman,Erica Fleishman,EIC,EIC,,,,,USA,USA
CONBIO,2011,25,1,3079,R,Edward,Grumbine,R Edward Grumbine,SE,SE,,,,,USA,USA
CONBIO,2011,25,1,2163,Lara,,Hansen,Lara Hansen,SE,SE,,,,,USA,USA
CONBIO,2011,25,1,1632,Jessica,,Hellmann,Jessica Hellmann,SE,SE,,,,,USA,USA
CONBIO,2011,25,1,2652,Ned,,Horning,Ned Horning,SE,SE,,,,,USA,USA
CONBIO,2011,25,1,2417,Malcolm,L,Hunter,Malcolm L Hunter,SE,SE,,,,,USA,USA
CONBIO,2011,25,1,3367,Susan,K,Jacobson,Susan K Jacobson,SE,SE,,,,,USA,USA
CONBIO,2011,25,1,2183,Lee,B,Kats,Lee B Kats,SE,SE,,,,,USA,USA
CONBIO,2011,25,1,3121,Richard,L,Knight,Richard L Knight,SE,SE,,,,,USA,USA
CONBIO,2011,25,1,2192,Linda,,Laikre,Linda Laikre,SE,SE,,,,,Sweden,SWE
CONBIO,2011,25,1,3135,Rebecca,,Lewison,Rebecca Lewison,SE,SE,,,,,USA,USA
CONBIO,2011,25,1,2461,Martin,,Main,Martin Main,SE,SE,,,,,USA,USA
CONBIO,2011,25,1,1336,Helene,,Marsh,Helene Marsh,SE,SE,,,,,Australia,AUS
CONBIO,2011,25,1,3598,Tara,,Martin,Tara Martin,SE,SE,,,,,Australia,AUS
CONBIO,2011,25,1,2468,Michael,A,McCarthy,Michael A McCarthy,AE,AE,,,,,Australia,AUS
CONBIO,2011,25,1,3599,Tim,,McClanahan,Tim McClanahan,AE,AE,,,,,USA,USA
CONBIO,2011,25,1,3151,Rodrigo,,Medellin,Rodrigo Medellin,SE,SE,,,,,Mexico,MEX
CONBIO,2011,25,1,528,Curt,,Meine,Curt Meine,SE,SE,,,,,USA,USA
CONBIO,2011,25,1,1004,E,J,Milner-Gulland,E J Milner-Gulland,SE,SE,,,,,UK,GBR
CONBIO,2011,25,1,1790,Julian,,Olden,Julian Olden,SE,SE,,,,,USA,USA
CONBIO,2011,25,1,2066,Ken,N,Paige,Ken N Paige,SE,SE,,,,,USA,USA
CONBIO,2011,25,1,2516,Michelle,,Pinard,Michelle Pinard,SE,SE,,,,,UK,GBR
CONBIO,2011,25,1,1838,John,G,Robinson,John G Robinson,SE,SE,,,,,USA,USA
CONBIO,2011,25,1,1839,Jon,Paul,Rodriguez,Jon Paul Rodriguez,SE,SE,,,,,Mexico,MEX
CONBIO,2011,25,1,2543,Murray,,Rudd,Murray Rudd,SE,SE,,,,,UK,GBR
CONBIO,2011,25,1,1873,Javier,A,Simonetti,Javier A Simonetti,AE,AE,,,,,Chile,CHL
CONBIO,2011,25,1,889,David,,Theobald,David Theobald,SE,SE,,,,,USA,USA
CONBIO,2011,25,1,3243,Robin,S,Waples,Robin S Waples,SE,SE,,,,,USA,USA
CONBIO,2011,25,1,1943,James,EM,Watson,James EM Watson,SE,SE,,,,,Australia,AUS
CONBIO,2011,25,1,236,Andrew,,Young,Andrew Young,SE,SE,,,,,Australia,AUS
CONBIO,2011,25,1,3509,Steve,,Zack,Steve Zack,SE,SE,,,,,USA,USA
CONBIO,2012,26,1,2969,Resit,,Akcakaya,Resit Akcakaya,SE,SE,,,,,USA,USA
CONBIO,2012,26,1,2756,Paul,L,Angermeier,Paul L Angermeier,SE,SE,,,,,USA,USA
CONBIO,2012,26,1,1463,Joel,,Berger,Joel Berger,SE,SE,,,,,USA,USA
CONBIO,2012,26,1,20,Andrew,R,Blaustein,Andrew R Blaustein,SE,SE,,,,,USA,USA
CONBIO,2012,26,1,3288,Steven,,Brechin,Steven Brechin,AE,AE,,,,,USA,USA
CONBIO,2012,26,1,2312,Mark,JF,Brown,Mark JF Brown,SE,SE,,,,,UK,GBR
CONBIO,2012,26,1,2317,Mark,A,Burgman,Mark A Burgman,SE,SE,,,,,Australia,AUS
CONBIO,2012,26,1,2320,Mar,,Cabeza,Mar Cabeza,SE,SE,,,,,Finland,FIN
CONBIO,2012,26,1,1498,J,Baird,Callicott,J Baird Callicott,SE,SE,,,,,USA,USA
CONBIO,2012,26,1,420,Carla,,Catterakk,Carla Catterakk,SE,SE,,,,,Australia,AUS
CONBIO,2012,26,1,1511,Joshua,,Cinner,Joshua Cinner,SE,SE,,,,,Australia,AUS
CONBIO,2012,26,1,3887,J,Alan,Clark,J Alan Clark,SE,SE,,,,,USA,USA
CONBIO,2012,26,1,3303,Steve,,Colt,Steve Colt,SE,SE,,,,,USA,USA
CONBIO,2012,26,1,657,Denis,,Couvet,Denis Couvet,SE,SE,,,,,France,FRA
CONBIO,2012,26,1,3530,Tracey,Morin,Dalton,Tracey Morin Dalton,SE,SE,,,,,USA,USA
CONBIO,2012,26,1,3035,Richard,,Daszak,Richard Daszak,SE,SE,,,,,USA,USA
CONBIO,2012,26,1,261,Brett,,Dickson,Brett Dickson,SE,SE,,,,,USA,USA
CONBIO,2012,26,1,957,Eric,,Dinerstein,Eric Dinerstein,SE,SE,,,,,USA,USA
CONBIO,2012,26,1,3538,Therese,,Donovan,Therese Donovan,SE,SE,,,,,USA,USA
CONBIO,2012,26,1,1548,Joshua,,Drew,Joshua Drew,SE,SE,,,,,USA,USA
CONBIO,2012,26,1,1553,John,B,Dunning,John B Dunning,SE,SE,,,,,USA,USA
CONBIO,2012,26,1,1567,John,,Faaborg,John Faaborg,SE,SE,,,,,USA,USA
CONBIO,2012,26,1,2804,Paul,,Ferraro,Paul Ferraro,SE,SE,,,,,USA,USA
CONBIO,2012,26,1,966,Erica,,Fleishman,Erica Fleishman,EIC,EIC,,,,,USA,USA
CONBIO,2012,26,1,2005,Kristine,,French,Kristine French,SE,SE,,,,,Australia,AUS
CONBIO,2012,26,1,706,Dale,,Goble,Dale Goble,SE,SE,,,,,USA,USA
CONBIO,2012,26,1,3079,R,Edward,Grumbine,R Edward Grumbine,SE,SE,,,,,USA,USA
CONBIO,2012,26,1,2163,Lara,,Hansen,Lara Hansen,SE,SE,,,,,USA,USA
CONBIO,2012,26,1,1632,Jessica,,Hellmann,Jessica Hellmann,SE,SE,,,,,USA,USA
CONBIO,2012,26,1,2652,Ned,,Horning,Ned Horning,SE,SE,,,,,USA,USA
CONBIO,2012,26,1,2417,Malcolm,L,Hunter,Malcolm L Hunter,SE,SE,,,,,USA,USA
CONBIO,2012,26,1,3367,Susan,K,Jacobson,Susan K Jacobson,SE,SE,,,,,USA,USA
CONBIO,2012,26,1,2183,Lee,B,Kats,Lee B Kats,SE,SE,,,,,USA,USA
CONBIO,2012,26,1,2192,Linda,,Laikre,Linda Laikre,SE,SE,,,,,Sweden,SWE
CONBIO,2012,26,1,3135,Rebecca,,Lewison,Rebecca Lewison,SE,SE,,,,,USA,USA
CONBIO,2012,26,1,2461,Martin,,Main,Martin Main,SE,SE,,,,,USA,USA
CONBIO,2012,26,1,1336,Helene,,Marsh,Helene Marsh,SE,SE,,,,,Australia,AUS
CONBIO,2012,26,1,3598,Tara,,Martin,Tara Martin,SE,SE,,,,,Australia,AUS
CONBIO,2012,26,1,2468,Michael,A,McCarthy,Michael A McCarthy,AE,AE,,,,,Australia,AUS
CONBIO,2012,26,1,3599,Tim,,McClanahan,Tim McClanahan,AE,AE,,,,,USA,USA
CONBIO,2012,26,1,3151,Rodrigo,,Medellin,Rodrigo Medellin,SE,SE,,,,,Mexico,MEX
CONBIO,2012,26,1,528,Curt,,Meine,Curt Meine,SE,SE,,,,,USA,USA
CONBIO,2012,26,1,1004,E,J,Milner-Gulland,E J Milner-Gulland,SE,SE,,,,,UK,GBR
CONBIO,2012,26,1,3170,Ralph,Mac,Nally,Ralph Mac Nally,SE,SE,,,,,Australia,AUS
CONBIO,2012,26,1,334,Barry,R,Noon,Barry R Noon,SE,SE,,,,,USA,USA
CONBIO,2012,26,1,1790,Julian,,Olden,Julian Olden,SE,SE,,,,,USA,USA
CONBIO,2012,26,1,2066,Ken,N,Paige,Ken N Paige,SE,SE,,,,,USA,USA
CONBIO,2012,26,1,2516,Michelle,,Pinard,Michelle Pinard,SE,SE,,,,,UK,GBR
CONBIO,2012,26,1,2073,Kent,H,Redford,Kent H Redford,SE,SE,,,,,USA,USA
CONBIO,2012,26,1,1838,John,G,Robinson,John G Robinson,SE,SE,,,,,USA,USA
CONBIO,2012,26,1,1839,Jon,Paul,Rodriguez,Jon Paul Rodriguez,SE,SE,,,,,Mexico,MEX
CONBIO,2012,26,1,2543,Murray,,Rudd,Murray Rudd,SE,SE,,,,,UK,GBR
CONBIO,2012,26,1,2555,Michael,,Schwartz,Michael Schwartz,SE,SE,,,,,USA,USA
CONBIO,2012,26,1,1873,Javier,A,Simonetti,Javier A Simonetti,AE,AE,,,,,Chile,CHL
CONBIO,2012,26,1,889,David,,Theobald,David Theobald,SE,SE,,,,,USA,USA
CONBIO,2012,26,1,3243,Robin,S,Waples,Robin S Waples,SE,SE,,,,,USA,USA
CONBIO,2012,26,1,1943,James,EM,Watson,James EM Watson,SE,SE,,,,,Australia,AUS
CONBIO,2012,26,1,236,Andrew,,Young,Andrew Young,SE,SE,,,,,Australia,AUS
CONBIO,2012,26,1,3509,Steve,,Zack,Steve Zack,SE,SE,,,,,USA,USA
CONBIO,2013,27,1,2969,Resit,,Akcakaya,Resit Akcakaya,SE,SE,,,,,USA,USA
CONBIO,2013,27,1,6,Amy,,Ando,Amy Ando,SE,SE,,,,,USA,USA
CONBIO,2013,27,1,2756,Paul,L,Angermeier,Paul L Angermeier,SE,SE,,,,,USA,USA
CONBIO,2013,27,1,3880,Julia,,Baker,Julia Baker,SE,SE,,,,,UK,GBR
CONBIO,2013,27,1,1463,Joel,,Berger,Joel Berger,SE,SE,,,,,USA,USA
CONBIO,2013,27,1,20,Andrew,R,Blaustein,Andrew R Blaustein,SE,SE,,,,,USA,USA
CONBIO,2013,27,1,3288,Steven,,Brechin,Steven Brechin,AE,AE,,,,,USA,USA
CONBIO,2013,27,1,2317,Mark,A,Burgman,Mark A Burgman,SE,SE,,,,,Australia,AUS
CONBIO,2013,27,1,2320,Mar,,Cabeza,Mar Cabeza,SE,SE,,,,,Finland,FIN
CONBIO,2013,27,1,1498,J,Baird,Callicott,J Baird Callicott,SE,SE,,,,,USA,USA
CONBIO,2013,27,1,1511,Joshua,,Cinner,Joshua Cinner,SE,SE,,,,,Australia,AUS
CONBIO,2013,27,1,3865,Douglas,A,Clark,Douglas A Clark,SE,SE,,,,,Canada,CAN
CONBIO,2013,27,1,657,Denis,,Couvet,Denis Couvet,SE,SE,,,,,France,FRA
CONBIO,2013,27,1,3530,Tracey,Morin,Dalton,Tracey Morin Dalton,SE,SE,,,,,USA,USA
CONBIO,2013,27,1,2791,Peter,,Daszak,Peter Daszak,SE,SE,,,,,USA,USA
CONBIO,2013,27,1,261,Brett,,Dickson,Brett Dickson,SE,SE,,,,,USA,USA
CONBIO,2013,27,1,3538,Therese,,Donovan,Therese Donovan,SE,SE,,,,,USA,USA
CONBIO,2013,27,1,672,Donald,,Drake,Donald Drake,SE,SE,,,,,USA,USA
CONBIO,2013,27,1,1548,Joshua,,Drew,Joshua Drew,SE,SE,,,,,USA,USA
CONBIO,2013,27,1,1553,John,B,Dunning,John B Dunning,SE,SE,,,,,USA,USA
CONBIO,2013,27,1,2005,Kristine,,French,Kristine French,SE,SE,,,,,Australia,AUS
CONBIO,2013,27,1,2163,Lara,,Hansen,Lara Hansen,SE,SE,,,,,USA,USA
CONBIO,2013,27,1,1632,Jessica,,Hellmann,Jessica Hellmann,SE,SE,,,,,USA,USA
CONBIO,2013,27,1,2417,Malcolm,L,Hunter,Malcolm L Hunter,SE,SE,,,,,USA,USA
CONBIO,2013,27,1,2183,Lee,B,Kats,Lee B Kats,SE,SE,,,,,USA,USA
CONBIO,2013,27,1,3135,Rebecca,,Lewison,Rebecca Lewison,SE,SE,,,,,USA,USA
CONBIO,2013,27,1,1336,Helene,,Marsh,Helene Marsh,SE,SE,,,,,Australia,AUS
CONBIO,2013,27,1,3598,Tara,,Martin,Tara Martin,SE,SE,,,,,Australia,AUS
CONBIO,2013,27,1,1339,Hamish,,McCallum,Hamish McCallum,SE,SE,,,,,Australia,AUS
CONBIO,2013,27,1,2468,Michael,A,McCarthy,Michael A McCarthy,AE,AE,,,,,Australia,AUS
CONBIO,2013,27,1,3599,Tim,,McClanahan,Tim McClanahan,AE,AE,,,,,Kenya,KEN
CONBIO,2013,27,1,1004,E,J,Milner-Gulland,E J Milner-Gulland,SE,SE,,,,,UK,GBR
CONBIO,2013,27,1,334,Barry,R,Noon,Barry R Noon,SE,SE,,,,,USA,USA
CONBIO,2013,27,1,1790,Julian,,Olden,Julian Olden,SE,SE,,,,,USA,USA
CONBIO,2013,27,1,2066,Ken,N,Paige,Ken N Paige,EIC,EIC,,,,,USA,USA
CONBIO,2013,27,1,2073,Kent,H,Redford,Kent H Redford,SE,SE,,,,,USA,USA
CONBIO,2013,27,1,1838,John,G,Robinson,John G Robinson,SE,SE,,,,,USA,USA
CONBIO,2013,27,1,1839,Jon,Paul,Rodriguez,Jon Paul Rodriguez,SE,SE,,,,,Venezuela,VEN
CONBIO,2013,27,1,2555,Michael,,Schwartz,Michael Schwartz,SE,SE,,,,,USA,USA
CONBIO,2013,27,1,2087,Kathleen,,Segerson,Kathleen Segerson,SE,SE,,,,,USA,USA
CONBIO,2013,27,1,1873,Javier,A,Simonetti,Javier A Simonetti,AE,AE,,,,,Chile,CHL
CONBIO,2013,27,1,875,Dale,,Squires,Dale Squires,SE,SE,,,,,USA,USA
CONBIO,2013,27,1,3243,Robin,S,Waples,Robin S Waples,SE,SE,,,,,USA,USA
CONBIO,2013,27,1,1943,James,EM,Watson,James EM Watson,SE,SE,,,,,Australia,AUS
CONBIO,2013,27,1,236,Andrew,,Young,Andrew Young,SE,SE,,,,,Australia,AUS
CONBIO,2013,27,1,3509,Steve,,Zack,Steve Zack,SE,SE,,,,,USA,USA
CONBIO,2014,28,1,2969,Resit,,Akcakaya,Resit Akcakaya,SE,SE,,,,,USA,USA
CONBIO,2014,28,1,382,Christopher,,Anderson,Christopher Anderson,SE,SE,,,,,Argentina,ARG
CONBIO,2014,28,1,2756,Paul,L,Angermeier,Paul L Angermeier,SE,SE,,,,,USA,USA
CONBIO,2014,28,1,612,Doug,,Armstrong,Doug Armstrong,SE,SE,,,,,New Zealand,NZL
CONBIO,2014,28,1,3880,Julia,,Baker,Julia Baker,SE,SE,,,,,UK,GBR
CONBIO,2014,28,1,1463,Joel,,Berger,Joel Berger,SE,SE,,,,,USA,USA
CONBIO,2014,28,1,20,Andrew,R,Blaustein,Andrew R Blaustein,SE,SE,,,,,USA,USA
CONBIO,2014,28,1,2317,Mark,A,Burgman,Mark A Burgman,EIC,EIC,,,,,USA,USA
CONBIO,2014,28,1,2320,Mar,,Cabeza,Mar Cabeza,SE,SE,,,,,Finland,FIN
CONBIO,2014,28,1,1498,J,Baird,Callicott,J Baird Callicott,SE,SE,,,,,USA,USA
CONBIO,2014,28,1,417,Carlos,,Carroll,Carlos Carroll,SE,SE,,,,,USA,USA
CONBIO,2014,28,1,3831,Yung,En,Chee,Yung En Chee,SE,SE,,,,,Australia,AUS
CONBIO,2014,28,1,3018,Ryan,,Chisholm,Ryan Chisholm,SE,SE,,,,,Singapore,SGP
CONBIO,2014,28,1,1511,Joshua,,Cinner,Joshua Cinner,SE,SE,,,,,Australia,AUS
CONBIO,2014,28,1,3865,Douglas,A,Clark,Douglas A Clark,SE,SE,,,,,Canada,CAN
CONBIO,2014,28,1,256,Ben,,Collen,Ben Collen,SE,SE,,,,,UK,GBR
CONBIO,2014,28,1,657,Denis,,Couvet,Denis Couvet,SE,SE,,,,,France,FRA
CONBIO,2014,28,1,3530,Tracey,Morin,Dalton,Tracey Morin Dalton,SE,SE,,,,,USA,USA
CONBIO,2014,28,1,2791,Peter,,Daszak,Peter Daszak,SE,SE,,,,,USA,USA
CONBIO,2014,28,1,261,Brett,,Dickson,Brett Dickson,SE,SE,,,,,USA,USA
CONBIO,2014,28,1,672,Donald,,Drake,Donald Drake,SE,SE,,,,,USA,USA
CONBIO,2014,28,1,1548,Joshua,,Drew,Joshua Drew,SE,SE,,,,,USA,USA
CONBIO,2014,28,1,2005,Kristine,,French,Kristine French,SE,SE,,,,,Australia,AUS
CONBIO,2014,28,1,969,Edward,,Game,Edward Game,SE,SE,,,,,USA,USA
CONBIO,2014,28,1,2152,Leah,,Gerber,Leah Gerber,SE,SE,,,,,USA,USA
CONBIO,2014,28,1,1189,Gurutzeta,,Guillera-Arroita,Gurutzeta Guillera-Arroita,SE,SE,,,,,Australia,AUS
CONBIO,2014,28,1,2163,Lara,,Hansen,Lara Hansen,SE,SE,,,,,USA,USA
CONBIO,2014,28,1,1197,Geoff,,Heard,Geoff Heard,SE,SE,,,,,Australia,AUS
CONBIO,2014,28,1,1198,Gerald,,Heckel,Gerald Heckel,SE,SE,,,,,Switzerland,CHE
CONBIO,2014,28,1,1632,Jessica,,Hellmann,Jessica Hellmann,SE,SE,,,,,USA,USA
CONBIO,2014,28,1,3357,Susan,,Hester,Susan Hester,SE,SE,,,,,USA,USA
CONBIO,2014,28,1,2417,Malcolm,L,Hunter,Malcolm L Hunter,SE,SE,,,,,USA,USA
CONBIO,2014,28,1,1659,Julia,,Jones,Julia Jones,SE,SE,,,,,UK,GBR
CONBIO,2014,28,1,2183,Lee,B,Kats,Lee B Kats,SE,SE,,,,,USA,USA
CONBIO,2014,28,1,497,Carissa,,Klein,Carissa Klein,SE,SE,,,,,Australia,AUS
CONBIO,2014,28,1,3135,Rebecca,,Lewison,Rebecca Lewison,SE,SE,,,,,USA,USA
CONBIO,2014,28,1,2450,Mauricio,,Lima,Mauricio Lima,SE,SE,,,,,Chile,CHL
CONBIO,2014,28,1,3876,Hong,,Liu,Hong Liu,SE,SE,,,,,USA,USA
CONBIO,2014,28,1,2458,M,Aaron,MacNeil,M Aaron MacNeil,SE,SE,,,,,Australia,AUS
CONBIO,2014,28,1,1336,Helene,,Marsh,Helene Marsh,SE,SE,,,,,Australia,AUS
CONBIO,2014,28,1,3598,Tara,,Martin,Tara Martin,SE,SE,,,,,Australia,AUS
CONBIO,2014,28,1,996,Enrique,,Martinez-Meyer,Enrique Martinez-Meyer,SE,SE,,,,,Mexico,MEX
CONBIO,2014,28,1,1339,Hamish,,McCallum,Hamish McCallum,SE,SE,,,,,Australia,AUS
CONBIO,2014,28,1,2468,Michael,A,McCarthy,Michael A McCarthy,AE,AE,,,,,Australia,AUS
CONBIO,2014,28,1,3599,Tim,,McClanahan,Tim McClanahan,AE,AE,,,,,Kenya,KEN
CONBIO,2014,28,1,1004,E,J,Milner-Gulland,E J Milner-Gulland,SE,SE,,,,,UK,GBR
CONBIO,2014,28,1,535,Carolina,,Murcia,Carolina Murcia,SE,SE,,,,,Costa Rica,CRI
CONBIO,2014,28,1,1012,Emily,,Nicholson,Emily Nicholson,SE,SE,,,,,Australia,AUS
CONBIO,2014,28,1,334,Barry,R,Noon,Barry R Noon,SE,SE,,,,,USA,USA
CONBIO,2014,28,1,3178,Ricardo,A,Ojeda,Ricardo A Ojeda,SE,SE,,,,,Argentina,ARG
CONBIO,2014,28,1,2066,Ken,N,Paige,Ken N Paige,SE,SE,,,,,USA,USA
CONBIO,2014,28,1,3670,Uma,,Ramakrishnan,Uma Ramakrishnan,SE,SE,,,,,India,IND
CONBIO,2014,28,1,2073,Kent,H,Redford,Kent H Redford,SE,SE,,,,,USA,USA
CONBIO,2014,28,1,1827,J,Michael,Reed,J Michael Reed,SE,SE,,,,,USA,USA
CONBIO,2014,28,1,1838,John,G,Robinson,John G Robinson,SE,SE,,,,,USA,USA
CONBIO,2014,28,1,1839,Jon,Paul,Rodriguez,Jon Paul Rodriguez,SE,SE,,,,,Venezuela,VEN
CONBIO,2014,28,1,2555,Michael,,Schwartz,Michael Schwartz,SE,SE,,,,,USA,USA
CONBIO,2014,28,1,2087,Kathleen,,Segerson,Kathleen Segerson,SE,SE,,,,,USA,USA
CONBIO,2014,28,1,567,Cagan,,Sekercioglu,Cagan Sekercioglu,SE,SE,,,,,USA,USA
CONBIO,2014,28,1,2088,Kartik,,Shanker,Kartik Shanker,SE,SE,,,,,India,IND
CONBIO,2014,28,1,875,Dale,,Squires,Dale Squires,SE,SE,,,,,USA,USA
CONBIO,2014,28,1,1911,Jeff,,Tracey,Jeff Tracey,SE,SE,,,,,USA,USA
CONBIO,2014,28,1,220,Abi,Tamim,Vanak,Abi Tamim Vanak,SE,SE,,,,,India,IND
CONBIO,2014,28,1,1931,James,R,Vonesh,James R Vonesh,SE,SE,,,,,USA,USA
CONBIO,2014,28,1,3243,Robin,S,Waples,Robin S Waples,SE,SE,,,,,USA,USA
CONBIO,2014,28,1,905,David,,Warton,David Warton,SE,SE,,,,,Australia,AUS
CONBIO,2014,28,1,1943,James,EM,Watson,James EM Watson,SE,SE,,,,,Australia,AUS
CONBIO,2014,28,1,236,Andrew,,Young,Andrew Young,SE,SE,,,,,Australia,AUS
CONBIO,2014,28,1,3509,Steve,,Zack,Steve Zack,SE,SE,,,,,USA,USA
CONBIO,2014,28,1,2261,Li,Aster,Zhang,Li Aster Zhang,SE,SE,,,,,China,CHN