JOURNAL,YEAR,VOLUME,ISSUE,editor_id,FIRST_NAME,MIDDLE_NAME,LAST_NAME,NAME,TITLE.x,CATEGORY,INST,UNIT,CITY,STATE,COUNTRY,geo.code,
ECOGRAPHY,1984,7,1,3239,Rolf,,Vik,Rolf Vik,EIC,EIC,Zoological Museum,,Oslo,,Norway,NOR,
ECOGRAPHY,1984,7,1,2719,Odd,,Halvorsen,Odd Halvorsen,DEIC,AE,Institute of Geology and Biology,,Oslo,,Norway,NOR,
ECOGRAPHY,1984,7,1,,John,E.,Brittain,John E Brittain,AE,AE,Zoological Museum,,Oslo,,Norway,NOR,
ECOGRAPHY,1984,7,1,,Albert,,Lillehammer,Albert Lillehammer,AE,AE,Zoological Museum,Freshwater Ecology,Oslo,,Norway,NOR,
ECOGRAPHY,1984,7,1,2695,Nils,Christian,Stenseth,Nils Christian Stenseth,AE,AE,University of Oslo,Division of Zoology,Oslo,,Norway,NOR,
ECOGRAPHY,1984,7,1,2930,Per,,Sunding,Per Sunding,AE,AE,Botanical Museum,Plant Ecology,Oslo,,Norway,NOR,
ECOGRAPHY,1985,8,1,2992,Reidar,,Borgstrom,Reidar Borgstrom,AE,AE,Institute of Nature Conservation,Freshwater Ecology,As-NLH,,Norway,NOR,
ECOGRAPHY,1985,8,1,2719,Odd,,Halvorsen,Odd Halvorsen,DEIC,AE,Institute of Geology and Biology,,Oslo,,Norway,NOR,
ECOGRAPHY,1985,8,1,2695,Nils,Christian,Stenseth,Nils Christian Stenseth,AE,AE,University of Oslo,Division of Zoology,Oslo,,Norway,NOR,
ECOGRAPHY,1985,8,1,2930,Per,,Sunding,Per Sunding,AE,AE,Botanical Museum,Plant Ecology,Oslo,,Norway,NOR,
ECOGRAPHY,1985,8,1,3239,Rolf,,Vik,Rolf Vik,EIC,EIC,Zoological Museum,,Oslo,,Norway,NOR,
ECOGRAPHY,1986,9,1,2992,Reidar,,Borgstrom,Reidar Borgstrom,AE,AE,Institute of Nature Conservation,Freshwater Ecology,As-NLH,,Norway,NOR,
ECOGRAPHY,1986,9,1,2719,Odd,,Halvorsen,Odd Halvorsen,DEIC,AE,Institute of Geology and Biology,,Oslo,,Norway,NOR,
ECOGRAPHY,1986,9,1,2695,Nils,Christian,Stenseth,Nils Christian Stenseth,AE,AE,University of Oslo,Division of Zoology,Oslo,,Norway,NOR,
ECOGRAPHY,1986,9,1,2930,Per,,Sunding,Per Sunding,AE,AE,Botanical Museum,Plant Ecology,Oslo,,Norway,NOR,
ECOGRAPHY,1986,9,1,3239,Rolf,,Vik,Rolf Vik,EIC,EIC,Zoological Museum,,Oslo,,Norway,NOR,
ECOGRAPHY,1987,10,1,2992,Reidar,,Borgstrom,Reidar Borgstrom,AE,AE,Institute of Nature Conservation,Freshwater Ecology,As-NLH,,Norway,NOR,
ECOGRAPHY,1987,10,1,2719,Odd,,Halvorsen,Odd Halvorsen,DEIC,AE,Institute of Geology and Biology,,Oslo,,Norway,NOR,
ECOGRAPHY,1987,10,1,2695,Nils,Christian,Stenseth,Nils Christian Stenseth,AE,AE,University of Oslo,Division of Zoology,Oslo,,Norway,NOR,
ECOGRAPHY,1987,10,1,2930,Per,,Sunding,Per Sunding,AE,AE,Botanical Museum,Plant Ecology,Oslo,,Norway,NOR,
ECOGRAPHY,1987,10,1,3239,Rolf,,Vik,Rolf Vik,EIC,EIC,Zoological Museum,,Oslo,,Norway,NOR,
ECOGRAPHY,1988,11,1,2992,Reidar,,Borgstrom,Reidar Borgstrom,AE,AE,Institute of Nature Conservation,Freshwater Ecology,As-NLH,,Norway,NOR,
ECOGRAPHY,1988,11,1,2719,Odd,,Halvorsen,Odd Halvorsen,DEIC,AE,Institute of Geology and Biology,,Oslo,,Norway,NOR,
ECOGRAPHY,1988,11,1,2695,Nils,Christian,Stenseth,Nils Christian Stenseth,AE,AE,University of Oslo,Division of Zoology,Oslo,,Norway,NOR,
ECOGRAPHY,1988,11,1,2930,Per,,Sunding,Per Sunding,AE,AE,Botanical Museum,Plant Ecology,Oslo,,Norway,NOR,
ECOGRAPHY,1988,11,1,3239,Rolf,,Vik,Rolf Vik,EIC,EIC,Zoological Museum,,Oslo,,Norway,NOR,
ECOGRAPHY,1989,12,1,2992,Reidar,,Borgstrom,Reidar Borgstrom,AE,AE,Institute of Nature Conservation,Freshwater Ecology,As-NLH,,Norway,NOR,
ECOGRAPHY,1989,12,1,2719,Odd,,Halvorsen,Odd Halvorsen,DEIC,AE,Institute of Geology and Biology,,Oslo,,Norway,NOR,
ECOGRAPHY,1989,12,1,2695,Nils,Christian,Stenseth,Nils Christian Stenseth,AE,AE,University of Oslo,Division of Zoology,Oslo,,Norway,NOR,
ECOGRAPHY,1989,12,1,2930,Per,,Sunding,Per Sunding,AE,AE,Botanical Museum,Plant Ecology,Oslo,,Norway,NOR,
ECOGRAPHY,1989,12,1,3239,Rolf,,Vik,Rolf Vik,EIC,EIC,Zoological Museum,,Oslo,,Norway,NOR,
ECOGRAPHY,1990,13,1,2992,Reidar,,Borgstrom,Reidar Borgstrom,AE,AE,Institute of Nature Conservation,Freshwater Ecology,As-NLH,,Norway,NOR,
ECOGRAPHY,1990,13,1,2719,Odd,,Halvorsen,Odd Halvorsen,DEIC,AE,Institute of Geology and Biology,,Oslo,,Norway,NOR,
ECOGRAPHY,1990,13,1,2695,Nils,Christian,Stenseth,Nils Christian Stenseth,AE,AE,University of Oslo,Division of Zoology,Oslo,,Norway,NOR,
ECOGRAPHY,1990,13,1,2930,Per,,Sunding,Per Sunding,AE,AE,Botanical Museum,Plant Ecology,Oslo,,Norway,NOR,
ECOGRAPHY,1990,13,1,3239,Rolf,,Vik,Rolf Vik,EIC,EIC,Zoological Museum,,Oslo,,Norway,NOR,
ECOGRAPHY,1991,14,1,2992,Reidar,,Borgstrom,Reidar Borgstrom,AE,AE,Institute of Nature Conservation,Freshwater Ecology,As-NLH,,Norway,NOR,
ECOGRAPHY,1991,14,1,2719,Odd,,Halvorsen,Odd Halvorsen,DEIC,AE,Institute of Geology and Biology,,Oslo,,Norway,NOR,
ECOGRAPHY,1991,14,1,2695,Nils,Christian,Stenseth,Nils Christian Stenseth,AE,AE,University of Oslo,Division of Zoology,Oslo,,Norway,NOR,
ECOGRAPHY,1991,14,1,2930,Per,,Sunding,Per Sunding,AE,AE,Botanical Museum,Plant Ecology,Oslo,,Norway,NOR,
ECOGRAPHY,1991,14,1,3239,Rolf,,Vik,Rolf Vik,EIC,EIC,Zoological Museum,,Oslo,,Norway,NOR,
ECOGRAPHY,1992,15,1,2664,Nils,,Malmer,Nils Malmer,AEIC,EIC,Lund University,Department of Ecology,Lund,,Sweden,SWE,
ECOGRAPHY,1993,16,1,3371,Sven,,Jonasson,Sven Jonasson,EIC,EIC,University of Copenhagen,Department of Plant Ecology,Copenhagen,,Denmark,DNK,
ECOGRAPHY,1994,17,1,3371,Sven,,Jonasson,Sven Jonasson,EIC,EIC,University of Copenhagen,Department of Plant Ecology,Copenhagen,,Denmark,DNK,
ECOGRAPHY,1995,18,1,3371,Sven,,Jonasson,Sven Jonasson,EIC,EIC,University of Copenhagen,Department of Plant Ecology,Copenhagen,,Denmark,DNK,
ECOGRAPHY,1995,18,1,,Linus,,Svensson,Linus Scensson,ME,AE,Lund University,Department of Ecology,Lund,,Sweden,SWE,Managing Editor
ECOGRAPHY,1996,19,1,1398,Ilkka,,Hanski,Ilkka Hanski,E,AE,University of Helsinki,Department of Ecology and Systematics,Helsinki,,Finland,FIN,
ECOGRAPHY,1996,19,1,3688,Veijo,,Kaitala,Veijo Kaitala,E,AE,University of Helsinki,Department of Ecology and Systematics,Helsinki,,Finland,FIN,
ECOGRAPHY,1996,19,1,1787,Jari,,Niemela,Jari Niemela,E,AE,University of Helsinki,Department of Ecology and Systematics,Helsinki,,Finland,FIN,
ECOGRAPHY,1996,19,1,1019,Esa,,Ranta,Esa Ranta,EIC,EIC,University of Helsinki,Department of Ecology and Systematics,Helsinki,,Finland,FIN,
ECOGRAPHY,1996,19,1,,Linus,,Svensson,Linus Scensson,ME,AE,Lund University,Department of Ecology,Lund,,Sweden,SWE,Managing Editor
ECOGRAPHY,1997,20,1,1398,Ilkka,,Hanski,Ilkka Hanski,E,AE,University of Helsinki,Department of Ecology and Systematics,Helsinki,,Finland,FIN,
ECOGRAPHY,1997,20,1,3688,Veijo,,Kaitala,Veijo Kaitala,E,AE,University of Helsinki,Department of Ecology and Systematics,Helsinki,,Finland,FIN,
ECOGRAPHY,1997,20,1,1787,Jari,,Niemela,Jari Niemela,E,AE,University of Helsinki,Department of Ecology and Systematics,Helsinki,,Finland,FIN,
ECOGRAPHY,1997,20,1,1019,Esa,,Ranta,Esa Ranta,EIC,EIC,University of Helsinki,Department of Ecology and Systematics,Helsinki,,Finland,FIN,
ECOGRAPHY,1998,21,1,1398,Ilkka,,Hanski,Ilkka Hanski,E,AE,University of Helsinki,Department of Zoology,Helsinki,,Finland,FIN,
ECOGRAPHY,1998,21,1,3688,Veijo,,Kaitala,Veijo Kaitala,E,AE,University of Helsinki,Department of Biological and Environmental Sciences,Helsinki,,Finland,FIN,
ECOGRAPHY,1998,21,1,1787,Jari,,Niemela,Jari Niemela,E,AE,University of Helsinki,Department of Ecology and Systematics,Helsinki,,Finland,FIN,
ECOGRAPHY,1998,21,1,1019,Esa,,Ranta,Esa Ranta,EIC,EIC,University of Helsinki,Department of Ecology and Systematics,Helsinki,,Finland,FIN,
ECOGRAPHY,1999,22,1,1398,Ilkka,,Hanski,Ilkka Hanski,E,AE,University of Helsinki,Department of Zoology,Helsinki,,Finland,FIN,
ECOGRAPHY,1999,22,1,3688,Veijo,,Kaitala,Veijo Kaitala,E,AE,University of Helsinki,Department of Biological and Environmental Sciences,Helsinki,,Finland,FIN,
ECOGRAPHY,1999,22,1,1787,Jari,,Niemela,Jari Niemela,E,AE,University of Helsinki,Department of Ecology and Systematics,Helsinki,,Finland,FIN,
ECOGRAPHY,1999,22,1,1019,Esa,,Ranta,Esa Ranta,EIC,EIC,University of Helsinki,Department of Ecology and Systematics,Helsinki,,Finland,FIN,
ECOGRAPHY,2000,23,1,1019,Esa,,Ranta,Esa Ranta,EIC,EIC,University of Helsinki,Department of Ecology and Systematics,Helsinki,,Finland,FIN,
ECOGRAPHY,2000,23,1,2622,Martin,,Zobel,Martin Zobel,DEIC,AE,Tartu University,Department of Botany and Ecology,Tartu,,Estonia,EST,
ECOGRAPHY,2001,24,1,2482,Mikko,,Monkkonen,Mikko Monkkonen,DEIC,AE,University of Oulu,Department of Zoology,Oulu,,Finland,FIN,
ECOGRAPHY,2001,24,1,2622,Martin,,Zobel,Martin Zobel,EIC,EIC,Tartu University,Department of Botany and Ecology,Tartu,,Estonia,EST,
ECOGRAPHY,2002,25,1,2482,Mikko,,Monkkonen,Mikko Monkkonen,DEIC,AE,University of Oulu,Department of Zoology,Oulu,,Finland,FIN,
ECOGRAPHY,2002,25,1,1880,John,R,Spence,John R Spence,DEIC,AE,University of Alberta,Department of Renewable Resources,Edmonton,,Canada,CAN,
ECOGRAPHY,2002,25,1,2622,Martin,,Zobel,Martin Zobel,EIC,EIC,Tartu University,Department of Botany and Ecology,Tartu,,Estonia,EST,
ECOGRAPHY,2003,26,1,2482,Mikko,,Monkkonen,Mikko Monkkonen,DEIC,AE,University of Oulu,Department of Zoology,Oulu,,Finland,FIN,
ECOGRAPHY,2003,26,1,1880,John,R,Spence,John R Spence,DEIC,AE,University of Alberta,Department of Renewable Resources,Edmonton,,Canada,CAN,
ECOGRAPHY,2003,26,1,2622,Martin,,Zobel,Martin Zobel,EIC,EIC,Tartu University,Department of Botany and Ecology,Tartu,,Estonia,EST,
ECOGRAPHY,2004,27,1,2482,Mikko,,Monkkonen,Mikko Monkkonen,DEIC,AE,University of Oulu,Department of Zoology,Oulu,,Finland,FIN,
ECOGRAPHY,2004,27,1,1880,John,R,Spence,John R Spence,DEIC,AE,University of Alberta,Department of Renewable Resources,Edmonton,,Canada,CAN,
ECOGRAPHY,2004,27,1,2622,Martin,,Zobel,Martin Zobel,EIC,EIC,Tartu University,Department of Botany and Ecology,Tartu,,Estonia,EST,
ECOGRAPHY,2005,28,1,1311,Helmut,,Hillebrand,Helmut Hillebrand,SE,SE,University of Cologne,Institute of Botany,Cologne,,Germany,DEU,
ECOGRAPHY,2005,28,1,746,Douglas,,Kelt,Douglas Kelt,SE,SE,University of California Davis,"Department of Wildlife, Fish and Conservation Biology",Davis,California,United States,USA,
ECOGRAPHY,2005,28,1,124,Anders,,Klemetsen,Anders Klemetsen,SE,SE,University of Tromso,Department of Aquatic BioSciences,Tromso,,Norway,NOR,
ECOGRAPHY,2005,28,1,135,Andrew,,Liebhold,Andrew Liebhold,SE,SE,USDA Forest Service,,Morgantown,West Virginia,United States,USA,
ECOGRAPHY,2005,28,1,1119,Francisco,,Pugnaire,Francisco Pugnaire,SE,SE,Consejo Superior de Investigaciones Cientificas,Estacion Experimental de Zonas Aridas,Almeria,,Spain,ESP,
ECOGRAPHY,2005,28,1,559,Carsten,,Rahbek,Carsten Rahbek,EIC,EIC,Copenhagen University,Zoological Museum,Copenhagen,,Denmark,DNK,
ECOGRAPHY,2005,28,1,1880,John,R,Spence,John R Spence,SE,SE,University of Alberta,Department of Renewable Resources,Edmonton,,Canada,CAN,
ECOGRAPHY,2006,29,1,2275,Miguel,B,Araujo,Miguel B Araujo,SE,SE,University of Oxford,School of Geography and the Environment,Oxford,,United Kingdom,GBR,
ECOGRAPHY,2006,29,1,3022,Robert,K,Colwell,Robert K Colwell,SE,SE,University of Connecticut,Department of Ecology and Evolutionary Biology,Connecticut,,United Kingdom,GBR,
ECOGRAPHY,2006,29,1,1311,Helmut,,Hillebrand,Helmut Hillebrand,SE,SE,University of Cologne,Institute of Botany,Cologne,,Germany,DEU,
ECOGRAPHY,2006,29,1,746,Douglas,,Kelt,Douglas Kelt,SE,SE,University of California Davis,"Department of Wildlife, Fish and Conservation Biology",Davis,California,United States,USA,
ECOGRAPHY,2006,29,1,124,Anders,,Klemetsen,Anders Klemetsen,SE,SE,University of Tromso,Department of Aquatic BioSciences,Tromso,,Norway,NOR,
ECOGRAPHY,2006,29,1,135,Andrew,,Liebhold,Andrew Liebhold,SE,SE,USDA Forest Service,,Morgantown,West Virginia,United States,USA,
ECOGRAPHY,2006,29,1,1119,Francisco,,Pugnaire,Francisco Pugnaire,SE,SE,Consejo Superior de Investigaciones Cientificas,Estacion Experimental de Zonas Aridas,Almeria,,Spain,ESP,
ECOGRAPHY,2006,29,1,559,Carsten,,Rahbek,Carsten Rahbek,EIC,EIC,Copenhagen University,Zoological Museum,Copenhagen,,Denmark,DNK,
ECOGRAPHY,2006,29,1,1880,John,R,Spence,John R Spence,SE,SE,University of Alberta,Department of Renewable Resources,Edmonton,,Canada,CAN,
ECOGRAPHY,2006,29,1,1899,Jens-Christian,,Svenning,Jens-Christian Svenning,SE,SE,University of Aarhus,Department of Biological Sciences,Aarhus,,Denmark,DNK,
ECOGRAPHY,2007,30,1,2275,Miguel,B,Araujo,Miguel B Araujo,SE,SE,National Museum of Natural Sciences,,Madrid,,Spain,ESP,
ECOGRAPHY,2007,30,1,2286,Michel,,Baguette,Michel Baguette,SE,SE,Museum d'Histoire Naturelle,,Brunoy,,France,FRA,
ECOGRAPHY,2007,30,1,1987,Kevin,C,Burns,Kevin C Burns,SE,SE,Victoria University of Wellington,,Wellington,,New Zealand,NZL,
ECOGRAPHY,2007,30,1,3022,Robert,K,Colwell,Robert K Colwell,SE,SE,University of Connecticut,Department of Ecology and Evolutionary Biology,Connecticut,Connecticut,United States,USA,
ECOGRAPHY,2007,30,1,1173,Goran,,Englund,Goran Englund,SE,SE,University of Umea,,Umea,,Sweden,SWE,
ECOGRAPHY,2007,30,1,1311,Helmut,,Hillebrand,Helmut Hillebrand,SE,SE,University of Cologne,Institute of Botany,Cologne,,Germany,DEU,
ECOGRAPHY,2007,30,1,746,Douglas,,Kelt,Douglas Kelt,SE,SE,University of California Davis,"Department of Wildlife, Fish and Conservation Biology",Davis,California,United States,USA,
ECOGRAPHY,2007,30,1,2724,Oskar,,Kindvall,Oskar Kindvall,SE,SE,Swedish University of Agricultural Sciences,,Uppsala,,Sweden,SWE,
ECOGRAPHY,2007,30,1,124,Anders,,Klemetsen,Anders Klemetsen,SE,SE,University of Tromso,Department of Aquatic BioSciences,Tromso,,Norway,NOR,
ECOGRAPHY,2007,30,1,3760,Walter,D,Koenig,Walter D Koenig,SE,SE,University of California Berkeley,,Berkeley,California,United States,USA,
ECOGRAPHY,2007,30,1,135,Andrew,,Liebhold,Andrew Liebhold,SE,SE,USDA Forest Service,,Morgantown,West Virginia,United States,USA,
ECOGRAPHY,2007,30,1,1717,John,,Linnell,John Linnell,SE,SE,The Norwegian Institute for Nature Research,,Trondheim,,Norway,NOR,
ECOGRAPHY,2007,30,1,998,Erik,,Matthysen,Erik Matthysen,SE,SE,University of Antwerp,,Antwerp,,Belgium,BEL,
ECOGRAPHY,2007,30,1,2062,Kai,,Norrdahl,Kai Norrdahl,SE,SE,University of Turku,,Turku,,Finland,FIN,
ECOGRAPHY,2007,30,1,1119,Francisco,,Pugnaire,Francisco Pugnaire,SE,SE,Consejo Superior de Investigaciones Cientificas,Estacion Experimental de Zonas Aridas,Almeria,,Spain,ESP,
ECOGRAPHY,2007,30,1,559,Carsten,,Rahbek,Carsten Rahbek,EIC,EIC,Copenhagen University,Zoological Museum,Copenhagen,,Denmark,DNK,
ECOGRAPHY,2007,30,1,2687,Nathan,,Sanders,Nathan Sanders,SE,SE,University of Tennessee,,Knoxville,Tennessee,United States,USA,
ECOGRAPHY,2007,30,1,1880,John,R,Spence,John R Spence,SE,SE,University of Alberta,Department of Renewable Resources,Edmonton,,Canada,CAN,
ECOGRAPHY,2007,30,1,1899,Jens-Christian,,Svenning,Jens-Christian Svenning,SE,SE,University of Aarhus,Department of Biological Sciences,Aarhus,,Denmark,DNK,
ECOGRAPHY,2007,30,1,3659,Thorsten,,Wiegand,Thorsten Wiegand,SE,SE,UFZ Centre for Environmental Research,,Leipzig,,Germany,DEU,
ECOGRAPHY,2008,31,1,2270,Marti,Jane,Anderson,Marti Jane Anderson,SE,SE,University of Auckland,,Auckland,,New Zealand,NZL,
ECOGRAPHY,2008,31,1,2275,Miguel,B,Araujo,Miguel B Araujo,DEIC,AE,National Museum of Natural Sciences,,Madrid,,Spain,ESP,
ECOGRAPHY,2008,31,1,2286,Michel,,Baguette,Michel Baguette,SE,SE,Museum d'Histoire Naturelle,,Brunoy,,France,FRA,
ECOGRAPHY,2008,31,1,1987,Kevin,C,Burns,Kevin C Burns,SE,SE,Victoria University of Wellington,,Wellington,,New Zealand,NZL,
ECOGRAPHY,2008,31,1,3022,Robert,K,Colwell,Robert K Colwell,SE,SE,University of Connecticut,Department of Ecology and Evolutionary Biology,Connecticut,Connecticut,United States,USA,
ECOGRAPHY,2008,31,1,1557,Jane,,Elith,Jane Elith,SE,SE,University of Melbourne,,Melbourne,,Australia,AUS,
ECOGRAPHY,2008,31,1,1173,Goran,,Englund,Goran Englund,SE,SE,University of Umea,,Umea,,Sweden,SWE,
ECOGRAPHY,2008,31,1,709,David,M,Green,David M Green,SE,SE,McGill University,,Montreal,,Canada,CAN,
ECOGRAPHY,2008,31,1,1311,Helmut,,Hillebrand,Helmut Hillebrand,SE,SE,University of Cologne,Institute of Botany,Cologne,,Germany,DEU,
ECOGRAPHY,2008,31,1,746,Douglas,,Kelt,Douglas Kelt,SE,SE,University of California Davis,"Department of Wildlife, Fish and Conservation Biology",Davis,California,United States,USA,
ECOGRAPHY,2008,31,1,1665,Jeremy,,Kerr,Jeremy Kerr,SE,SE,University of Ottawa,,Ottawa,,Canada,CAN,
ECOGRAPHY,2008,31,1,2724,Oskar,,Kindvall,Oskar Kindvall,SE,SE,Swedish University of Agricultural Sciences,,Uppsala,,Sweden,SWE,
ECOGRAPHY,2008,31,1,124,Anders,,Klemetsen,Anders Klemetsen,SE,SE,University of Tromso,Department of Aquatic BioSciences,Tromso,,Norway,NOR,
ECOGRAPHY,2008,31,1,3760,Walter,D,Koenig,Walter D Koenig,SE,SE,University of California Berkeley,,Berkeley,California,United States,USA,
ECOGRAPHY,2008,31,1,1717,John,,Linnell,John Linnell,SE,SE,The Norwegian Institute for Nature Research,,Trondheim,,Norway,NOR,
ECOGRAPHY,2008,31,1,998,Erik,,Matthysen,Erik Matthysen,SE,SE,University of Antwerp,,Antwerp,,Belgium,BEL,
ECOGRAPHY,2008,31,1,2062,Kai,,Norrdahl,Kai Norrdahl,SE,SE,University of Turku,,Turku,,Finland,FIN,
ECOGRAPHY,2008,31,1,2892,Pedro,,Peres-Neto,Pedro Peres-Neto,SE,SE,University du Quebec a Montreal,,Montreal,,Canada,CAN,
ECOGRAPHY,2008,31,1,1119,Francisco,,Pugnaire,Francisco Pugnaire,SE,SE,Consejo Superior de Investigaciones Cientificas,Estacion Experimental de Zonas Aridas,Almeria,,Spain,ESP,
ECOGRAPHY,2008,31,1,559,Carsten,,Rahbek,Carsten Rahbek,EIC,EIC,Copenhagen University,Institute of Biology,Copenhagen,,Denmark,DNK,
ECOGRAPHY,2008,31,1,2687,Nathan,,Sanders,Nathan Sanders,SE,SE,University of Tennessee,,Knoxville,Tennessee,United States,USA,
ECOGRAPHY,2008,31,1,1880,John,R,Spence,John R Spence,SE,SE,University of Alberta,Department of Renewable Resources,Edmonton,,Canada,CAN,
ECOGRAPHY,2008,31,1,1899,Jens-Christian,,Svenning,Jens-Christian Svenning,SE,SE,University of Aarhus,Department of Biological Sciences,Aarhus,,Denmark,DNK,
ECOGRAPHY,2008,31,1,3659,Thorsten,,Wiegand,Thorsten Wiegand,SE,SE,UFZ Centre for Environmental Research,,Leipzig,,Germany,DEU,
ECOGRAPHY,2008,31,1,1954,John,J,Wiens,John J Wiens,SE,SE,Stony Brook University,,Stony Brook,New York,United States,USA,
ECOGRAPHY,2009,32,1,2270,Marti,Jane,Anderson,Marti Jane Anderson,SE,SE,University of Auckland,,Auckland,,New Zealand,NZL,
ECOGRAPHY,2009,32,1,2275,Miguel,B,Araujo,Miguel B Araujo,DEIC,AE,National Museum of Natural Sciences,,Madrid,,Spain,ESP,
ECOGRAPHY,2009,32,1,2286,Michel,,Baguette,Michel Baguette,SE,SE,Museum d'Histoire Naturelle,,Brunoy,,France,FRA,
ECOGRAPHY,2009,32,1,1987,Kevin,C,Burns,Kevin C Burns,SE,SE,Victoria University of Wellington,,Wellington,,New Zealand,NZL,
ECOGRAPHY,2009,32,1,3022,Robert,K,Colwell,Robert K Colwell,SE,SE,University of Connecticut,Department of Ecology and Evolutionary Biology,Connecticut,Connecticut,United States,USA,
ECOGRAPHY,2009,32,1,1556,Johan,,Ehrlen,Johan Ehrlen,SE,SE,Stockholm University,,Stockholm,,Sweden,SWE,
ECOGRAPHY,2009,32,1,1557,Jane,,Elith,Jane Elith,SE,SE,University of Melbourne,,Melbourne,,Australia,AUS,
ECOGRAPHY,2009,32,1,466,Catherine,H,Graham,Catherine H Graham,SE,SE,Stony Brook University,,Stony Brook,New York,United States,USA,
ECOGRAPHY,2009,32,1,709,David,M,Green,David M Green,SE,SE,McGill University,,Montreal,,Canada,CAN,
ECOGRAPHY,2009,32,1,1311,Helmut,,Hillebrand,Helmut Hillebrand,SE,SE,University of Cologne,Institute of Botany,Cologne,,Germany,DEU,
ECOGRAPHY,2009,32,1,746,Douglas,,Kelt,Douglas Kelt,SE,SE,University of California Davis,"Department of Wildlife, Fish and Conservation Biology",Davis,California,United States,USA,
ECOGRAPHY,2009,32,1,1665,Jeremy,,Kerr,Jeremy Kerr,SE,SE,University of Ottawa,,Ottawa,,Canada,CAN,
ECOGRAPHY,2009,32,1,2724,Oskar,,Kindvall,Oskar Kindvall,SE,SE,Swedish University of Agricultural Sciences,,Uppsala,,Sweden,SWE,
ECOGRAPHY,2009,32,1,3760,Walter,D,Koenig,Walter D Koenig,SE,SE,University of California Berkeley,,Berkeley,California,United States,USA,
ECOGRAPHY,2009,32,1,1692,Jill,,Lancaster,Jill Lancaster,SE,SE,University of Edinburhg,,Edinburgh,,United Kingdom,GBR,
ECOGRAPHY,2009,32,1,1717,John,,Linnell,John Linnell,SE,SE,The Norwegian Institute for Nature Research,,Trondheim,,Norway,NOR,
ECOGRAPHY,2009,32,1,998,Erik,,Matthysen,Erik Matthysen,SE,SE,University of Antwerp,,Antwerp,,Belgium,BEL,
ECOGRAPHY,2009,32,1,2062,Kai,,Norrdahl,Kai Norrdahl,SE,SE,University of Turku,,Turku,,Finland,FIN,
ECOGRAPHY,2009,32,1,3616,Thierry,,Oberdorff,Thierry Oberdorff,SE,SE,Museum National d'Histoire Naturelle,,Paris,,France,FRA,
ECOGRAPHY,2009,32,1,2892,Pedro,,Peres-Neto,Pedro Peres-Neto,SE,SE,University du Quebec a Montreal,,Montreal,,Canada,CAN,
ECOGRAPHY,2009,32,1,1119,Francisco,,Pugnaire,Francisco Pugnaire,SE,SE,Consejo Superior de Investigaciones Cientificas,Estacion Experimental de Zonas Aridas,Almeria,,Spain,ESP,
ECOGRAPHY,2009,32,1,559,Carsten,,Rahbek,Carsten Rahbek,EIC,EIC,Copenhagen University,Institute of Biology,Copenhagen,,Denmark,DNK,
ECOGRAPHY,2009,32,1,3627,Thiago,,Rangel,Thiago Rangel,SE,SE,University of Connecticut,,Connecticut,Connecticut,United States,USA,
ECOGRAPHY,2009,32,1,2687,Nathan,,Sanders,Nathan Sanders,SE,SE,University of Tennessee,,Knoxville,Tennessee,United States,USA,
ECOGRAPHY,2009,32,1,1880,John,R,Spence,John R Spence,SE,SE,University of Alberta,Department of Renewable Resources,Edmonton,,Canada,CAN,
ECOGRAPHY,2009,32,1,1899,Jens-Christian,,Svenning,Jens-Christian Svenning,SE,SE,University of Aarhus,Department of Biological Sciences,Aarhus,,Denmark,DNK,
ECOGRAPHY,2009,32,1,3659,Thorsten,,Wiegand,Thorsten Wiegand,SE,SE,UFZ Centre for Environmental Research,,Leipzig,,Germany,DEU,
ECOGRAPHY,2009,32,1,1954,John,J,Wiens,John J Wiens,SE,SE,Stony Brook University,,Stony Brook,New York,United States,USA,
ECOGRAPHY,2010,33,1,2270,Marti,Jane,Anderson,Marti Jane Anderson,SE,SE,Massey University,,Auckland,,New Zealand,NZL,
ECOGRAPHY,2010,33,1,2275,Miguel,B,Araujo,Miguel B Araujo,DEIC,AE,National Museum of Natural Sciences,,Madrid,,Spain,ESP,
ECOGRAPHY,2010,33,1,2286,Michel,,Baguette,Michel Baguette,SE,SE,Museum d'Histoire Naturelle,,Brunoy,,France,FRA,
ECOGRAPHY,2010,33,1,1987,Kevin,C,Burns,Kevin C Burns,SE,SE,Victoria University of Wellington,,Wellington,,New Zealand,NZL,
ECOGRAPHY,2010,33,1,3022,Robert,K,Colwell,Robert K Colwell,SE,SE,University of Connecticut,Department of Ecology and Evolutionary Biology,Connecticut,Connecticut,United States,USA,
ECOGRAPHY,2010,33,1,1556,Johan,,Ehrlen,Johan Ehrlen,SE,SE,Stockholm University,,Stockholm,,Sweden,SWE,
ECOGRAPHY,2010,33,1,1557,Jane,,Elith,Jane Elith,SE,SE,University of Melbourne,,Melbourne,,Australia,AUS,
ECOGRAPHY,2010,33,1,966,Erica,,Fleishman,Erica Fleishman,SE,SE,National Center for Ecological Analysis and Synthesis,,Santa Barbara,California,United States,USA,
ECOGRAPHY,2010,33,1,3889,Janet,,Franklin,Janet Franklin,SE,SE,Arizona State University,,Phoenix,Arizona,United States,USA,
ECOGRAPHY,2010,33,1,466,Catherine,H,Graham,Catherine H Graham,SE,SE,Stony Brook University,,Stony Brook,New York,United States,USA,
ECOGRAPHY,2010,33,1,709,David,M,Green,David M Green,SE,SE,McGill University,,Montreal,,Canada,CAN,
ECOGRAPHY,2010,33,1,1311,Helmut,,Hillebrand,Helmut Hillebrand,SE,SE,Carl-von-Ossietzky University,,Oldenburg,,Germany,DEU,
ECOGRAPHY,2010,33,1,1643,Joaquin,,Hortal,Joaquin Hortal,SE,SE,Imperial University,,London,,United Kingdom,GBR,
ECOGRAPHY,2010,33,1,746,Douglas,,Kelt,Douglas Kelt,SE,SE,University of California Davis,"Department of Wildlife, Fish and Conservation Biology",Davis,California,United States,USA,
ECOGRAPHY,2010,33,1,1665,Jeremy,,Kerr,Jeremy Kerr,SE,SE,University of Ottawa,,Ottawa,,Canada,CAN,
ECOGRAPHY,2010,33,1,2724,Oskar,,Kindvall,Oskar Kindvall,SE,SE,Swedish University of Agricultural Sciences,,Uppsala,,Sweden,SWE,
ECOGRAPHY,2010,33,1,2035,Kenneth,H,Kozak,Kenneth H Kozak,SE,SE,University of Minnesota,,Minneapolis and Saint Paul,Minnesota,United States,USA,
ECOGRAPHY,2010,33,1,1692,Jill,,Lancaster,Jill Lancaster,SE,SE,Monash University,,Melbourne,,Australia,AUS,
ECOGRAPHY,2010,33,1,998,Erik,,Matthysen,Erik Matthysen,SE,SE,University of Antwerp,,Antwerp,,Belgium,BEL,
ECOGRAPHY,2010,33,1,2062,Kai,,Norrdahl,Kai Norrdahl,SE,SE,University of Turku,,Turku,,Finland,FIN,
ECOGRAPHY,2010,33,1,3616,Thierry,,Oberdorff,Thierry Oberdorff,SE,SE,Museum National d'Histoire Naturelle,,Paris,,France,FRA,
ECOGRAPHY,2010,33,1,2892,Pedro,,Peres-Neto,Pedro Peres-Neto,SE,SE,University du Quebec a Montreal,,Montreal,,Canada,CAN,
ECOGRAPHY,2010,33,1,1119,Francisco,,Pugnaire,Francisco Pugnaire,SE,SE,Consejo Superior de Investigaciones Cientificas,Estacion Experimental de Zonas Aridas,Almeria,,Spain,ESP,
ECOGRAPHY,2010,33,1,559,Carsten,,Rahbek,Carsten Rahbek,EIC,EIC,Copenhagen University,Institute of Biology,Copenhagen,,Denmark,DNK,
ECOGRAPHY,2010,33,1,3627,Thiago,,Rangel,Thiago Rangel,SE,SE,University of Connecticut,,Connecticut,Connecticut,United States,USA,
ECOGRAPHY,2010,33,1,1829,Jacques,,Regniere,Jacques Regniere,SE,SE,Service Canadien des Forets,,,,Canada,CAN,
ECOGRAPHY,2010,33,1,2687,Nathan,,Sanders,Nathan Sanders,SE,SE,University of Tennessee,,Knoxville,Tennessee,United States,USA,
ECOGRAPHY,2010,33,1,1880,John,R,Spence,John R Spence,SE,SE,University of Alberta,Department of Renewable Resources,Edmonton,,Canada,CAN,
ECOGRAPHY,2010,33,1,1899,Jens-Christian,,Svenning,Jens-Christian Svenning,SE,SE,University of Aarhus,Department of Biological Sciences,Aarhus,,Denmark,DNK,
ECOGRAPHY,2010,33,1,3659,Thorsten,,Wiegand,Thorsten Wiegand,SE,SE,UFZ Centre for Environmental Research,,Leipzig,,Germany,DEU,
ECOGRAPHY,2010,33,1,1954,John,J,Wiens,John J Wiens,SE,SE,Stony Brook University,,Stony Brook,New York,United States,USA,
ECOGRAPHY,2011,34,1,2270,Marti,Jane,Anderson,Marti Jane Anderson,SE,SE,Massey University,,Auckland,,New Zealand,NZL,
ECOGRAPHY,2011,34,1,2275,Miguel,B,Araujo,Miguel B Araujo,DEIC,AE,National Museum of Natural Sciences,,Madrid,,Spain,ESP,
ECOGRAPHY,2011,34,1,2286,Michel,,Baguette,Michel Baguette,SE,SE,Museum d'Histoire Naturelle,,Brunoy,,France,FRA,
ECOGRAPHY,2011,34,1,1987,Kevin,C,Burns,Kevin C Burns,SE,SE,Victoria University of Wellington,,Wellington,,New Zealand,NZL,
ECOGRAPHY,2011,34,1,3022,Robert,K,Colwell,Robert K Colwell,SE,SE,University of Connecticut,Department of Ecology and Evolutionary Biology,Connecticut,Connecticut,United States,USA,
ECOGRAPHY,2011,34,1,1556,Johan,,Ehrlen,Johan Ehrlen,SE,SE,Stockholm University,,Stockholm,,Sweden,SWE,
ECOGRAPHY,2011,34,1,1557,Jane,,Elith,Jane Elith,SE,SE,University of Melbourne,,Melbourne,,Australia,AUS,
ECOGRAPHY,2011,34,1,966,Erica,,Fleishman,Erica Fleishman,SE,SE,National Center for Ecological Analysis and Synthesis,,Santa Barbara,California,United States,USA,
ECOGRAPHY,2011,34,1,3889,Janet,,Franklin,Janet Franklin,SE,SE,Arizona State University,,Phoenix,Arizona,United States,USA,
ECOGRAPHY,2011,34,1,466,Catherine,H,Graham,Catherine H Graham,SE,SE,Stony Brook University,,Stony Brook,New York,United States,USA,
ECOGRAPHY,2011,34,1,709,David,M,Green,David M Green,SE,SE,McGill University,,Montreal,,Canada,CAN,
ECOGRAPHY,2011,34,1,1311,Helmut,,Hillebrand,Helmut Hillebrand,SE,SE,Carl-von-Ossietzky University,,Oldenburg,,Germany,DEU,
ECOGRAPHY,2011,34,1,1643,Joaquin,,Hortal,Joaquin Hortal,SE,SE,Imperial University,,London,,United Kingdom,GBR,
ECOGRAPHY,2011,34,1,746,Douglas,,Kelt,Douglas Kelt,SE,SE,University of California Davis,"Department of Wildlife, Fish and Conservation Biology",Davis,California,United States,USA,
ECOGRAPHY,2011,34,1,1665,Jeremy,,Kerr,Jeremy Kerr,SE,SE,University of Ottawa,,Ottawa,,Canada,CAN,
ECOGRAPHY,2011,34,1,2724,Oskar,,Kindvall,Oskar Kindvall,SE,SE,Swedish University of Agricultural Sciences,,Uppsala,,Sweden,SWE,
ECOGRAPHY,2011,34,1,2035,Kenneth,H,Kozak,Kenneth H Kozak,SE,SE,University of Minnesota,,Minneapolis and Saint Paul,Minnesota,United States,USA,
ECOGRAPHY,2011,34,1,1692,Jill,,Lancaster,Jill Lancaster,SE,SE,Monash University,,Melbourne,,Australia,AUS,
ECOGRAPHY,2011,34,1,998,Erik,,Matthysen,Erik Matthysen,SE,SE,University of Antwerp,,Antwerp,,Belgium,BEL,
ECOGRAPHY,2011,34,1,2062,Kai,,Norrdahl,Kai Norrdahl,SE,SE,University of Turku,,Turku,,Finland,FIN,
ECOGRAPHY,2011,34,1,3616,Thierry,,Oberdorff,Thierry Oberdorff,SE,SE,Museum National d'Histoire Naturelle,,Paris,,France,FRA,
ECOGRAPHY,2011,34,1,2892,Pedro,,Peres-Neto,Pedro Peres-Neto,SE,SE,University du Quebec a Montreal,,Montreal,,Canada,CAN,
ECOGRAPHY,2011,34,1,1119,Francisco,,Pugnaire,Francisco Pugnaire,SE,SE,Consejo Superior de Investigaciones Cientificas,Estacion Experimental de Zonas Aridas,Almeria,,Spain,ESP,
ECOGRAPHY,2011,34,1,559,Carsten,,Rahbek,Carsten Rahbek,EIC,EIC,Copenhagen University,Institute of Biology,Copenhagen,,Denmark,DNK,
ECOGRAPHY,2011,34,1,3627,Thiago,,Rangel,Thiago Rangel,SE,SE,University of Connecticut,,Connecticut,Connecticut,United States,USA,
ECOGRAPHY,2011,34,1,1829,Jacques,,Regniere,Jacques Regniere,SE,SE,Service Canadien des Forets,,,,Canada,CAN,
ECOGRAPHY,2011,34,1,2687,Nathan,,Sanders,Nathan Sanders,SE,SE,University of Tennessee,,Knoxville,Tennessee,United States,USA,
ECOGRAPHY,2011,34,1,1880,John,R,Spence,John R Spence,SE,SE,University of Alberta,Department of Renewable Resources,Edmonton,,Canada,CAN,
ECOGRAPHY,2011,34,1,1899,Jens-Christian,,Svenning,Jens-Christian Svenning,SE,SE,University of Aarhus,Department of Biological Sciences,Aarhus,,Denmark,DNK,
ECOGRAPHY,2011,34,1,3659,Thorsten,,Wiegand,Thorsten Wiegand,SE,SE,UFZ Centre for Environmental Research,,Leipzig,,Germany,DEU,
ECOGRAPHY,2011,34,1,1954,John,J,Wiens,John J Wiens,SE,SE,Stony Brook University,,Stony Brook,New York,United States,USA,
ECOGRAPHY,2012,35,1,2270,Marti,Jane,Anderson,Marti Jane Anderson,SE,SE,Massey University,,Auckland,,New Zealand,NZL,
ECOGRAPHY,2012,35,1,2275,Miguel,B,Araujo,Miguel B Araujo,DEIC,AE,National Museum of Natural Sciences,,Madrid,,Spain,ESP,
ECOGRAPHY,2012,35,1,2286,Michel,,Baguette,Michel Baguette,SE,SE,Museum d'Histoire Naturelle,,Brunoy,,France,FRA,
ECOGRAPHY,2012,35,1,3022,Robert,K,Colwell,Robert K Colwell,SE,SE,University of Connecticut,Department of Ecology and Evolutionary Biology,Connecticut,Connecticut,United States,USA,
ECOGRAPHY,2012,35,1,1547,Jose,Alexandre,Diniz-Filho,Jose Alexandre Diniz-Filho,SE,SE,Universidade Federal de Goias,,Goias,,Brazil,BRA,
ECOGRAPHY,2012,35,1,3045,Rob,,Dunn,Rob Dunn,SE,SE,North Carolina State University,,Raleigh,North Carolina,United States,USA,
ECOGRAPHY,2012,35,1,1556,Johan,,Ehrlen,Johan Ehrlen,SE,SE,Stockholm University,,Stockholm,,Sweden,SWE,
ECOGRAPHY,2012,35,1,966,Erica,,Fleishman,Erica Fleishman,SE,SE,National Center for Ecological Analysis and Synthesis,,Santa Barbara,California,United States,USA,
ECOGRAPHY,2012,35,1,3889,Janet,,Franklin,Janet Franklin,SE,SE,Arizona State University,,Phoenix,Arizona,United States,USA,
ECOGRAPHY,2012,35,1,1589,Jean-Michel,,Gaillard,Jean-Michel Gaillard,SE,SE, Université Claude Bernard Lyon 1,,Lyon,,France,FRA,
ECOGRAPHY,2012,35,1,466,Catherine,H,Graham,Catherine H Graham,SE,SE,Stony Brook University,,Stony Brook,New York,United States,USA,
ECOGRAPHY,2012,35,1,3076,Russell,,Greenberg,Russell Greenberg,SE,SE,Smithsonian Migratory Bird Center,,Washington DC,Washington DC,United States,USA,
ECOGRAPHY,2012,35,1,1643,Joaquin,,Hortal,Joaquin Hortal,SE,SE,Imperial University,,London,,United Kingdom,GBR,
ECOGRAPHY,2012,35,1,746,Douglas,,Kelt,Douglas Kelt,SE,SE,University of California Davis,"Department of Wildlife, Fish and Conservation Biology",Davis,California,United States,USA,
ECOGRAPHY,2012,35,1,1665,Jeremy,,Kerr,Jeremy Kerr,SE,SE,University of Ottawa,,Ottawa,,Canada,CAN,
ECOGRAPHY,2012,35,1,2035,Kenneth,H,Kozak,Kenneth H Kozak,SE,SE,University of Minnesota,,Minneapolis and Saint Paul,Minnesota,United States,USA,
ECOGRAPHY,2012,35,1,1692,Jill,,Lancaster,Jill Lancaster,SE,SE,Monash University,,Melbourne,,Australia,AUS,
ECOGRAPHY,2012,35,1,998,Erik,,Matthysen,Erik Matthysen,SE,SE,University of Antwerp,,Antwerp,,Belgium,BEL,
ECOGRAPHY,2012,35,1,802,David,,Nogues,David Nogues,SE,SE,University of Copenhagen,,Copenhagen,,Denmark,DNK,
ECOGRAPHY,2012,35,1,2062,Kai,,Norrdahl,Kai Norrdahl,SE,SE,University of Turku,,Turku,,Finland,FIN,
ECOGRAPHY,2012,35,1,3616,Thierry,,Oberdorff,Thierry Oberdorff,SE,SE,Museum National d'Histoire Naturelle,,Paris,,France,FRA,
ECOGRAPHY,2012,35,1,2892,Pedro,,Peres-Neto,Pedro Peres-Neto,SE,SE,University du Quebec a Montreal,,Montreal,,Canada,CAN,
ECOGRAPHY,2012,35,1,1017,Eric,,Post,Eric Post,SE,SE,Pennsylvania State University,,State College,Pennsylvania,United States,USA,
ECOGRAPHY,2012,35,1,1119,Francisco,,Pugnaire,Francisco Pugnaire,SE,SE,Consejo Superior de Investigaciones Cientificas,Estacion Experimental de Zonas Aridas,Almeria,,Spain,ESP,
ECOGRAPHY,2012,35,1,559,Carsten,,Rahbek,Carsten Rahbek,EIC,EIC,Copenhagen University,Institute of Biology,Copenhagen,,Denmark,DNK,
ECOGRAPHY,2012,35,1,3627,Thiago,,Rangel,Thiago Rangel,SE,SE,University of Connecticut,,Connecticut,Connecticut,United States,USA,
ECOGRAPHY,2012,35,1,1829,Jacques,,Regniere,Jacques Regniere,SE,SE,Service Canadien des Forets,,,,Canada,CAN,
ECOGRAPHY,2012,35,1,2687,Nathan,,Sanders,Nathan Sanders,DEIC,AE,University of Tennessee,,Knoxville,Tennessee,United States,USA,
ECOGRAPHY,2012,35,1,1880,John,R,Spence,John R Spence,SE,SE,University of Alberta,Department of Renewable Resources,Edmonton,,Canada,CAN,
ECOGRAPHY,2012,35,1,1899,Jens-Christian,,Svenning,Jens-Christian Svenning,DEIC,AE,University of Aarhus,Department of Biological Sciences,Aarhus,,Denmark,DNK,
ECOGRAPHY,2012,35,1,1370,Hanna,,Tuomisto,Hanna Tuomisto,SE,SE,University of Turku,,Turku,,Finland,FIN,
ECOGRAPHY,2012,35,1,3659,Thorsten,,Wiegand,Thorsten Wiegand,SE,SE,UFZ Centre for Environmental Research,,Leipzig,,Germany,DEU,
ECOGRAPHY,2012,35,1,1954,John,J,Wiens,John J Wiens,SE,SE,Stony Brook University,,Stony Brook,New York,United States,USA,
ECOGRAPHY,2012,35,1,2711,Niklaus,E,Zimmermann,Niklaus E Zimmermann,SE,SE,Swiss Federal Research Institute,,Davos,,Switzerland,CHE,
ECOGRAPHY,2013,36,1,2270,Marti,Jane,Anderson,Marti Jane Anderson,SE,SE,Massey University,,Auckland,,New Zealand,NZL,
ECOGRAPHY,2013,36,1,2275,Miguel,B,Araujo,Miguel B Araujo,DEIC,AE,National Museum of Natural Sciences,,Madrid,,Spain,ESP,
ECOGRAPHY,2013,36,1,2286,Michel,,Baguette,Michel Baguette,SE,SE,Museum d'Histoire Naturelle,,Brunoy,,France,FRA,
ECOGRAPHY,2013,36,1,3022,Robert,K,Colwell,Robert K Colwell,SE,SE,University of Connecticut,Department of Ecology and Evolutionary Biology,Connecticut,Connecticut,United States,USA,
ECOGRAPHY,2013,36,1,1547,Jose,Alexandre,Diniz-Filho,Jose Alexandre Diniz-Filho,SE,SE,Universidade Federal de Goias,,Goias,,Brazil,BRA,
ECOGRAPHY,2013,36,1,3045,Rob,,Dunn,Rob Dunn,SE,SE,North Carolina State University,,Raleigh,North Carolina,United States,USA,
ECOGRAPHY,2013,36,1,1556,Johan,,Ehrlen,Johan Ehrlen,SE,SE,Stockholm University,,Stockholm,,Sweden,SWE,
ECOGRAPHY,2013,36,1,966,Erica,,Fleishman,Erica Fleishman,SE,SE,National Center for Ecological Analysis and Synthesis,,Santa Barbara,California,United States,USA,
ECOGRAPHY,2013,36,1,3889,Janet,,Franklin,Janet Franklin,SE,SE,Arizona State University,,Phoenix,Arizona,United States,USA,
ECOGRAPHY,2013,36,1,1589,Jean-Michel,,Gaillard,Jean-Michel Gaillard,SE,SE, Université Claude Bernard Lyon 1,,Lyon,,France,FRA,
ECOGRAPHY,2013,36,1,466,Catherine,H,Graham,Catherine H Graham,SE,SE,Stony Brook University,,Stony Brook,New York,United States,USA,
ECOGRAPHY,2013,36,1,3076,Russell,,Greenberg,Russell Greenberg,SE,SE,Smithsonian Migratory Bird Center,,Washington DC,Washington DC,United States,USA,
ECOGRAPHY,2013,36,1,1643,Joaquin,,Hortal,Joaquin Hortal,SE,SE,Imperial University,,London,,United Kingdom,GBR,
ECOGRAPHY,2013,36,1,746,Douglas,,Kelt,Douglas Kelt,SE,SE,University of California Davis,"Department of Wildlife, Fish and Conservation Biology",Davis,California,United States,USA,
ECOGRAPHY,2013,36,1,1665,Jeremy,,Kerr,Jeremy Kerr,SE,SE,University of Ottawa,,Ottawa,,Canada,CAN,
ECOGRAPHY,2013,36,1,2035,Kenneth,H,Kozak,Kenneth H Kozak,SE,SE,University of Minnesota,,Minneapolis and Saint Paul,Minnesota,United States,USA,
ECOGRAPHY,2013,36,1,1692,Jill,,Lancaster,Jill Lancaster,SE,SE,Monash University,,Melbourne,,Australia,AUS,
ECOGRAPHY,2013,36,1,998,Erik,,Matthysen,Erik Matthysen,SE,SE,University of Antwerp,,Antwerp,,Belgium,BEL,
ECOGRAPHY,2013,36,1,802,David,,Nogues,David Nogues,SE,SE,University of Copenhagen,,Copenhagen,,Denmark,DNK,
ECOGRAPHY,2013,36,1,2062,Kai,,Norrdahl,Kai Norrdahl,SE,SE,University of Turku,,Turku,,Finland,FIN,
ECOGRAPHY,2013,36,1,3616,Thierry,,Oberdorff,Thierry Oberdorff,SE,SE,Museum National d'Histoire Naturelle,,Paris,,France,FRA,
ECOGRAPHY,2013,36,1,2892,Pedro,,Peres-Neto,Pedro Peres-Neto,SE,SE,University du Quebec a Montreal,,Montreal,,Canada,CAN,
ECOGRAPHY,2013,36,1,1017,Eric,,Post,Eric Post,SE,SE,Pennsylvania State University,,State College,Pennsylvania,United States,USA,
ECOGRAPHY,2013,36,1,1119,Francisco,,Pugnaire,Francisco Pugnaire,SE,SE,Consejo Superior de Investigaciones Cientificas,Estacion Experimental de Zonas Aridas,Almeria,,Spain,ESP,
ECOGRAPHY,2013,36,1,559,Carsten,,Rahbek,Carsten Rahbek,EIC,EIC,Copenhagen University,Institute of Biology,Copenhagen,,Denmark,DNK,
ECOGRAPHY,2013,36,1,3627,Thiago,,Rangel,Thiago Rangel,SE,SE,University of Connecticut,,Connecticut,Connecticut,United States,USA,
ECOGRAPHY,2013,36,1,1829,Jacques,,Regniere,Jacques Regniere,SE,SE,Service Canadien des Forets,,,,Canada,CAN,
ECOGRAPHY,2013,36,1,2687,Nathan,,Sanders,Nathan Sanders,DEIC,AE,University of Tennessee,,Knoxville,Tennessee,United States,USA,
ECOGRAPHY,2013,36,1,1880,John,R,Spence,John R Spence,SE,SE,University of Alberta,Department of Renewable Resources,Edmonton,,Canada,CAN,
ECOGRAPHY,2013,36,1,1899,Jens-Christian,,Svenning,Jens-Christian Svenning,DEIC,AE,University of Aarhus,Department of Biological Sciences,Aarhus,,Denmark,DNK,
ECOGRAPHY,2013,36,1,1370,Hanna,,Tuomisto,Hanna Tuomisto,SE,SE,University of Turku,,Turku,,Finland,FIN,
ECOGRAPHY,2013,36,1,3659,Thorsten,,Wiegand,Thorsten Wiegand,SE,SE,UFZ Centre for Environmental Research,,Leipzig,,Germany,DEU,
ECOGRAPHY,2013,36,1,1954,John,J,Wiens,John J Wiens,SE,SE,Stony Brook University,,Stony Brook,New York,United States,USA,
ECOGRAPHY,2013,36,1,2711,Niklaus,E,Zimmermann,Niklaus E Zimmermann,SE,SE,Swiss Federal Research Institute,,Davos,,Switzerland,CHE,
ECOGRAPHY,2014,37,1,2270,Marti,Jane,Anderson,Marti Jane Anderson,SE,SE,Massey University,,Auckland,,New Zealand,NZL,
ECOGRAPHY,2014,37,1,2275,Miguel,B,Araujo,Miguel B Araujo,DEIC,AE,National Museum of Natural Sciences,,Madrid,,Spain,ESP,
ECOGRAPHY,2014,37,1,2286,Michel,,Baguette,Michel Baguette,SE,SE,Museum d'Histoire Naturelle,,Brunoy,,France,FRA,
ECOGRAPHY,2014,37,1,3022,Robert,K,Colwell,Robert K Colwell,SE,SE,University of Connecticut,Department of Ecology and Evolutionary Biology,Connecticut,Connecticut,United States,USA,
ECOGRAPHY,2014,37,1,1547,Jose,Alexandre,Diniz-Filho,Jose Alexandre Diniz-Filho,SE,SE,Universidade Federal de Goias,,Goias,,Brazil,BRA,
ECOGRAPHY,2014,37,1,438,Carsten,,Dormann,Carsten Dormann,SE,SE,University of Freiburg,,Freiburg,,Germany,DEU,
ECOGRAPHY,2014,37,1,3045,Rob,,Dunn,Rob Dunn,SE,SE,North Carolina State University,,Raleigh,North Carolina,United States,USA,
ECOGRAPHY,2014,37,1,1556,Johan,,Ehrlen,Johan Ehrlen,SE,SE,Stockholm University,,Stockholm,,Sweden,SWE,
ECOGRAPHY,2014,37,1,966,Erica,,Fleishman,Erica Fleishman,SE,SE,National Center for Ecological Analysis and Synthesis,,Santa Barbara,California,United States,USA,
ECOGRAPHY,2014,37,1,3889,Janet,,Franklin,Janet Franklin,SE,SE,Arizona State University,,Phoenix,Arizona,United States,USA,
ECOGRAPHY,2014,37,1,1589,Jean-Michel,,Gaillard,Jean-Michel Gaillard,SE,SE, Université Claude Bernard Lyon 1,,Lyon,,France,FRA,
ECOGRAPHY,2014,37,1,466,Catherine,H,Graham,Catherine H Graham,SE,SE,Stony Brook University,,Stony Brook,New York,United States,USA,
ECOGRAPHY,2014,37,1,3076,Russell,,Greenberg,Russell Greenberg,SE,SE,Smithsonian Migratory Bird Center,,Washington DC,Washington DC,United States,USA,
ECOGRAPHY,2014,37,1,1643,Joaquin,,Hortal,Joaquin Hortal,SE,SE,Imperial University,,London,,United Kingdom,GBR,
ECOGRAPHY,2014,37,1,746,Douglas,,Kelt,Douglas Kelt,SE,SE,University of California Davis,"Department of Wildlife, Fish and Conservation Biology",Davis,California,United States,USA,
ECOGRAPHY,2014,37,1,1665,Jeremy,,Kerr,Jeremy Kerr,SE,SE,University of Ottawa,,Ottawa,,Canada,CAN,
ECOGRAPHY,2014,37,1,2035,Kenneth,H,Kozak,Kenneth H Kozak,SE,SE,University of Minnesota,,Minneapolis and Saint Paul,Minnesota,United States,USA,
ECOGRAPHY,2014,37,1,1692,Jill,,Lancaster,Jill Lancaster,SE,SE,Monash University,,Melbourne,,Australia,AUS,
ECOGRAPHY,2014,37,1,998,Erik,,Matthysen,Erik Matthysen,SE,SE,University of Antwerp,,Antwerp,,Belgium,BEL,
ECOGRAPHY,2014,37,1,802,David,,Nogues,David Nogues,SE,SE,University of Copenhagen,,Copenhagen,,Denmark,DNK,
ECOGRAPHY,2014,37,1,2062,Kai,,Norrdahl,Kai Norrdahl,SE,SE,University of Turku,,Turku,,Finland,FIN,
ECOGRAPHY,2014,37,1,3616,Thierry,,Oberdorff,Thierry Oberdorff,SE,SE,Museum National d'Histoire Naturelle,,Paris,,France,FRA,
ECOGRAPHY,2014,37,1,2892,Pedro,,Peres-Neto,Pedro Peres-Neto,SE,SE,University du Quebec a Montreal,,Montreal,,Canada,CAN,
ECOGRAPHY,2014,37,1,1017,Eric,,Post,Eric Post,SE,SE,Pennsylvania State University,,State College,Pennsylvania,United States,USA,
ECOGRAPHY,2014,37,1,1119,Francisco,,Pugnaire,Francisco Pugnaire,SE,SE,Consejo Superior de Investigaciones Cientificas,Estacion Experimental de Zonas Aridas,Almeria,,Spain,ESP,
ECOGRAPHY,2014,37,1,559,Carsten,,Rahbek,Carsten Rahbek,EIC,EIC,Copenhagen University,Institute of Biology,Copenhagen,,Denmark,DNK,
ECOGRAPHY,2014,37,1,3627,Thiago,,Rangel,Thiago Rangel,SE,SE,University of Connecticut,,Connecticut,Connecticut,United States,USA,
ECOGRAPHY,2014,37,1,2687,Nathan,,Sanders,Nathan Sanders,DEIC,AE,University of Tennessee,,Knoxville,Tennessee,United States,USA,
ECOGRAPHY,2014,37,1,1880,John,R,Spence,John R Spence,SE,SE,University of Alberta,Department of Renewable Resources,Edmonton,,Canada,CAN,
ECOGRAPHY,2014,37,1,1899,Jens-Christian,,Svenning,Jens-Christian Svenning,DEIC,AE,University of Aarhus,Department of Biological Sciences,Aarhus,,Denmark,DNK,
ECOGRAPHY,2014,37,1,1370,Hanna,,Tuomisto,Hanna Tuomisto,SE,SE,University of Turku,,Turku,,Finland,FIN,
ECOGRAPHY,2014,37,1,3659,Thorsten,,Wiegand,Thorsten Wiegand,SE,SE,UFZ Centre for Environmental Research,,Leipzig,,Germany,DEU,
ECOGRAPHY,2014,37,1,1954,John,J,Wiens,John J Wiens,SE,SE,Stony Brook University,,Stony Brook,New York,United States,USA,
ECOGRAPHY,2014,37,1,2711,Niklaus,E,Zimmermann,Niklaus E Zimmermann,SE,SE,Swiss Federal Research Institute,,Davos,,Switzerland,CHE,
