no,JOURNAL,YEAR,VOLUME,ISSUE,editor_id,FIRST_NAME,MIDDLE_NAME,LAST_NAME,NAME,TITLE.x,CATEGORY,INST,UNIT,CITY,STATE,COUNTRY,geo.code,other address,,,,2017 current address,,,1,JECOL,1985,73,1,1564,John,R,Etherington,John R Etherington,SE,SE,NoInst,,,,UK,GBR,,,,,,,,2,JECOL,1985,73,1,3892,James ,B.,Grace,J Grace,SE,SE,NoInst,,Baton Rouge,Louisiana,US,USA,University of Arkansas,Fayetteville,Arkansas,USA,"US Geological Survey, National Wetlands, Research Center",Lafayette,Louisiana,USA3,JECOL,1985,73,1,1608,J,Philip,Grime,J Philip Grime,SE,SE,NoInst,,Sheffield S10 2TN,,UK,GBR,,,,,,,,4,JECOL,1985,73,1,289,B,,Hopkins,B Hopkins,EIC,EIC,NoInst,,,,UK,GBR,,,,,,,,5,JECOL,1985,73,1,292,B,,Huntley,B Huntley,SE,SE,NoInst,,,,UK,GBR,,,,,,,,6,JECOL,1985,73,1,2419,Michael,J,Hutchings,Michael J Hutchings,SE,SE,NoInst,,,,UK,GBR,,,,,,,,7,JECOL,1985,73,1,1704,John,A,Lee,John A Lee,AE,AE,NoInst,,,,UK,GBR,,,,,,,,8,JECOL,1985,73,1,330,Brian,,Moss,Brian Moss,AE,AE,NoInst,,Norwich,NR4 7TJ,UK,GBR,,,,,,,,9,JECOL,1985,73,1,2583,Michael,B,Usher,Michael B Usher,SE,SE,NoInst,,York,York Y01 5DD,UK,GBR,University of Stirling,Stirling FK9 4LA,UK,,,,,10,JECOL,1985,73,1,3874,D,A,Williams,D A Williams,SE,SE,NoInst,,Edinburgh EH9 3JZ,Scotland,UK,GBR,,,,,,,,11,JECOL,1986,74,1,1564,John,R,Etherington,John R Etherington,SE,SE,NoInst,,,,UK,GBR,,,,,,,,12,JECOL,1986,74,1,1608,J,P,Grime,J P Grime,SE,SE,NoInst,,,,UK,GBR,,,,,,,,13,JECOL,1986,74,1,292,B,,Huntley,B Huntley,SE,SE,NoInst,,,,UK,GBR,,,,,,,,14,JECOL,1986,74,1,2419,Michael,J,Hutchings,Michael J Hutchings,SE,SE,NoInst,,,,UK,GBR,,,,,,,,15,JECOL,1986,74,1,1704,John,,Lee,John Lee,AE,AE,NoInst,,,,UK,GBR,,,,,,,,16,JECOL,1986,74,1,3395,Stephen,P,Long,Stephen P Long,SE,SE,NoInst,,,,USA,USA,,,,,,,,17,JECOL,1986,74,1,330,Brian,,Moss,Brian Moss,EIC,EIC,NoInst,,,,UK,GBR,,,,,,,,18,JECOL,1986,74,1,2583,Michael,B,Usher,Michael B Usher,SE,SE,NoInst,,,,UK,GBR,,,,,,,,19,JECOL,1986,74,1,3911,James,,White,James White,AE,AE,NoInst,,,,Ireland,IRL,,,,,,,,20,JECOL,1986,74,1,3874,D,A,Williams,D A Williams,SE,SE,NoInst,,,,UK,GBR,,,,,,,,21,JECOL,1987,75,1,1519,John,,Connolly,John Connolly,SE,SE,NoInst,,,,Ireland,IRL,,,,,,,,22,JECOL,1987,75,1,2338,M,J,Crawley,M J Crawley,SE,SE,NoInst,,,,UK,GBR,,,,,,,,23,JECOL,1987,75,1,1564,John,R,Etherington,John R Etherington,SE,SE,NoInst,,,,UK,GBR,,,,,,,,24,JECOL,1987,75,1,291,B,,Huntely,B Huntely,SE,SE,NoInst,,,,UK,GBR,,,,,,,,25,JECOL,1987,75,1,2419,Michael,J,Hutchings,Michael J Hutchings,SE,SE,NoInst,,,,UK,GBR,,,,,,,,26,JECOL,1987,75,1,130,Alan,J,Lack,Alan J Lack,SE,SE,NoInst,,,,UK,GBR,,,,,,,,27,JECOL,1987,75,1,1704,John,,Lee,John Lee,AE,AE,NoInst,,,,UK,GBR,,,,,,,,28,JECOL,1987,75,1,3395,Stephen,P,Long,Stephen P Long,SE,SE,NoInst,,,,USA,USA,,,,,,,,29,JECOL,1987,75,1,330,Brian,,Moss,Brian Moss,EIC,EIC,NoInst,,,,UK,GBR,,,,,,,,30,JECOL,1987,75,1,3911,James,,White,James White,AE,AE,NoInst,,,,Ireland,IRL,,,,,,,,31,JECOL,1987,75,1,3874,D,A,Williams,D A Williams,SE,SE,NoInst,,,,UK,GBR,,,,,,,,32,JECOL,1988,76,1,2281,Mike,P,Austin,Mike P Austin,SE,SE,NoInst,,,,Australia,AUS,,,,,,,,33,JECOL,1988,76,1,1519,John,,Connolly,John Connolly,SE,SE,NoInst,,,,Ireland,IRL,,,,,,,,34,JECOL,1988,76,1,2338,M,J,Crawley,M J Crawley,SE,SE,NoInst,,,,UK,GBR,,,,,,,,35,JECOL,1988,76,1,1564,John,R,Etherington,John R Etherington,AE,AE,NoInst,,,,UK,GBR,,,,,,,,36,JECOL,1988,76,1,292,B,,Huntley,B Huntley,SE,SE,NoInst,,,,UK,GBR,,,,,,,,37,JECOL,1988,76,1,2419,Michael,J,Hutchings,Michael J Hutchings,SE,SE,NoInst,,,,UK,GBR,,,,,,,,38,JECOL,1988,76,1,3108,Robert,L,Jefferies,Robert L Jefferies,SE,SE,NoInst,,,,Canada,CAN,,,,,,,,39,JECOL,1988,76,1,130,Alan,J,Lack,Alan J Lack,SE,SE,NoInst,,,,UK,GBR,,,,,,,,40,JECOL,1988,76,1,1704,John,,Lee,John Lee,EIC,EIC,NoInst,,,,UK,GBR,,,,,,,,41,JECOL,1988,76,1,3395,Stephen,P,Long,Stephen P Long,SE,SE,NoInst,,,,USA,USA,,,,,,,,42,JECOL,1988,76,1,1872,Jonathan,,Silvertown,Jonathan Silvertown,SE,SE,NoInst,,,,UK,GBR,,,,,,,,43,JECOL,1988,76,1,3911,James,,White,James White,AE,AE,NoInst,,,,Ireland,IRL,,,,,,,,44,JECOL,1988,76,1,3874,D,A,Williams,D A Williams,SE,SE,NoInst,,,,UK,GBR,,,,,,,,45,JECOL,1989,77,1,2281,Mike,P,Austin,Mike P Austin,SE,SE,NoInst,,,,Australia,AUS,,,,,,,,46,JECOL,1989,77,1,1519,John,,Connolly,John Connolly,SE,SE,NoInst,,,,Ireland,IRL,,,,,,,,47,JECOL,1989,77,1,2338,M,J,Crawley,M J Crawley,SE,SE,NoInst,,,,UK,GBR,,,,,,,,48,JECOL,1989,77,1,1564,John,R,Etherington,John R Etherington,AE,AE,NoInst,,,,UK,GBR,,,,,,,,49,JECOL,1989,77,1,2419,Michael,J,Hutchings,Michael J Hutchings,SE,SE,NoInst,,,,UK,GBR,,,,,,,,50,JECOL,1989,77,1,3108,Robert,L,Jefferies,Robert L Jefferies,SE,SE,NoInst,,,,Canada,CAN,,,,,,,,51,JECOL,1989,77,1,130,Alan,J,Lack,Alan J Lack,SE,SE,NoInst,,,,UK,GBR,,,,,,,,52,JECOL,1989,77,1,1704,John,,Lee,John Lee,EIC,EIC,NoInst,,,,UK,GBR,,,,,,,,53,JECOL,1989,77,1,3395,Stephen,P,Long,Stephen P Long,SE,SE,NoInst,,,,USA,USA,,,,,,,,54,JECOL,1989,77,1,1872,Jonathan,,Silvertown,Jonathan Silvertown,SE,SE,NoInst,,,,UK,GBR,,,,,,,,55,JECOL,1989,77,1,1036,Eddy,,VanDerMeijden,Eddy VanDerMeijden,SE,SE,NoInst,,,,Netherlands,NLD,,,,,,,,56,JECOL,1989,77,1,3911,James,,White,James White,AE,AE,NoInst,,,,Ireland,IRL,,,,,,,,57,JECOL,1989,77,1,3874,D,A,Williams,D A Williams,SE,SE,NoInst,,,,UK,GBR,,,,,,,,58,JECOL,1990,78,1,2281,Mike,P,Austin,Mike P Austin,SE,SE,NoInst,,,,Australia,AUS,,,,,,,,59,JECOL,1990,78,1,1519,John,,Connolly,John Connolly,SE,SE,NoInst,,,,Ireland,IRL,,,,,,,,60,JECOL,1990,78,1,2338,M,J,Crawley,M J Crawley,SE,SE,NoInst,,,,UK,GBR,,,,,,,,61,JECOL,1990,78,1,2342,M,S,Davies,M S Davies,SE,SE,NoInst,,,,UK,GBR,,,,,,,,62,JECOL,1990,78,1,1564,John,R,Etherington,John R Etherington,AE,AE,NoInst,,,,UK,GBR,,,,,,,,63,JECOL,1990,78,1,3108,Robert,L,Jefferies,Robert L Jefferies,SE,SE,NoInst,,,,Canada,CAN,,,,,,,,64,JECOL,1990,78,1,130,Alan,J,Lack,Alan J Lack,SE,SE,NoInst,,,,UK,GBR,,,,,,,,65,JECOL,1990,78,1,1704,John,,Lee,John Lee,EIC,EIC,NoInst,,,,UK,GBR,,,,,,,,66,JECOL,1990,78,1,3395,Stephen,P,Long,Stephen P Long,SE,SE,NoInst,,,,USA,USA,,,,,,,,67,JECOL,1990,78,1,1872,Jonathan,,Silvertown,Jonathan Silvertown,SE,SE,NoInst,,,,UK,GBR,,,,,,,,68,JECOL,1990,78,1,1036,Eddy,,VanDerMeijden,Eddy VanDerMeijden,SE,SE,NoInst,,,,Netherlands,NLD,,,,,,,,69,JECOL,1990,78,1,3911,James,,White,James White,AE,AE,NoInst,,,,Ireland,IRL,,,,,,,,70,JECOL,1990,78,1,3874,D,A,Williams,D A Williams,SE,SE,NoInst,,,,UK,GBR,,,,,,,,71,JECOL,1990,78,1,1144,F,Ian,Woodward,F Ian Woodward,SE,SE,NoInst,,,,UK,GBR,,,,,,,,72,JECOL,1991,79,1,2281,Mike,P,Austin,Mike P Austin,SE,SE,NoInst,,,,Australia,AUS,,,,,,,,73,JECOL,1991,79,1,2979,Richard,W,Battarbee,Richard W Battarbee,SE,SE,NoInst,,,,UK,GBR,,,,,,,,74,JECOL,1991,79,1,644,David,R,Causton,David R Causton,SE,SE,NoInst,,,,UK,GBR,,,,,,,,75,JECOL,1991,79,1,1519,John,,Connolly,John Connolly,SE,SE,NoInst,,,,Ireland,IRL,,,,,,,,76,JECOL,1991,79,1,2338,M,J,Crawley,M J Crawley,SE,SE,NoInst,,,,UK,GBR,,,,,,,,77,JECOL,1991,79,1,2342,M,S,Davies,M S Davies,SE,SE,NoInst,,,,UK,GBR,,,,,,,,78,JECOL,1991,79,1,690,David,R,Foster,David R Foster,SE,SE,NoInst,,,,USA,USA,,,,,,,,79,JECOL,1991,79,1,89,Alan,J,Gray,Alan J Gray,SE,SE,NoInst,,,,UK,GBR,,,,,,,,80,JECOL,1991,79,1,2419,Michael,J,Hutchings,Michael J Hutchings,SE,SE,NoInst,,,,UK,GBR,,,,,,,,81,JECOL,1991,79,1,1210,George,L,Jacobson,George L Jacobson,SE,SE,NoInst,,,,USA,USA,,,,,,,,82,JECOL,1991,79,1,3108,Robert,L,Jefferies,Robert L Jefferies,SE,SE,NoInst,,,,Canada,CAN,,,,,,,,83,JECOL,1991,79,1,3851,Andrew,J,Lack,Andrew J Lack,SE,SE,NoInst,,,,UK,GBR,,,,,,,,84,JECOL,1991,79,1,2869,Peter,D,Moore,Peter D Moore,AE,AE,NoInst,,,,UK,GBR,,,,,,,,85,JECOL,1991,79,1,1872,Jonathan,,Silvertown,Jonathan Silvertown,SE,SE,NoInst,,,,UK,GBR,,,,,,,,86,JECOL,1991,79,1,1036,Eddy,,VanDerMeijden,Eddy VanDerMeijden,SE,SE,NoInst,,,,Netherlands,NLD,,,,,,,,87,JECOL,1991,79,1,3911,James,,White,James White,EIC,EIC,NoInst,,,,Ireland,IRL,,,,,,,,88,JECOL,1991,79,1,230,Arthur,J,Willis,Arthur J Willis,SE,SE,NoInst,,,,UK,GBR,,,,,,,,89,JECOL,1991,79,1,1144,F,Ian,Woodward,F Ian Woodward,SE,SE,NoInst,,,,UK,GBR,,,,,,,,90,JECOL,1992,80,1,2281,Mike,P,Austin,Mike P Austin,SE,SE,NoInst,,Canberra,,Australia,AUS,,,,,,,,91,JECOL,1992,80,1,2979,Richard,W,Battarbee,Richard W Battarbee,SE,SE,NoInst,,London,,UK,GBR,,,,,,,,92,JECOL,1992,80,1,644,David,R,Causton,David R Causton,SE,SE,NoInst,,Aberystwyth,,UK,GBR,,,,,,,,93,JECOL,1992,80,1,1519,John,,Connolly,John Connolly,SE,SE,NoInst,,Dublin,,Ireland,IRL,,,,,,,,94,JECOL,1992,80,1,2338,M,J,Crawley,M J Crawley,SE,SE,NoInst,,Ascot,,UK,GBR,,,,,,,,95,JECOL,1992,80,1,2342,M,S,Davies,M S Davies,SE,SE,NoInst,,Cardiff,,UK,GBR,,,,,,,,96,JECOL,1992,80,1,74,Alastair,H,Fitter,Alastair H Fitter,SE,SE,NoInst,,York,,UK,GBR,,,,,,,,97,JECOL,1992,80,1,690,David,R,Foster,David R Foster,SE,SE,NoInst,,Petersham,,USA,USA,,,,,,,,98,JECOL,1992,80,1,703,David,J,Gibson,David J Gibson,SE,SE,NoInst,,Pensacola,,USA,USA,,,,,,,,99,JECOL,1992,80,1,89,Alan,J,Gray,Alan J Gray,SE,SE,NoInst,,Wareham,,UK,GBR,,,,,,,,100,JECOL,1992,80,1,2419,Michael,J,Hutchings,Michael J Hutchings,SE,SE,NoInst,,Brighton,,UK,GBR,,,,,,,,101,JECOL,1992,80,1,1210,George,L,Jacobson,George L Jacobson,SE,SE,NoInst,,Orono,,USA,USA,,,,,,,,102,JECOL,1992,80,1,3108,Robert,L,Jefferies,Robert L Jefferies,SE,SE,NoInst,,Toronto,,Canada,CAN,,,,,,,,103,JECOL,1992,80,1,3851,Andrew,J,Lack,Andrew J Lack,SE,SE,NoInst,,Oxford,,UK,GBR,,,,,,,,104,JECOL,1992,80,1,1704,John,A,Lee,John A Lee,SE,SE,NoInst,,Manchester,,UK,GBR,,,,,,,,105,JECOL,1992,80,1,1872,Jonathan,,Silvertown,Jonathan Silvertown,SE,SE,NoInst,,Milton Keynes,,UK,GBR,,,,,,,,106,JECOL,1992,80,1,3234,Roy,,Turkington,Roy Turkington,SE,SE,NoInst,,Vancouver,,Canada,CAN,,,,,,,,107,JECOL,1992,80,1,1036,Eddy,,VanDerMeijden,Eddy VanDerMeijden,SE,SE,NoInst,,Leiden,,Netherlands,NLD,,,,,,,,108,JECOL,1992,80,1,1924,Jan,,VanGroenendael,Jan VanGroenendael,SE,SE,NoInst,,Wageningen,,Netherlands,NLD,,,,,,,,109,JECOL,1992,80,1,3911,James,,White,James White,EIC,EIC,University of College,Department of Botany,Dublin,,Ireland,IRL,,,,,,,,110,JECOL,1992,80,1,1144,F,Ian,Woodward,F Ian Woodward,SE,SE,NoInst,,Sheffield,,UK,GBR,,,,,,,,111,JECOL,1993,81,1,2281,Mike,P,Austin,Mike P Austin,SE,SE,NoInst,,Canberra,,Australia,AUS,,,,,,,,112,JECOL,1993,81,1,2979,Richard,W,Battarbee,Richard W Battarbee,SE,SE,NoInst,,London,,UK,GBR,,,,,,,,113,JECOL,1993,81,1,644,David,R,Causton,David R Causton,SE,SE,NoInst,,Aberystwyth,,UK,GBR,,,,,,,,114,JECOL,1993,81,1,1519,John,,Connolly,John Connolly,SE,SE,NoInst,,Dublin,,Ireland,IRL,,,,,,,,115,JECOL,1993,81,1,2338,M,J,Crawley,M J Crawley,SE,SE,NoInst,,Ascot,,UK,GBR,,,,,,,,116,JECOL,1993,81,1,2342,M,S,Davies,M S Davies,SE,SE,NoInst,,Cardiff,,UK,GBR,,,,,,,,117,JECOL,1993,81,1,74,Alastair,H,Fitter,Alastair H Fitter,AE,AE,York University,,York,,UK,GBR,,,,,,,,118,JECOL,1993,81,1,690,David,R,Foster,David R Foster,SE,SE,NoInst,,Petersham,,USA,USA,,,,,,,,119,JECOL,1993,81,1,703,David,J,Gibson,David J Gibson,SE,SE,NoInst,,Carbondale,,USA,USA,,,,,,,,120,JECOL,1993,81,1,89,Alan,J,Gray,Alan J Gray,SE,SE,NoInst,,Wareham,,UK,GBR,,,,,,,,121,JECOL,1993,81,1,2419,Michael,J,Hutchings,Michael J Hutchings,SE,SE,NoInst,,Brighton,,UK,GBR,,,,,,,,122,JECOL,1993,81,1,3108,Robert,L,Jefferies,Robert L Jefferies,SE,SE,NoInst,,Toronto,,Canada,CAN,,,,,,,,123,JECOL,1993,81,1,3851,Andrew,J,Lack,Andrew J Lack,SE,SE,NoInst,,Oxford,,UK,GBR,,,,,,,,124,JECOL,1993,81,1,1704,John,A,Lee,John A Lee,SE,SE,NoInst,,Manchester,,UK,GBR,,,,,,,,125,JECOL,1993,81,1,1872,Jonathan,,Silvertown,Jonathan Silvertown,EIC,EIC,Open Unversity,,Milton Keynes,,UK,GBR,,,,,,,,126,JECOL,1993,81,1,3234,Roy,,Turkington,Roy Turkington,SE,SE,NoInst,,Vancouver,,Canada,CAN,,,,,,,,127,JECOL,1993,81,1,1036,Eddy,,VanDerMeijden,Eddy VanDerMeijden,SE,SE,NoInst,,Leiden,,Netherlands,NLD,,,,,,,,128,JECOL,1993,81,1,1924,Jan,,VanGroenendael,Jan VanGroenendael,AE,AE,Agricultural University,,Wageningen,,Netherlands,NLD,,,,,,,,129,JECOL,1993,81,1,230,Arthur,J,Willis,Arthur J Willis,SE,SE,NoInst,,,,UK,GBR,,,,,,,,130,JECOL,1993,81,1,1144,F,Ian,Woodward,F Ian Woodward,SE,SE,NoInst,,Sheffield,,UK,GBR,,,,,,,,131,JECOL,1994,82,1,2338,M,J,Crawley,M J Crawley,SE,SE,NoInst,,Ascot,,UK,GBR,,,,,,,,132,JECOL,1994,82,1,74,Alastair,H,Fitter,Alastair H Fitter,AE,AE,York University,,York,,UK,GBR,,,,,,,,133,JECOL,1994,82,1,690,David,R,Foster,David R Foster,SE,SE,NoInst,,Petersham,,USA,USA,,,,,,,,134,JECOL,1994,82,1,703,David,J,Gibson,David J Gibson,SE,SE,NoInst,,Carbondale,,USA,USA,,,,,,,,135,JECOL,1994,82,1,89,Alan,J,Gray,Alan J Gray,SE,SE,NoInst,,Wareham,,UK,GBR,,,,,,,,136,JECOL,1994,82,1,2419,Michael,J,Hutchings,Michael J Hutchings,SE,SE,NoInst,,Brighton,,UK,GBR,,,,,,,,137,JECOL,1994,82,1,3108,Robert,L,Jefferies,Robert L Jefferies,SE,SE,NoInst,,Toronto,,Canada,CAN,,,,,,,,138,JECOL,1994,82,1,3851,Andrew,J,Lack,Andrew J Lack,SE,SE,NoInst,,Oxford,,UK,GBR,,,,,,,,139,JECOL,1994,82,1,1704,John,A,Lee,John A Lee,SE,SE,NoInst,,Manchester,,UK,GBR,,,,,,,,140,JECOL,1994,82,1,2869,Peter,D,Moore,Peter D Moore,SE,SE,NoInst,,London,,UK,GBR,,,,,,,,141,JECOL,1994,82,1,351,Bernhard,,Schmid,Bernhard Schmid,SE,SE,NoInst,,Zurich,,Switzerland,CHE,,,,,,,,142,JECOL,1994,82,1,1872,Jonathan,,Silvertown,Jonathan Silvertown,EIC,EIC,Open Unversity,,Milton Keynes,,UK,GBR,,,,,,,,143,JECOL,1994,82,1,3234,Roy,,Turkington,Roy Turkington,SE,SE,NoInst,,Vancouver,,Canada,CAN,,,,,,,,144,JECOL,1994,82,1,1924,Jan,,VanGroenendael,Jan VanGroenendael,AE,AE,Agricultural University,,Wageningen,,Netherlands,NLD,,,,,,,,145,JECOL,1994,82,1,2611,Mark,,Williamson,Mark Williamson,SE,SE,NoInst,,York,,UK,GBR,,,,,,,,146,JECOL,1994,82,1,230,Arthur,J,Willis,Arthur J Willis,SE,SE,NoInst,,,,UK,GBR,,,,,,,,147,JECOL,1994,82,1,1144,F,Ian,Woodward,F Ian Woodward,SE,SE,NoInst,,Sheffield,,UK,GBR,,,,,,,,148,JECOL,1995,83,1,2364,Michael,,Fenner,Michael Fenner,SE,SE,NoInst,,Southampton,,UK,GBR,,,,,,,,149,JECOL,1995,83,1,74,Alastair,H,Fitter,Alastair H Fitter,AE,AE,York University,,York,,UK,GBR,,,,,,,,150,JECOL,1995,83,1,703,David,J,Gibson,David J Gibson,SE,SE,NoInst,,Carbondale,,USA,USA,,,,,,,,151,JECOL,1995,83,1,89,Alan,J,Gray,Alan J Gray,SE,SE,NoInst,,Wareham,,UK,GBR,,,,,,,,152,JECOL,1995,83,1,2175,Laura,,Huenneke,Laura Huenneke,SE,SE,NoInst,,New Mexico,,USA,USA,,,,,,,,153,JECOL,1995,83,1,2419,Michael,J,Hutchings,Michael J Hutchings,SE,SE,NoInst,,Brighton,,UK,GBR,,,,,,,,154,JECOL,1995,83,1,3108,Robert,L,Jefferies,Robert L Jefferies,SE,SE,NoInst,,Toronto,,Canada,CAN,,,,,,,,155,JECOL,1995,83,1,3374,Susan,,Kalisz,Susan Kalisz,SE,SE,NoInst,,Hickory Coners,,USA,USA,,,,,,,,156,JECOL,1995,83,1,3851,Andrew,J,Lack,Andrew J Lack,SE,SE,NoInst,,Oxford,,UK,GBR,,,,,,,,157,JECOL,1995,83,1,1704,John,A,Lee,John A Lee,SE,SE,NoInst,,Sheffield,,UK,GBR,,,,,,,,158,JECOL,1995,83,1,2869,Peter,D,Moore,Peter D Moore,SE,SE,NoInst,,London,,UK,GBR,,,,,,,,159,JECOL,1995,83,1,2070,Kurt,S,Pregitzer,Kurt S Pregitzer,SE,SE,NoInst,,Houghton,,USA,USA,,,,,,,,160,JECOL,1995,83,1,1349,Honor,C,Prentice,Honor C Prentice,SE,SE,NoInst,,Lund,,Sweden,SWE,,,,,,,,161,JECOL,1995,83,1,351,Bernhard,,Schmid,Bernhard Schmid,SE,SE,NoInst,,Zurich,,Switzerland,CHE,,,,,,,,162,JECOL,1995,83,1,1872,Jonathan,,Silvertown,Jonathan Silvertown,EIC,EIC,Open University,,Milton Keynes,,UK,GBR,,,,,,,,163,JECOL,1995,83,1,3234,Roy,,Turkington,Roy Turkington,SE,SE,NoInst,,Vancouver,,Canada,CAN,,,,,,,,164,JECOL,1995,83,1,1924,Jan,,VanGroenendael,Jan VanGroenendael,AE,AE,Agricultural University,,Wageningen,,Netherlands,NLD,,,,,,,,165,JECOL,1995,83,1,2611,Mark,,Williamson,Mark Williamson,SE,SE,NoInst,,York,,UK,GBR,,,,,,,,166,JECOL,1995,83,1,230,Arthur,J,Willis,Arthur J Willis,SE,SE,NoInst,,,,UK,GBR,,,,,,,,167,JECOL,1995,83,1,1144,F,Ian,Woodward,F Ian Woodward,SE,SE,NoInst,,Sheffield,,UK,GBR,,,,,,,,168,JECOL,1996,84,1,50,Anthony,J,Davy,Anthony J Davy,SE,SE,NoInst,,Norwich,,UK,GBR,,,,,,,,169,JECOL,1996,84,1,2364,Michael,,Fenner,Michael Fenner,SE,SE,NoInst,,Southampton,,UK,GBR,,,,,,,,170,JECOL,1996,84,1,74,Alastair,H,Fitter,Alastair H Fitter,AE,AE,York University,,,,UK,GBR,,,,,,,,171,JECOL,1996,84,1,703,David,J,Gibson,David J Gibson,SE,SE,NoInst,,Carbondale,,USA,USA,,,,,,,,172,JECOL,1996,84,1,89,Alan,J,Gray,Alan J Gray,SE,SE,NoInst,,Wareham,,UK,GBR,,,,,,,,173,JECOL,1996,84,1,2175,Laura,,Huenneke,Laura Huenneke,SE,SE,NoInst,,New Mexico,,USA,USA,,,,,,,,174,JECOL,1996,84,1,2419,Michael,J,Hutchings,Michael J Hutchings,SE,SE,NoInst,,Brighton,,UK,GBR,,,,,,,,175,JECOL,1996,84,1,3108,Robert,L,Jefferies,Robert L Jefferies,SE,SE,NoInst,,Toronto,,Canada,CAN,,,,,,,,176,JECOL,1996,84,1,3374,Susan,,Kalisz,Susan Kalisz,SE,SE,NoInst,,Pittsburgh,,USA,USA,,,,,,,,177,JECOL,1996,84,1,3851,Andrew,J,Lack,Andrew J Lack,SE,SE,NoInst,,Oxford,,UK,GBR,,,,,,,,178,JECOL,1996,84,1,1704,John,A,Lee,John A Lee,SE,SE,NoInst,,Sheffield,,UK,GBR,,,,,,,,179,JECOL,1996,84,1,2869,Peter,D,Moore,Peter D Moore,SE,SE,NoInst,,London,,UK,GBR,,,,,,,,180,JECOL,1996,84,1,2070,Kurt,S,Pregitzer,Kurt S Pregitzer,SE,SE,NoInst,,Houghton,,USA,USA,,,,,,,,181,JECOL,1996,84,1,1349,Honor,C,Prentice,Honor C Prentice,SE,SE,NoInst,,Lund,,Sweden,SWE,,,,,,,,182,JECOL,1996,84,1,2524,Malcolm,C,Press,Malcolm C Press,SE,SE,NoInst,,Sheffield,,UK,GBR,,,,,,,,183,JECOL,1996,84,1,351,Bernhard,,Schmid,Bernhard Schmid,SE,SE,NoInst,,Zurich,,Switzerland,CHE,,,,,,,,184,JECOL,1996,84,1,1872,Jonathan,,Silvertown,Jonathan Silvertown,EIC,EIC,Open University,,Milton Keynes,,UK,GBR,,,,,,,,185,JECOL,1996,84,1,2104,Ken,,Thompson,Ken Thompson,SE,SE,NoInst,,Sheffield,,UK,GBR,,,,,,,,186,JECOL,1996,84,1,3234,Roy,,Turkington,Roy Turkington,SE,SE,NoInst,,Vancouver,,Canada,CAN,,,,,,,,187,JECOL,1996,84,1,1924,Jan,,VanGroenendael,Jan VanGroenendael,AE,AE,Agricultural University,,Wageningen,,Netherlands,NLD,,,,,,,,188,JECOL,1996,84,1,2611,Mark,,Williamson,Mark Williamson,SE,SE,NoInst,,York,,UK,GBR,,,,,,,,189,JECOL,1996,84,1,230,Arthur,J,Willis,Arthur J Willis,SE,SE,NoInst,,,,UK,GBR,,,,,,,,190,JECOL,1996,84,1,1144,F,Ian,Woodward,F Ian Woodward,SE,SE,NoInst,,sheffield,,UK,GBR,,,,,,,,191,JECOL,1997,85,1,50,Anthony,J,Davy,Anthony J Davy,AE,AE,University of East Anglia,,Norwich,,UK,GBR,,,,,,,,192,JECOL,1997,85,1,2364,Michael,,Fenner,Michael Fenner,SE,SE,NoInst,,Southampton,,UK,GBR,,,,,,,,193,JECOL,1997,85,1,74,Alastair,H,Fitter,Alastair H Fitter,SE,SE,NoInst,,York,,UK,GBR,,,,,,,,194,JECOL,1997,85,1,703,David,J,Gibson,David J Gibson,SE,SE,NoInst,,Carbondale,,USA,USA,,,,,,,,195,JECOL,1997,85,1,89,Alan,J,Gray,Alan J Gray,SE,SE,NoInst,,Wareham,,UK,GBR,,,,,,,,196,JECOL,1997,85,1,3562,Toshihiko,,Hara,Toshihiko Hara,SE,SE,NoInst,,Hokkaido,,Japan,JPN,,,,,,,,197,JECOL,1997,85,1,2175,Laura,,Huenneke,Laura Huenneke,SE,SE,NoInst,,New Mexico,,USA,USA,,,,,,,,198,JECOL,1997,85,1,2419,Michael,J,Hutchings,Michael J Hutchings,SE,SE,NoInst,,Brighton,,UK,GBR,,,,,,,,199,JECOL,1997,85,1,3108,Robert,L,Jefferies,Robert L Jefferies,SE,SE,NoInst,,,,Canada,CAN,,,,,,,,200,JECOL,1997,85,1,3374,Susan,,Kalisz,Susan Kalisz,SE,SE,NoInst,,Pittsburgh,,USA,USA,,,,,,,,201,JECOL,1997,85,1,2849,Peter,,Klinkhamer,Peter Klinkhamer,SE,SE,NoInst,,Leiden,,Netherlands,NLD,,,,,,,,202,JECOL,1997,85,1,3851,Andrew,J,Lack,Andrew J Lack,SE,SE,NoInst,,Oxford,,UK,GBR,,,,,,,,203,JECOL,1997,85,1,3385,Sandra,,Lavorel,Sandra Lavorel,SE,SE,NoInst,,Montpellier,,France,FRA,,,,,,,,204,JECOL,1997,85,1,1704,John,A,Lee,John A Lee,SE,SE,NoInst,,Sheffield,,UK,GBR,,,,,,,,205,JECOL,1997,85,1,2869,Peter,D,Moore,Peter D Moore,SE,SE,NoInst,,London,,UK,GBR,,,,,,,,206,JECOL,1997,85,1,2070,Kurt,S,Pregitzer,Kurt S Pregitzer,SE,SE,NoInst,,Houghton,,USA,USA,,,,,,,,207,JECOL,1997,85,1,1349,Honor,C,Prentice,Honor C Prentice,SE,SE,NoInst,,Lund,,Sweden,SWE,,,,,,,,208,JECOL,1997,85,1,2524,Malcolm,C,Press,Malcolm C Press,SE,SE,NoInst,,Sheffield,,UK,GBR,,,,,,,,209,JECOL,1997,85,1,351,Bernhard,,Schmid,Bernhard Schmid,SE,SE,NoInst,,Zurich,,Switzerland,CHE,,,,,,,,210,JECOL,1997,85,1,1872,Jonathan,,Silvertown,Jonathan Silvertown,EIC,EIC,Open University,,Milton Keynes,,UK,GBR,,,,,,,,211,JECOL,1997,85,1,2104,Ken,,Thompson,Ken Thompson,SE,SE,NoInst,,Sheffield,,UK,GBR,,,,,,,,212,JECOL,1997,85,1,3234,Roy,,Turkington,Roy Turkington,SE,SE,NoInst,,Vancouver,,Canada,CAN,,,,,,,,213,JECOL,1997,85,1,1924,Jan,,VanGroenendael,Jan VanGroenendael,AE,AE,Catholic University,,Nijmegen,,Netherlands,NLD,,,,,,,,214,JECOL,1997,85,1,1945,Jacob,,Weiner,Jacob Weiner,SE,SE,NoInst,,Copenhagen,,Denmark,DNK,,,,,,,,215,JECOL,1997,85,1,2611,Mark,,Williamson,Mark Williamson,SE,SE,NoInst,,York,,UK,GBR,,,,,,,,216,JECOL,1997,85,1,230,Arthur,J,Willis,Arthur J Willis,SE,SE,NoInst,,,,UK,GBR,,,,,,,,217,JECOL,1997,85,1,1144,F,Ian,Woodward,F Ian Woodward,SE,SE,NoInst,,Sheffield,,UK,GBR,,,,,,,,218,JECOL,1998,86,1,3276,Spencer,CH,Barrett,Spencer CH Barrett,SE,SE,NoInst,,,,Canada,CAN,,,,,,,,219,JECOL,1998,86,1,50,Anthony,J,Davy,Anthony J Davy,AE,AE,Univeristy of East Anglia,,Norwich,,UK,GBR,,,,,,,,220,JECOL,1998,86,1,2364,Michael,,Fenner,Michael Fenner,SE,SE,NoInst,,Southampton,,UK,GBR,,,,,,,,221,JECOL,1998,86,1,74,Alastair,H,Fitter,Alastair H Fitter,SE,SE,NoInst,,York,,UK,GBR,,,,,,,,222,JECOL,1998,86,1,703,David,J,Gibson,David J Gibson,SE,SE,NoInst,,Carbondale,,USA,USA,,,,,,,,223,JECOL,1998,86,1,89,Alan,J,Gray,Alan J Gray,SE,SE,NoInst,,Wareham,,UK,GBR,,,,,,,,224,JECOL,1998,86,1,3562,Toshihiko,,Hara,Toshihiko Hara,SE,SE,NoInst,,Hokkaido,,Japan,JPN,,,,,,,,225,JECOL,1998,86,1,2175,Laura,,Huenneke,Laura Huenneke,SE,SE,NoInst,,New Mexico,,USA,USA,,,,,,,,226,JECOL,1998,86,1,2419,Michael,J,Hutchings,Michael J Hutchings,SE,SE,NoInst,,Brighton,,UK,GBR,,,,,,,,227,JECOL,1998,86,1,3108,Robert,L,Jefferies,Robert L Jefferies,SE,SE,NoInst,,Toronto,,Canada,CAN,,,,,,,,228,JECOL,1998,86,1,3374,Susan,,Kalisz,Susan Kalisz,SE,SE,NoInst,,Pittsburgh,,USA,USA,,,,,,,,229,JECOL,1998,86,1,2849,Peter,,Klinkhamer,Peter Klinkhamer,SE,SE,NoInst,,Leiden,,Netherlands,NLD,,,,,,,,230,JECOL,1998,86,1,3851,Andrew,J,Lack,Andrew J Lack,SE,SE,NoInst,,Oxford,,UK,GBR,,,,,,,,231,JECOL,1998,86,1,3385,Sandra,,Lavorel,Sandra Lavorel,SE,SE,NoInst,,Montpellier,,France,FRA,,,,,,,,232,JECOL,1998,86,1,1704,John,A,Lee,John A Lee,SE,SE,NoInst,,Sheffield,,UK,GBR,,,,,,,,233,JECOL,1998,86,1,2869,Peter,D,Moore,Peter D Moore,SE,SE,NoInst,,London,,UK,GBR,,,,,,,,234,JECOL,1998,86,1,2070,Kurt,S,Pregitzer,Kurt S Pregitzer,SE,SE,NoInst,,Houghton,,USA,USA,,,,,,,,235,JECOL,1998,86,1,1349,Honor,C,Prentice,Honor C Prentice,SE,SE,NoInst,,Lund,,Sweden,SWE,,,,,,,,236,JECOL,1998,86,1,2524,Malcolm,C,Press,Malcolm C Press,SE,SE,NoInst,,Sheffield,,UK,GBR,,,,,,,,237,JECOL,1998,86,1,1416,Ian,,Sanders,Ian Sanders,SE,SE,NoInst,,Basel,,Switzerland,CHE,,,,,,,,238,JECOL,1998,86,1,351,Bernhard,,Schmid,Bernhard Schmid,SE,SE,NoInst,,Zurich,,Switzerland,CHE,,,,,,,,239,JECOL,1998,86,1,1872,Jonathan,,Silvertown,Jonathan Silvertown,EIC,EIC,Open University,,Milton Keynes,,UK,GBR,,,,,,,,240,JECOL,1998,86,1,2104,Ken,,Thompson,Ken Thompson,SE,SE,NoInst,,Sheffield,,UK,GBR,,,,,,,,241,JECOL,1998,86,1,3234,Roy,,Turkington,Roy Turkington,SE,SE,NoInst,,Vancouver,,Canada,CAN,,,,,,,,242,JECOL,1998,86,1,1924,Jan,,VanGroenendael,Jan VanGroenendael,AE,AE,Catholic University,,Nijmegen,,Netherlands,NLD,,,,,,,,243,JECOL,1998,86,1,1945,Jacob,,Weiner,Jacob Weiner,SE,SE,NoInst,,Copenhagen,,Denmark,DNK,,,,,,,,244,JECOL,1998,86,1,2611,Mark,,Williamson,Mark Williamson,SE,SE,NoInst,,York,,UK,GBR,,,,,,,,245,JECOL,1998,86,1,230,Arthur,J,Willis,Arthur J Willis,SE,SE,NoInst,,,,UK,GBR,,,,,,,,246,JECOL,1998,86,1,1144,F,Ian,Woodward,F Ian Woodward,SE,SE,NoInst,,Sheffield,,UK,GBR,,,,,,,,247,JECOL,1998,86,1,3506,S,Joseph,Wright,S Joseph Wright,SE,SE,NoInst,,Balboa,,Panama,PAN,,,,,,,,248,JECOL,1999,87,1,3276,Spencer,CH,Barrett,Spencer CH Barrett,SE,SE,NoInst,,,,Canada,CAN,,,,,,,,249,JECOL,1999,87,1,50,Anthony,J,Davy,Anthony J Davy,EIC,EIC,Univeristy of East Anglia,,Norwich,,UK,GBR,,,,,,,,250,JECOL,1999,87,1,2364,Michael,,Fenner,Michael Fenner,SE,SE,NoInst,,Southampton,,UK,GBR,,,,,,,,251,JECOL,1999,87,1,703,David,J,Gibson,David J Gibson,AE,AE,Southern Illinois University,,Carbondale,,USA,USA,,,,,,,,252,JECOL,1999,87,1,703,David,J,Gibson,David J Gibson,SE,SE,NoInst,,Carbondale,,USA,USA,,,,,,,,253,JECOL,1999,87,1,89,Alan,J,Gray,Alan J Gray,SE,SE,NoInst,,Wareham,,UK,GBR,,,,,,,,254,JECOL,1999,87,1,3562,Toshihiko,,Hara,Toshihiko Hara,SE,SE,NoInst,,Hokkaido,,Japan,JPN,,,,,,,,255,JECOL,1999,87,1,2419,Michael,J,Hutchings,Michael J Hutchings,AE,AE,University of Sussex,,Brighton,,UK,GBR,,,,,,,,256,JECOL,1999,87,1,2419,Michael,J,Hutchings,Michael J Hutchings,SE,SE,NoInst,,Brighton,,UK,GBR,,,,,,,,257,JECOL,1999,87,1,3108,Robert,L,Jefferies,Robert L Jefferies,SE,SE,NoInst,,Toronto,,Canada,CAN,,,,,,,,258,JECOL,1999,87,1,3374,Susan,,Kalisz,Susan Kalisz,SE,SE,NoInst,,Pittsburg,,USA,USA,,,,,,,,259,JECOL,1999,87,1,2849,Peter,,Klinkhamer,Peter Klinkhamer,SE,SE,NoInst,,Leiden,,Netherlands,NLD,,,,,,,,260,JECOL,1999,87,1,3385,Sandra,,Lavorel,Sandra Lavorel,SE,SE,NoInst,,Montpellier,,France,FRA,,,,,,,,261,JECOL,1999,87,1,1704,John,A,Lee,John A Lee,SE,SE,NoInst,,Sheffield,,UK,GBR,,,,,,,,262,JECOL,1999,87,1,2869,Peter,D,Moore,Peter D Moore,SE,SE,NoInst,,London,,UK,GBR,,,,,,,,263,JECOL,1999,87,1,1349,Honor,C,Prentice,Honor C Prentice,SE,SE,NoInst,,Lund,,Sweden,SWE,,,,,,,,264,JECOL,1999,87,1,2524,Malcolm,C,Press,Malcolm C Press,SE,SE,NoInst,,Sheffield,,UK,GBR,,,,,,,,265,JECOL,1999,87,1,1416,Ian,,Sanders,Ian Sanders,SE,SE,NoInst,,Basel,,Switzerland,CHE,,,,,,,,266,JECOL,1999,87,1,351,Bernhard,,Schmid,Bernhard Schmid,SE,SE,NoInst,,Zurich,,Switzerland,CHE,,,,,,,,267,JECOL,1999,87,1,2104,Ken,,Thompson,Ken Thompson,SE,SE,NoInst,,Sheffield,,UK,GBR,,,,,,,,268,JECOL,1999,87,1,3234,Roy,,Turkington,Roy Turkington,SE,SE,NoInst,,Vancouver,,Canada,CAN,,,,,,,,269,JECOL,1999,87,1,1945,Jacob,,Weiner,Jacob Weiner,SE,SE,NoInst,,Copenhagen,,Denmark,DNK,,,,,,,,270,JECOL,1999,87,1,2611,Mark,,Williamson,Mark Williamson,SE,SE,NoInst,,York,,UK,GBR,,,,,,,,271,JECOL,1999,87,1,230,Arthur,J,Willis,Arthur J Willis,SE,SE,NoInst,,,,UK,GBR,,,,,,,,272,JECOL,1999,87,1,1144,F,Ian,Woodward,F Ian Woodward,SE,SE,NoInst,,Sheffield,,UK,GBR,,,,,,,,273,JECOL,1999,87,1,3506,S,Joseph,Wright,S Joseph Wright,SE,SE,NoInst,,Balboa,,Panama,PAN,,,,,,,,274,JECOL,2000,88,1,2751,Paul,,Adam,Paul Adam,SE,SE,NoInst,,Sydney,,Australia,AUS,,,,,,,,275,JECOL,2000,88,1,2753,Peter,,Alpert,Peter Alpert,SE,SE,NoInst,,Amherst,,USA,USA,,,,,,,,276,JECOL,2000,88,1,3276,Spencer,CH,Barrett,Spencer CH Barrett,SE,SE,NoInst,,Toronto,,Canada,CAN,,,,,,,,277,JECOL,2000,88,1,50,Anthony,J,Davy,Anthony J Davy,EIC,EIC,Univeristy of East Anglia,,Norwich,,UK,GBR,,,,,,,,278,JECOL,2000,88,1,2364,Michael,,Fenner,Michael Fenner,SE,SE,NoInst,,Southampton,,UK,GBR,,,,,,,,279,JECOL,2000,88,1,703,David,J,Gibson,David J Gibson,AE,AE,Southern Illinois University,,Carbondale,,USA,USA,,,,,,,,280,JECOL,2000,88,1,89,Alan,J,Gray,Alan J Gray,SE,SE,NoInst,,Wareham,,UK,GBR,,,,,,,,281,JECOL,2000,88,1,3562,Toshihiko,,Hara,Toshihiko Hara,SE,SE,NoInst,,Hokkaido,,Japan,JPN,,,,,,,,282,JECOL,2000,88,1,2419,Michael,J,Hutchings,Michael J Hutchings,AE,AE,University of Sussex,,Brighton,,UK,GBR,,,,,,,,283,JECOL,2000,88,1,3108,Robert,L,Jefferies,Robert L Jefferies,SE,SE,NoInst,,Toronto,,Canada,CAN,,,,,,,,284,JECOL,2000,88,1,3374,Susan,,Kalisz,Susan Kalisz,SE,SE,NoInst,,Pittsburg,,USA,USA,,,,,,,,285,JECOL,2000,88,1,2849,Peter,,Klinkhamer,Peter Klinkhamer,SE,SE,NoInst,,Leiden,,Netherlands,NLD,,,,,,,,286,JECOL,2000,88,1,3762,William,K,Lauenroth,William K Lauenroth,SE,SE,NoInst,,Fort Collins,,USA,USA,,,,,,,,287,JECOL,2000,88,1,3385,Sandra,,Lavorel,Sandra Lavorel,SE,SE,NoInst,,Montpellier,,France,FRA,,,,,,,,288,JECOL,2000,88,1,1704,John,A,Lee,John A Lee,SE,SE,NoInst,,Sheffield,,UK,GBR,,,,,,,,289,JECOL,2000,88,1,2869,Peter,D,Moore,Peter D Moore,SE,SE,NoInst,,London,,UK,GBR,,,,,,,,290,JECOL,2000,88,1,553,Chris,J,Peterson,Chris J Peterson,SE,SE,NoInst,,Athens,,USA,USA,,,,,,,,291,JECOL,2000,88,1,1349,Honor,C,Prentice,Honor C Prentice,SE,SE,NoInst,,Lund,,Sweden,SWE,,,,,,,,292,JECOL,2000,88,1,2524,Malcolm,C,Press,Malcolm C Press,SE,SE,NoInst,,Sheffield,,UK,GBR,,,,,,,,293,JECOL,2000,88,1,1416,Ian,,Sanders,Ian Sanders,SE,SE,NoInst,,Basel,,Switzerland,CHE,,,,,,,,294,JECOL,2000,88,1,351,Bernhard,,Schmid,Bernhard Schmid,SE,SE,NoInst,,Zurich,,Switzerland,CHE,,,,,,,,295,JECOL,2000,88,1,2104,Ken,,Thompson,Ken Thompson,SE,SE,NoInst,,Sheffield,,UK,GBR,,,,,,,,296,JECOL,2000,88,1,3234,Roy,,Turkington,Roy Turkington,SE,SE,NoInst,,Vancouver,,Canada,CAN,,,,,,,,297,JECOL,2000,88,1,1945,Jacob,,Weiner,Jacob Weiner,SE,SE,NoInst,,Copenhagen,,Denmark,DNK,,,,,,,,298,JECOL,2000,88,1,2611,Mark,,Williamson,Mark Williamson,SE,SE,NoInst,,York,,UK,GBR,,,,,,,,299,JECOL,2000,88,1,230,Arthur,J,Willis,Arthur J Willis,SE,SE,NoInst,,,,UK,GBR,,,,,,,,300,JECOL,2000,88,1,1144,F,Ian,Woodward,F Ian Woodward,SE,SE,NoInst,,Sheffield,,UK,GBR,,,,,,,,301,JECOL,2000,88,1,3506,S,Joseph,Wright,S Joseph Wright,SE,SE,NoInst,,Balboa,,Panama,PAN,,,,,,,,302,JECOL,2001,89,1,2751,Paul,,Adam,Paul Adam,SE,SE,NoInst,,Sydney,,Australia,AUS,,,,,,,,303,JECOL,2001,89,1,2753,Peter,,Alpert,Peter Alpert,SE,SE,NoInst,,Amherst,,USA,USA,,,,,,,,304,JECOL,2001,89,1,3276,Spencer,CH,Barrett,Spencer CH Barrett,SE,SE,NoInst,,Toronto,,Canada,CAN,,,,,,,,305,JECOL,2001,89,1,50,Anthony,J,Davy,Anthony J Davy,EIC,EIC,Univeristy of East Anglia,,Norwich,,UK,GBR,,,,,,,,306,JECOL,2001,89,1,2364,Michael,,Fenner,Michael Fenner,SE,SE,NoInst,,Southampton,,UK,GBR,,,,,,,,307,JECOL,2001,89,1,703,David,J,Gibson,David J Gibson,AE,AE,Southern Illinois University,,Carbondale,,USA,USA,,,,,,,,308,JECOL,2001,89,1,89,Alan,J,Gray,Alan J Gray,SE,SE,NoInst,,Wareham,,UK,GBR,,,,,,,,309,JECOL,2001,89,1,3562,Toshihiko,,Hara,Toshihiko Hara,SE,SE,NoInst,,Hokkaido,,Japan,JPN,,,,,,,,310,JECOL,2001,89,1,2419,Michael,J,Hutchings,Michael J Hutchings,AE,AE,University of Sussex,,Brighton,,UK,GBR,,,,,,,,311,JECOL,2001,89,1,3108,Robert,L,Jefferies,Robert L Jefferies,SE,SE,NoInst,,Toronto,,Canada,CAN,,,,,,,,312,JECOL,2001,89,1,2849,Peter,,Klinkhamer,Peter Klinkhamer,SE,SE,NoInst,,Leiden,,Netherlands,NLD,,,,,,,,313,JECOL,2001,89,1,3762,William,K,Lauenroth,William K Lauenroth,SE,SE,NoInst,,Fort Collins,,USA,USA,,,,,,,,314,JECOL,2001,89,1,3385,Sandra,,Lavorel,Sandra Lavorel,SE,SE,NoInst,,Montpellier,,France,FRA,,,,,,,,315,JECOL,2001,89,1,1704,John,A,Lee,John A Lee,SE,SE,NoInst,,Sheffield,,UK,GBR,,,,,,,,316,JECOL,2001,89,1,2869,Peter,D,Moore,Peter D Moore,SE,SE,NoInst,,London,,UK,GBR,,,,,,,,317,JECOL,2001,89,1,553,Chris,J,Peterson,Chris J Peterson,SE,SE,NoInst,,Athens,,USA,USA,,,,,,,,318,JECOL,2001,89,1,1349,Honor,C,Prentice,Honor C Prentice,SE,SE,NoInst,,Lund,,Sweden,SWE,,,,,,,,319,JECOL,2001,89,1,2524,Malcolm,C,Press,Malcolm C Press,SE,SE,NoInst,,Sheffield,,UK,GBR,,,,,,,,320,JECOL,2001,89,1,1416,Ian,,Sanders,Ian Sanders,SE,SE,NoInst,,Lausanne,,Switzerland,CHE,,,,,,,,321,JECOL,2001,89,1,351,Bernhard,,Schmid,Bernhard Schmid,SE,SE,NoInst,,Zurich,,Switzerland,CHE,,,,,,,,322,JECOL,2001,89,1,2104,Ken,,Thompson,Ken Thompson,SE,SE,NoInst,,Sheffield,,UK,GBR,,,,,,,,323,JECOL,2001,89,1,3234,Roy,,Turkington,Roy Turkington,SE,SE,NoInst,,Vancouver,,Canada,CAN,,,,,,,,324,JECOL,2001,89,1,1945,Jacob,,Weiner,Jacob Weiner,SE,SE,NoInst,,Copenhagen,,Denmark,DNK,,,,,,,,325,JECOL,2001,89,1,2611,Mark,,Williamson,Mark Williamson,SE,SE,NoInst,,York,,UK,GBR,,,,,,,,326,JECOL,2001,89,1,230,Arthur,J,Willis,Arthur J Willis,SE,SE,NoInst,,,,UK,GBR,,,,,,,,327,JECOL,2001,89,1,1144,F,Ian,Woodward,F Ian Woodward,SE,SE,NoInst,,Sheffield,,UK,GBR,,,,,,,,328,JECOL,2001,89,1,3506,S,Joseph,Wright,S Joseph Wright,SE,SE,NoInst,,Balboa,,Panama,PAN,,,,,,,,329,JECOL,2002,90,1,2751,Paul,,Adam,Paul Adam,SE,SE,NoInst,,Sydney,,Australia,AUS,,,,,,,,330,JECOL,2002,90,1,2753,Peter,,Alpert,Peter Alpert,SE,SE,NoInst,,Amherst,,USA,USA,,,,,,,,331,JECOL,2002,90,1,3276,Spencer,CH,Barrett,Spencer CH Barrett,SE,SE,NoInst,,Toronto,,Canada,CAN,,,,,,,,332,JECOL,2002,90,1,639,David,,Burslem,David Burslem,SE,SE,NoInst,,Aberdeen,,UK,GBR,,,,,,,,333,JECOL,2002,90,1,50,Anthony,J,Davy,Anthony J Davy,EIC,EIC,Univeristy of East Anglia,,Norwich,,UK,GBR,,,,,,,,334,JECOL,2002,90,1,1296,Hans,,DeKroon,Hans DeKroon,SE,SE,NoInst,,Nijmegen,,Netherlands,NLD,,,,,,,,335,JECOL,2002,90,1,703,David,J,Gibson,David J Gibson,AE,AE,Southern Illinois University,,Carbondale,,USA,USA,,,,,,,,336,JECOL,2002,90,1,89,Alan,J,Gray,Alan J Gray,SE,SE,NoInst,,Wareham,,UK,GBR,,,,,,,,337,JECOL,2002,90,1,3562,Toshihiko,,Hara,Toshihiko Hara,SE,SE,NoInst,,Hokkaido,,Japan,JPN,,,,,,,,338,JECOL,2002,90,1,3353,Sue,E,Hartley,Sue E Hartley,SE,SE,NoInst,,Brighton,,UK,GBR,,,,,,,,339,JECOL,2002,90,1,2419,Michael,J,Hutchings,Michael J Hutchings,AE,AE,University of Sussex,,Brighton,,UK,GBR,,,,,,,,340,JECOL,2002,90,1,3108,Robert,L,Jefferies,Robert L Jefferies,SE,SE,NoInst,,Toronto,,Canada,CAN,,,,,,,,341,JECOL,2002,90,1,2849,Peter,,Klinkhamer,Peter Klinkhamer,SE,SE,NoInst,,Leiden,,Netherlands,NLD,,,,,,,,342,JECOL,2002,90,1,3762,William,K,Lauenroth,William K Lauenroth,SE,SE,NoInst,,Fort Collins,,USA,USA,,,,,,,,343,JECOL,2002,90,1,3385,Sandra,,Lavorel,Sandra Lavorel,SE,SE,NoInst,,Montpellier,,France,FRA,,,,,,,,344,JECOL,2002,90,1,1704,John,A,Lee,John A Lee,SE,SE,NoInst,,Sheffield,,UK,GBR,,,,,,,,345,JECOL,2002,90,1,2869,Peter,D,Moore,Peter D Moore,SE,SE,NoInst,,London,,UK,GBR,,,,,,,,346,JECOL,2002,90,1,553,Chris,J,Peterson,Chris J Peterson,SE,SE,NoInst,,Athens,,USA,USA,,,,,,,,347,JECOL,2002,90,1,1349,Honor,C,Prentice,Honor C Prentice,SE,SE,NoInst,,Lund,,Sweden,SWE,,,,,,,,348,JECOL,2002,90,1,2524,Malcolm,C,Press,Malcolm C Press,SE,SE,NoInst,,Sheffield,,UK,GBR,,,,,,,,349,JECOL,2002,90,1,1416,Ian,,Sanders,Ian Sanders,SE,SE,NoInst,,Lausanne,,Switzerland,CHE,,,,,,,,350,JECOL,2002,90,1,351,Bernhard,,Schmid,Bernhard Schmid,SE,SE,NoInst,,Zurich,,Switzerland,CHE,,,,,,,,351,JECOL,2002,90,1,2104,Ken,,Thompson,Ken Thompson,SE,SE,NoInst,,Sheffield,,UK,GBR,,,,,,,,352,JECOL,2002,90,1,3234,Roy,,Turkington,Roy Turkington,SE,SE,NoInst,,Vancouver,,Canada,CAN,,,,,,,,353,JECOL,2002,90,1,1945,Jacob,,Weiner,Jacob Weiner,SE,SE,NoInst,,Copenhagen,,Denmark,DNK,,,,,,,,354,JECOL,2002,90,1,2611,Mark,,Williamson,Mark Williamson,SE,SE,NoInst,,York,,UK,GBR,,,,,,,,355,JECOL,2002,90,1,230,Arthur,J,Willis,Arthur J Willis,SE,SE,NoInst,,,,UK,GBR,,,,,,,,356,JECOL,2002,90,1,1144,F,Ian,Woodward,F Ian Woodward,SE,SE,NoInst,,Sheffield,,UK,GBR,,,,,,,,357,JECOL,2002,90,1,3506,S,Joseph,Wright,S Joseph Wright,SE,SE,NoInst,,Balboa,,Panama,PAN,,,,,,,,358,JECOL,2003,91,1,2751,Paul,,Adam,Paul Adam,SE,SE,NoInst,,Sydney,,Australia,AUS,,,,,,,,359,JECOL,2003,91,1,2753,Peter,,Alpert,Peter Alpert,SE,SE,NoInst,,Amherst,,USA,USA,,,,,,,,360,JECOL,2003,91,1,3276,Spencer,CH,Barrett,Spencer CH Barrett,SE,SE,NoInst,,Toronto,,Canada,CAN,,,,,,,,361,JECOL,2003,91,1,639,David,,Burslem,David Burslem,SE,SE,NoInst,,Aberdeen,,UK,GBR,,,,,,,,362,JECOL,2003,91,1,50,Anthony,J,Davy,Anthony J Davy,EIC,EIC,University of East Anglia,,Norwich,,UK,GBR,,,,,,,,363,JECOL,2003,91,1,1296,Hans,,DeKroon,Hans DeKroon,SE,SE,NoInst,,Nijmegen,,Netherlands,NLD,,,,,,,,364,JECOL,2003,91,1,703,David,J,Gibson,David J Gibson,AE,AE,Southern Illinois University,,Carbondale,,USA,USA,,,,,,,,365,JECOL,2003,91,1,89,Alan,J,Gray,Alan J Gray,SE,SE,NoInst,,Wareham,,UK,GBR,,,,,,,,366,JECOL,2003,91,1,3562,Toshihiko,,Hara,Toshihiko Hara,SE,SE,NoInst,,Hokkaido,,Japan,JPN,,,,,,,,367,JECOL,2003,91,1,3353,Sue,E,Hartley,Sue E Hartley,SE,SE,NoInst,,Brighton,,UK,GBR,,,,,,,,368,JECOL,2003,91,1,2419,Michael,J,Hutchings,Michael J Hutchings,AE,AE,University of Sussex,,,,UK,GBR,,,,,,,,369,JECOL,2003,91,1,3108,Robert,L,Jefferies,Robert L Jefferies,SE,SE,NoInst,,Brighton,,Canada,CAN,,,,,,,,370,JECOL,2003,91,1,2849,Peter,,Klinkhamer,Peter Klinkhamer,SE,SE,NoInst,,Leiden,,Netherlands,NLD,,,,,,,,371,JECOL,2003,91,1,3762,William,K,Lauenroth,William K Lauenroth,SE,SE,NoInst,,Fort Collins,,USA,USA,,,,,,,,372,JECOL,2003,91,1,3385,Sandra,,Lavorel,Sandra Lavorel,SE,SE,NoInst,,Montpellier,,France,FRA,,,,,,,,373,JECOL,2003,91,1,1704,John,A,Lee,John A Lee,SE,SE,NoInst,,Sheffield,,UK,GBR,,,,,,,,374,JECOL,2003,91,1,2869,Peter,D,Moore,Peter D Moore,SE,SE,NoInst,,London,,UK,GBR,,,,,,,,375,JECOL,2003,91,1,1794,Joop,,Ouborg,Joop Ouborg,SE,SE,NoInst,,Nijmegen,,Netherlands,NLD,,,,,,,,376,JECOL,2003,91,1,553,Chris,J,Peterson,Chris J Peterson,SE,SE,NoInst,,Athens,,USA,USA,,,,,,,,377,JECOL,2003,91,1,1349,Honor,C,Prentice,Honor C Prentice,SE,SE,NoInst,,Lund,,Sweden,SWE,,,,,,,,378,JECOL,2003,91,1,2524,Malcolm,C,Press,Malcolm C Press,SE,SE,NoInst,,Sheffield,,UK,GBR,,,,,,,,379,JECOL,2003,91,1,2526,Michael,CF,Proctor,Michael CF Proctor,SE,SE,NoInst,,Exeter,,UK,GBR,,,,,,,,380,JECOL,2003,91,1,1416,Ian,,Sanders,Ian Sanders,SE,SE,NoInst,,Lausanne,,Switzerland,CHE,,,,,,,,381,JECOL,2003,91,1,351,Bernhard,,Schmid,Bernhard Schmid,SE,SE,NoInst,,Zurich,,Switzerland,CHE,,,,,,,,382,JECOL,2003,91,1,880,David,,Streeter,David Streeter,SE,SE,NoInst,,Brighton,,UK,GBR,,,,,,,,383,JECOL,2003,91,1,2104,Ken,,Thompson,Ken Thompson,SE,SE,NoInst,,Sheffield,,UK,GBR,,,,,,,,384,JECOL,2003,91,1,3234,Roy,,Turkington,Roy Turkington,SE,SE,NoInst,,Vancouver,,Canada,CAN,,,,,,,,385,JECOL,2003,91,1,1945,Jacob,,Weiner,Jacob Weiner,SE,SE,NoInst,,Copenhagen,,Denmark,DNK,,,,,,,,386,JECOL,2003,91,1,2611,Mark,,Williamson,Mark Williamson,SE,SE,NoInst,,York,,UK,GBR,,,,,,,,387,JECOL,2003,91,1,230,Arthur,J,Willis,Arthur J Willis,SE,SE,University of Sheffield,,Sheffield,,UK,GBR,,,,,,,,388,JECOL,2003,91,1,1144,F,Ian,Woodward,F Ian Woodward,SE,SE,NoInst,,Sheffield,,UK,GBR,,,,,,,,389,JECOL,2003,91,1,3506,S,Joseph,Wright,S Joseph Wright,SE,SE,NoInst,,Balboa,,Panama,PAN,,,,,,,,390,JECOL,2004,92,1,2751,Paul,,Adam,Paul Adam,SE,SE,NoInst,,Sydney,,Australia,AUS,,,,,,,,391,JECOL,2004,92,1,2753,Peter,,Alpert,Peter Alpert,SE,SE,NoInst,,Amherst,,USA,USA,,,,,,,,392,JECOL,2004,92,1,2977,Richard,D,Bardgett,Richard D Bardgett,SE,SE,NoInst,,Lancaster,,UK,GBR,,,,,,,,393,JECOL,2004,92,1,3276,Spencer,CH,Barrett,Spencer CH Barrett,SE,SE,NoInst,,Toronto,,Canada,CAN,,,,,,,,394,JECOL,2004,92,1,639,David,,Burslem,David Burslem,SE,SE,NoInst,,Aberdeen,,UK,GBR,,,,,,,,395,JECOL,2004,92,1,3009,Ragan,M,Callaway,Ragan M Callaway,SE,SE,NoInst,,Missoula,,USA,USA,,,,,,,,396,JECOL,2004,92,1,50,Anthony,J,Davy,Anthony J Davy,EIC,EIC,University of East Anglia,,Norwich,,UK,GBR,,,,,,,,397,JECOL,2004,92,1,1296,Hans,,DeKroon,Hans DeKroon,SE,SE,NoInst,,Nijmegen,,Netherlands,NLD,,,,,,,,398,JECOL,2004,92,1,703,David,J,Gibson,David J Gibson,AE,AE,Southern Illinois University,,Carbondale,,USA,USA,,,,,,,,399,JECOL,2004,92,1,1070,Frank,S,Gilliam,Frank S Gilliam,SE,SE,NoInst,,Huntington,,USA,USA,,,,,,,,400,JECOL,2004,92,1,3353,Sue,E,Hartley,Sue E Hartley,SE,SE,NoInst,,Brighton,,UK,GBR,,,,,,,,401,JECOL,2004,92,1,2419,Michael,J,Hutchings,Michael J Hutchings,AE,AE,University of Sussex,,Brighton,,UK,GBR,,,,,,,,402,JECOL,2004,92,1,3108,Robert,L,Jefferies,Robert L Jefferies,SE,SE,NoInst,,Toronto,,Canada,CAN,,,,,,,,403,JECOL,2004,92,1,2849,Peter,,Klinkhamer,Peter Klinkhamer,SE,SE,NoInst,,Leiden,,Netherlands,NLD,,,,,,,,404,JECOL,2004,92,1,3762,William,K,Lauenroth,William K Lauenroth,SE,SE,NoInst,,Fort Collins,,USA,USA,,,,,,,,405,JECOL,2004,92,1,1704,John,A,Lee,John A Lee,SE,SE,NoInst,,Sheffield,,UK,GBR,,,,,,,,406,JECOL,2004,92,1,2869,Peter,D,Moore,Peter D Moore,SE,SE,NoInst,,London,,UK,GBR,,,,,,,,407,JECOL,2004,92,1,1794,Joop,,Ouborg,Joop Ouborg,SE,SE,NoInst,,Nijmegen,,Netherlands,NLD,,,,,,,,408,JECOL,2004,92,1,1349,Honor,C,Prentice,Honor C Prentice,SE,SE,NoInst,,Lund,,Sweden,SWE,,,,,,,,409,JECOL,2004,92,1,2524,Malcolm,C,Press,Malcolm C Press,SE,SE,NoInst,,Sheffield,,UK,GBR,,,,,,,,410,JECOL,2004,92,1,2526,Michael,CF,Proctor,Michael CF Proctor,SE,SE,NoInst,,Exeter,,UK,GBR,,,,,,,,411,JECOL,2004,92,1,1416,Ian,,Sanders,Ian Sanders,SE,SE,NoInst,,Lausanne,,Switzerland,CHE,,,,,,,,412,JECOL,2004,92,1,880,David,,Streeter,David Streeter,SE,SE,NoInst,,Brighton,,UK,GBR,,,,,,,,413,JECOL,2004,92,1,2104,Ken,,Thompson,Ken Thompson,SE,SE,NoInst,,Sheffield,,UK,GBR,,,,,,,,414,JECOL,2004,92,1,3234,Roy,,Turkington,Roy Turkington,SE,SE,NoInst,,Vancouver,,Canada,CAN,,,,,,,,415,JECOL,2004,92,1,1945,Jacob,,Weiner,Jacob Weiner,SE,SE,NoInst,,Copenhagen,,Denmark,DNK,,,,,,,,416,JECOL,2004,92,1,2611,Mark,,Williamson,Mark Williamson,SE,SE,NoInst,,York,,UK,GBR,,,,,,,,417,JECOL,2004,92,1,230,Arthur,J,Willis,Arthur J Willis,SE,SE,University of Sheffield,,Sheffield,,UK,GBR,,,,,,,,418,JECOL,2004,92,1,3506,S,Joseph,Wright,S Joseph Wright,SE,SE,NoInst,,Balboa,,Panama,PAN,,,,,,,,419,JECOL,2005,93,1,2751,Paul,,Adam,Paul Adam,SE,SE,University of New South Wales,,,,Australia,AUS,,,,,,,,420,JECOL,2005,93,1,2967,Rien,,Aerts,Rien Aerts,SE,SE,Free University Amsterdam,,,,Netherlands,NLD,,,,,,,,421,JECOL,2005,93,1,2753,Peter,,Alpert,Peter Alpert,SE,SE,Univeristy of Massachusetts,,,,USA,USA,,,,,,,,422,JECOL,2005,93,1,2977,Richard,D,Bardgett,Richard D Bardgett,SE,SE,University of Lancaster,,,,UK,GBR,,,,,,,,423,JECOL,2005,93,1,3276,Spencer,CH,Barrett,Spencer CH Barrett,SE,SE,University of Toronto,,,,Canada,CAN,,,,,,,,424,JECOL,2005,93,1,1493,Jeremy,,Burdon,Jeremy Burdon,SE,SE,CSIRO,,,,Australia,AUS,,,,,,,,425,JECOL,2005,93,1,639,David,,Burslem,David Burslem,SE,SE,Aberdeen University,,,,UK,GBR,,,,,,,,426,JECOL,2005,93,1,1496,James,,Cahill,James Cahill,SE,SE,University of Alberta,,,,Canada,CAN,,,,,,,,427,JECOL,2005,93,1,3009,Ragan,M,Callaway,Ragan M Callaway,SE,SE,University of Montana,,,,USA,USA,,,,,,,,428,JECOL,2005,93,1,3302,Scott,,Collins,Scott Collins,SE,SE,University of New Mexico,,,,USA,USA,,,,,,,,429,JECOL,2005,93,1,1296,Hans,,DeKroon,Hans DeKroon,SE,SE,Radboud University,,,,Netherlands,NLD,,,,,,,,430,JECOL,2005,93,1,703,David,J,Gibson,David J Gibson,AE,AE,Southern Illinois University,,Carbondale,,USA,USA,,,,,,,,431,JECOL,2005,93,1,1070,Frank,S,Gilliam,Frank S Gilliam,SE,SE,Marshall University,,,,USA,USA,,,,,,,,432,JECOL,2005,93,1,2013,Kyle,,Harms,Kyle Harms,SE,SE,Louisiana State Univeristy,,,,USA,USA,,,,,,,,433,JECOL,2005,93,1,3353,Sue,E,Hartley,Sue E Hartley,SE,SE,University of Sussex,,,,UK,GBR,,,,,,,,434,JECOL,2005,93,1,2408,Martin,,Heil,Martin Heil,SE,SE,Max Planck University,,,,Germany,DEU,,,,,,,,435,JECOL,2005,93,1,2419,Michael,J,Hutchings,Michael J Hutchings,EIC,EIC,University of Sussex,,Brighton,,UK,GBR,,,,,,,,436,JECOL,2005,93,1,3108,Robert,L,Jefferies,Robert L Jefferies,SE,SE,University of Toronto,,,,Canada,CAN,,,,,,,,437,JECOL,2005,93,1,2841,Peter,,Jolliffe,Peter Jolliffe,SE,SE,University of British Columbia,,,,Canada,CAN,,,,,,,,438,JECOL,2005,93,1,3113,Robert,J,Jones,Robert J Jones,SE,SE,Virginia Polytechnic Institute and State University,,,,USA,USA,,,,,,,,439,JECOL,2005,93,1,2849,Peter,,Klinkhamer,Peter Klinkhamer,SE,SE,Leiden University,,,,Netherlands,NLD,,,,,,,,440,JECOL,2005,93,1,1704,John,A,Lee,John A Lee,SE,SE,University of Sheffield,,,,UK,GBR,,,,,,,,441,JECOL,2005,93,1,155,Angela,,Moles,Angela Moles,SE,SE,MacQuaire University,,,,Australia,AUS,,,,,,,,442,JECOL,2005,93,1,2869,Peter,D,Moore,Peter D Moore,SE,SE,King's College,,London,,UK,GBR,,,,,,,,443,JECOL,2005,93,1,539,Christer,,Nilsson,Christer Nilsson,SE,SE,Umea University,,,,Sweden,SWE,,,,,,,,444,JECOL,2005,93,1,542,Colin,,Osborne,Colin Osborne,SE,SE,University of Sheffield,,,,UK,GBR,,,,,,,,445,JECOL,2005,93,1,1794,Joop,,Ouborg,Joop Ouborg,SE,SE,Radboud University,,,,Netherlands,NLD,,,,,,,,446,JECOL,2005,93,1,1349,Honor,C,Prentice,Honor C Prentice,SE,SE,Lund University,,,,Sweden,SWE,,,,,,,,447,JECOL,2005,93,1,2524,Malcolm,C,Press,Malcolm C Press,AE,AE,University of Sheffield,,,,UK,GBR,,,,,,,,448,JECOL,2005,93,1,2526,Michael,CF,Proctor,Michael CF Proctor,SE,SE,University of Exeter,,,,UK,GBR,,,,,,,,449,JECOL,2005,93,1,880,David,,Streeter,David Streeter,SE,SE,University of Sussex,,,,UK,GBR,,,,,,,,450,JECOL,2005,93,1,1370,Hanna,,Tuomisto,Hanna Tuomisto,SE,SE,University of Turku,,,,Finland,FIN,,,,,,,,451,JECOL,2005,93,1,3234,Roy,,Turkington,Roy Turkington,SE,SE,University of British Columbia,,,,Canada,CAN,,,,,,,,452,JECOL,2005,93,1,2586,Marcel,,VanDerHeijden,Marcel VanDerHeijden,SE,SE,Free University Amsterdam,,,,Netherlands,NLD,,,,,,,,453,JECOL,2005,93,1,1945,Jacob,,Weiner,Jacob Weiner,SE,SE,Royal Veterinary&Agricultural University,,,,Denmark,DNK,,,,,,,,454,JECOL,2005,93,1,230,Arthur,J,Willis,Arthur J Willis,SE,SE,University of Sheffield,,,,UK,GBR,,,,,,,,455,JECOL,2005,93,1,3504,Scott,D,Wilson,Scott D Wilson,SE,SE,University of Regina,,,,Canada,CAN,,,,,,,,456,JECOL,2005,93,1,1279,Gerhard,,Zotz,Gerhard Zotz,SE,SE,University of Basel,,,,Switzerland,CHE,,,,,,,,457,JECOL,2006,94,1,2967,Rien,,Aerts,Rien Aerts,SE,SE,Free University Amsterdam,,,,Netherlands,NLD,,,,,,,,458,JECOL,2006,94,1,2753,Peter,,Alpert,Peter Alpert,SE,SE,University of Massachusetts,,,,USA,USA,,,,,,,,459,JECOL,2006,94,1,2977,Richard,D,Bardgett,Richard D Bardgett,SE,SE,University of Lancaster,,,,UK,GBR,,,,,,,,460,JECOL,2006,94,1,3276,Spencer,CH,Barrett,Spencer CH Barrett,SE,SE,University of Toronto,,,,Canada,CAN,,,,,,,,461,JECOL,2006,94,1,2765,Peter,J,Bellingham,Peter J Bellingham,SE,SE,Landcare Research,,,,New Zealand,NZL,,,,,,,,462,JECOL,2006,94,1,2997,Rob,,Brooker,Rob Brooker,SE,SE,Centre for Ecology and Hydrology,,,,UK,GBR,,,,,,,,463,JECOL,2006,94,1,1493,Jeremy,,Burdon,Jeremy Burdon,SE,SE,CSIRO,,,,Australia,AUS,,,,,,,,464,JECOL,2006,94,1,639,David,,Burslem,David Burslem,SE,SE,Aberdeen University,,,,UK,GBR,,,,,,,,465,JECOL,2006,94,1,1496,James,,Cahill,James Cahill,SE,SE,University of Alberta,,,,Canada,CAN,,,,,,,,466,JECOL,2006,94,1,3009,Ragan,M,Callaway,Ragan M Callaway,SE,SE,University of Montana,,,,USA,USA,,,,,,,,467,JECOL,2006,94,1,3302,Scott,,Collins,Scott Collins,SE,SE,University of New Mexico,,,,USA,USA,,,,,,,,468,JECOL,2006,94,1,1293,Hans,,Cornelissen,Hans Cornelissen,SE,SE,Free University Amsterdam,,,,Netherlands,NLD,,,,,,,,469,JECOL,2006,94,1,50,Anthony,J,Davy,Anthony J Davy,SE,SE,University of East Anglia,,Norwich,,UK,GBR,,,,,,,,470,JECOL,2006,94,1,1296,Hans,,DeKroon,Hans DeKroon,SE,SE,Radboud University,,,,Netherlands,NLD,,,,,,,,471,JECOL,2006,94,1,703,David,J,Gibson,David J Gibson,AE,AE,Southern Illinois University,,Carbondale,,USA,USA,,,,,,,,472,JECOL,2006,94,1,1070,Frank,S,Gilliam,Frank S Gilliam,SE,SE,Marshall University,,,,USA,USA,,,,,,,,473,JECOL,2006,94,1,2013,Kyle,,Harms,Kyle Harms,SE,SE,Louisiana State Univeristy,,,,USA,USA,,,,,,,,474,JECOL,2006,94,1,3353,Sue,E,Hartley,Sue E Hartley,SE,SE,University of Sussex,,,,UK,GBR,,,,,,,,475,JECOL,2006,94,1,2408,Martin,,Heil,Martin Heil,SE,SE,Max Planck University,,,,Germany,DEU,,,,,,,,476,JECOL,2006,94,1,2419,Michael,J,Hutchings,Michael J Hutchings,EIC,EIC,University of Sussex,,,,UK,GBR,,,,,,,,477,JECOL,2006,94,1,3108,Robert,L,Jefferies,Robert L Jefferies,SE,SE,University of Toronto,,,,Canada,CAN,,,,,,,,478,JECOL,2006,94,1,3113,Robert,J,Jones,Robert J Jones,SE,SE,Virginia Polytechnic Institute and State University,,,,USA,USA,,,,,,,,479,JECOL,2006,94,1,2849,Peter,,Klinkhamer,Peter Klinkhamer,SE,SE,Leiden University,,,,Netherlands,NLD,,,,,,,,480,JECOL,2006,94,1,1704,John,A,Lee,John A Lee,SE,SE,University of Sheffield,,,,UK,GBR,,,,,,,,481,JECOL,2006,94,1,155,Angela,,Moles,Angela Moles,SE,SE,MacQuaire University,,,,Australia,AUS,,,,,,,,482,JECOL,2006,94,1,2869,Peter,D,Moore,Peter D Moore,SE,SE,King's College,,,,UK,GBR,,,,,,,,483,JECOL,2006,94,1,3171,Ran,,Nathan,Ran Nathan,SE,SE,Hebrew University of Jerusalem,,,,Israel,ISR,,,,,,,,484,JECOL,2006,94,1,1785,Jonathan,A,Newman,Jonathan A Newman,SE,SE,University of Guelph,,,,Canada,CAN,,,,,,,,485,JECOL,2006,94,1,539,Christer,,Nilsson,Christer Nilsson,SE,SE,Umea University,,,,Sweden,SWE,,,,,,,,486,JECOL,2006,94,1,542,Colin,,Osborne,Colin Osborne,SE,SE,University of Sheffield,,,,UK,GBR,,,,,,,,487,JECOL,2006,94,1,1794,Joop,,Ouborg,Joop Ouborg,SE,SE,Radboud University,,,,Netherlands,NLD,,,,,,,,488,JECOL,2006,94,1,1349,Honor,C,Prentice,Honor C Prentice,SE,SE,Lund University,,,,Sweden,SWE,,,,,,,,489,JECOL,2006,94,1,2524,Malcolm,C,Press,Malcolm C Press,AE,AE,University of Sheffield,,,,UK,GBR,,,,,,,,490,JECOL,2006,94,1,2526,Michael,CF,Proctor,Michael CF Proctor,SE,SE,University of Exeter,,,,UK,GBR,,,,,,,,491,JECOL,2006,94,1,3466,Susan,,Schwinning,Susan Schwinning,SE,SE,University of Arizona,,,,USA,USA,,,,,,,,492,JECOL,2006,94,1,880,David,,Streeter,David Streeter,SE,SE,University of Sussex,,,,UK,GBR,,,,,,,,493,JECOL,2006,94,1,1370,Hanna,,Tuomisto,Hanna Tuomisto,SE,SE,University of Turku,,,,Finland,FIN,,,,,,,,494,JECOL,2006,94,1,3234,Roy,,Turkington,Roy Turkington,SE,SE,University of British Columbia,,,,Canada,CAN,,,,,,,,495,JECOL,2006,94,1,2579,Matthew,,Turnbull,Matthew Turnbull,SE,SE,University of Canterbury,,,,New Zealand,NZL,,,,,,,,496,JECOL,2006,94,1,2586,Marcel,,VanDerHeijden,Marcel VanDerHeijden,SE,SE,Free University Amsterdam,,,,Netherlands,NLD,,,,,,,,497,JECOL,2006,94,1,1945,Jacob,,Weiner,Jacob Weiner,SE,SE,Royal Veterinary&Agricultural University,,,,Denmark,DNK,,,,,,,,498,JECOL,2006,94,1,230,Arthur,J,Willis,Arthur J Willis,SE,SE,University of Sheffield,,,,UK,GBR,,,,,,,,499,JECOL,2006,94,1,3504,Scott,D,Wilson,Scott D Wilson,SE,SE,University of Regina,,,,Canada,CAN,,,,,,,,500,JECOL,2006,94,1,1279,Gerhard,,Zotz,Gerhard Zotz,SE,SE,University of Basel,,,,Switzerland,CHE,,,,,,,,501,JECOL,2006,94,1,2960,Pieter,A,Zuidema,Pieter A Zuidema,SE,SE,University of Utrecht,,,,Netherlands,NLD,,,,,,,,502,JECOL,2007,95,1,2967,Rien,,Aerts,Rien Aerts,SE,SE,Free University Amsterdam,,,,Netherlands,NLD,,,,,,,,503,JECOL,2007,95,1,1434,Jon,,Agren,Jon Agren,SE,SE,Uppsala University,,,,Sweden,SWE,,,,,,,,504,JECOL,2007,95,1,2753,Peter,,Alpert,Peter Alpert,SE,SE,Univeristy of Massachusetts,,,,USA,USA,,,,,,,,505,JECOL,2007,95,1,2977,Richard,D,Bardgett,Richard D Bardgett,AE,AE,Lancaster University,,Lancaster,,UK,GBR,,,,,,,,506,JECOL,2007,95,1,2765,Peter,J,Bellingham,Peter J Bellingham,SE,SE,Landcare Research,,,,New Zealand,NZL,,,,,,,,507,JECOL,2007,95,1,2997,Rob,,Brooker,Rob Brooker,SE,SE,The Macaulay Institute,,,,UK,GBR,,,,,,,,508,JECOL,2007,95,1,1493,Jeremy,,Burdon,Jeremy Burdon,SE,SE,CSIRO,,,,Australia,AUS,,,,,,,,509,JECOL,2007,95,1,639,David,,Burslem,David Burslem,SE,SE,Aberdeen University,,,,UK,GBR,,,,,,,,510,JECOL,2007,95,1,1496,James,,Cahill,James Cahill,SE,SE,University of Alberta,,,,Canada,CAN,,,,,,,,511,JECOL,2007,95,1,3009,Ragan,M,Callaway,Ragan M Callaway,SE,SE,University of Montana,,,,USA,USA,,,,,,,,512,JECOL,2007,95,1,3302,Scott,,Collins,Scott Collins,SE,SE,University of New Mexico,,,,USA,USA,,,,,,,,513,JECOL,2007,95,1,1293,Hans,,Cornelissen,Hans Cornelissen,SE,SE,Free University Amsterdam,,,,Netherlands,NLD,,,,,,,,514,JECOL,2007,95,1,50,Anthony,J,Davy,Anthony J Davy,SE,SE,University of East Anglia,,,,UK,GBR,,,,,,,,515,JECOL,2007,95,1,1296,Hans,,DeKroon,Hans DeKroon,SE,SE,Radboud University,,,,Netherlands,NLD,,,,,,,,516,JECOL,2007,95,1,273,Bryan,,Foster,Bryan Foster,SE,SE,University of Kansas,,,,USA,USA,,,,,,,,517,JECOL,2007,95,1,703,David,J,Gibson,David J Gibson,AE,AE,Southern Illinois University,,Carbondale,,USA,USA,,,,,,,,518,JECOL,2007,95,1,1070,Frank,S,Gilliam,Frank S Gilliam,SE,SE,Marshall University,,,,USA,USA,,,,,,,,519,JECOL,2007,95,1,2013,Kyle,,Harms,Kyle Harms,SE,SE,Louisiana State Univeristy,,,,USA,USA,,,,,,,,520,JECOL,2007,95,1,2408,Martin,,Heil,Martin Heil,SE,SE,Max Planck University,,,,Germany,DEU,,,,,,,,521,JECOL,2007,95,1,2419,Michael,J,Hutchings,Michael J Hutchings,EIC,EIC,University of Sussex,,,,UK,GBR,,,,,,,,522,JECOL,2007,95,1,3108,Robert,L,Jefferies,Robert L Jefferies,SE,SE,University of Toronto,,,,Canada,CAN,,,,,,,,523,JECOL,2007,95,1,3113,Robert,J,Jones,Robert J Jones,SE,SE,Virginia Polytechnic Institute and State University,,,,USA,USA,,,,,,,,524,JECOL,2007,95,1,2849,Peter,,Klinkhamer,Peter Klinkhamer,SE,SE,Leiden University,,,,Netherlands,NLD,,,,,,,,525,JECOL,2007,95,1,1704,John,A,Lee,John A Lee,SE,SE,University of Sheffield,,,,UK,GBR,,,,,,,,526,JECOL,2007,95,1,1101,Fernando,,Maestre,Fernando Maestre,SE,SE,University of Rey Juan Carlos,,,,Spain,ESP,,,,,,,,527,JECOL,2007,95,1,155,Angela,,Moles,Angela Moles,SE,SE,Victoria University of Wellington,,,,Australia,AUS,,,,,,,,528,JECOL,2007,95,1,2869,Peter,D,Moore,Peter D Moore,SE,SE,King's College,,,,UK,GBR,,,,,,,,529,JECOL,2007,95,1,3171,Ran,,Nathan,Ran Nathan,SE,SE,Hebrew University of Jerusalem,,,,Israel,ISR,,,,,,,,530,JECOL,2007,95,1,1785,Jonathan,A,Newman,Jonathan A Newman,SE,SE,University of Guelph,,,,Canada,CAN,,,,,,,,531,JECOL,2007,95,1,539,Christer,,Nilsson,Christer Nilsson,SE,SE,Umea University,,,,Sweden,SWE,,,,,,,,532,JECOL,2007,95,1,1794,Joop,,Ouborg,Joop Ouborg,SE,SE,Radboud University,,,,Netherlands,NLD,,,,,,,,533,JECOL,2007,95,1,1798,John,,Pannell,John Pannell,SE,SE,University of Oxford,,,,UK,GBR,,,,,,,,534,JECOL,2007,95,1,1349,Honor,C,Prentice,Honor C Prentice,SE,SE,Lund University,,,,Sweden,SWE,,,,,,,,535,JECOL,2007,95,1,2526,Michael,CF,Proctor,Michael CF Proctor,SE,SE,University of Exeter,,,,UK,GBR,,,,,,,,536,JECOL,2007,95,1,3466,Susan,,Schwinning,Susan Schwinning,SE,SE,Texas State University,,San Marcos,,USA,USA,,,,,,,,537,JECOL,2007,95,1,880,David,,Streeter,David Streeter,SE,SE,University of Sussex,,,,UK,GBR,,,,,,,,538,JECOL,2007,95,1,1370,Hanna,,Tuomisto,Hanna Tuomisto,SE,SE,University of Turku,,,,Finland,FIN,,,,,,,,539,JECOL,2007,95,1,3234,Roy,,Turkington,Roy Turkington,SE,SE,University of British Columbia,,,,Canada,CAN,,,,,,,,540,JECOL,2007,95,1,2579,Matthew,,Turnbull,Matthew Turnbull,SE,SE,University of Canterbury,,,,New Zealand,NZL,,,,,,,,541,JECOL,2007,95,1,2586,Marcel,,VanDerHeijden,Marcel VanDerHeijden,SE,SE,Free University Amsterdam,,,,Netherlands,NLD,,,,,,,,542,JECOL,2007,95,1,3504,Scott,D,Wilson,Scott D Wilson,SE,SE,University of Regina,,,,Canada,CAN,,,,,,,,543,JECOL,2007,95,1,1279,Gerhard,,Zotz,Gerhard Zotz,SE,SE,University of Oldenburg,,,,Switzerland,CHE,,,,,,,,544,JECOL,2007,95,1,2960,Pieter,A,Zuidema,Pieter A Zuidema,SE,SE,University of Zuidema,,,,Netherlands,NLD,,,,,,,,545,JECOL,2008,96,1,2967,Rien,,Aerts,Rien Aerts,SE,SE,Free University Amsterdam,,,,Netherlands,NLD,,,,,,,,546,JECOL,2008,96,1,1434,Jon,,Agren,Jon Agren,SE,SE,Uppsala University,,,,Sweden,SWE,,,,,,,,547,JECOL,2008,96,1,2753,Peter,,Alpert,Peter Alpert,SE,SE,University of Massachusetts,,,,USA,USA,,,,,,,,548,JECOL,2008,96,1,2977,Richard,D,Bardgett,Richard D Bardgett,AE,AE,Lancaster University,,Lancaster,,UK,GBR,,,,,,,,549,JECOL,2008,96,1,2765,Peter,J,Bellingham,Peter J Bellingham,SE,SE,Landcare Research,,,,New Zealand,NZL,,,,,,,,550,JECOL,2008,96,1,2994,Richard,,Bradshaw,Richard Bradshaw,SE,SE,University of Liverpool,,,,UK,GBR,,,,,,,,551,JECOL,2008,96,1,2997,Rob,,Brooker,Rob Brooker,SE,SE,The Macaulay Institute,,,,UK,GBR,,,,,,,,552,JECOL,2008,96,1,1493,Jeremy,,Burdon,Jeremy Burdon,SE,SE,CSIRO,,,,Australia,AUS,,,,,,,,553,JECOL,2008,96,1,1496,James,,Cahill,James Cahill,SE,SE,University of Alberta,,,,Canada,CAN,,,,,,,,554,JECOL,2008,96,1,3009,Ragan,M,Callaway,Ragan M Callaway,SE,SE,University of Montana,,,,USA,USA,,,,,,,,555,JECOL,2008,96,1,416,Charles,D,Canham,Charles D Canham,SE,SE,Institute of Ecosystem,,,,USA,USA,,,,,,,,556,JECOL,2008,96,1,3302,Scott,,Collins,Scott Collins,SE,SE,University of New Mexico,,,,USA,USA,,,,,,,,557,JECOL,2008,96,1,1293,Hans,,Cornelissen,Hans Cornelissen,SE,SE,Free University Amsterdam,,,,Netherlands,NLD,,,,,,,,558,JECOL,2008,96,1,50,Anthony,J,Davy,Anthony J Davy,SE,SE,University of East Anglia,,Norwich,,UK,GBR,,,,,,,,559,JECOL,2008,96,1,1296,Hans,,DeKroon,Hans DeKroon,SE,SE,Radboud University,,,,Netherlands,NLD,,,,,,,,560,JECOL,2008,96,1,267,Bettina,,Engelbrecht,Bettina Engelbrecht,SE,SE,University of Kaiserslautern,,,,Germany,DEU,,,,,,,,561,JECOL,2008,96,1,273,Bryan,,Foster,Bryan Foster,SE,SE,University of Kansas,,,,USA,USA,,,,,,,,562,JECOL,2008,96,1,1582,Jason,,Fridley,Jason Fridley,SE,SE,Syracuse University,,,,USA,USA,,,,,,,,563,JECOL,2008,96,1,703,David,J,Gibson,David J Gibson,AE,AE,Southern Illinois University,,Carbondale,,USA,USA,,,,,,,,564,JECOL,2008,96,1,1070,Frank,S,Gilliam,Frank S Gilliam,SE,SE,Marshall University,,,,USA,USA,,,,,,,,565,JECOL,2008,96,1,2013,Kyle,,Harms,Kyle Harms,SE,SE,Louisiana State Univeristy,,,,USA,USA,,,,,,,,566,JECOL,2008,96,1,2408,Martin,,Heil,Martin Heil,SE,SE,Max Planck University,,,,Germany,DEU,,,,,,,,567,JECOL,2008,96,1,2419,Michael,J,Hutchings,Michael J Hutchings,EIC,EIC,University of Sussex,,,,UK,GBR,,,,,,,,568,JECOL,2008,96,1,1318,Hans,,Jacquemyn,Hans Jacquemyn,SE,SE,University of Leuven,,,,Belgium,BEL,,,,,,,,569,JECOL,2008,96,1,3108,Robert,L,Jefferies,Robert L Jefferies,SE,SE,University of Toronto,,,,Canada,CAN,,,,,,,,570,JECOL,2008,96,1,3113,Robert,J,Jones,Robert J Jones,SE,SE,Virginia Polytechnic Institute and State University,,,,USA,USA,,,,,,,,571,JECOL,2008,96,1,2849,Peter,,Klinkhamer,Peter Klinkhamer,SE,SE,Leiden University,,,,Netherlands,NLD,,,,,,,,572,JECOL,2008,96,1,1704,John,A,Lee,John A Lee,SE,SE,University of Sheffield,,,,UK,GBR,,,,,,,,573,JECOL,2008,96,1,513,Christopher,,Lorite,Christopher Lorite,SE,SE,York University,,,,Canada,CAN,,,,,,,,574,JECOL,2008,96,1,1101,Fernando,,Maestre,Fernando Maestre,SE,SE,University of Rey Juan Carlos,,,,Spain,ESP,,,,,,,,575,JECOL,2008,96,1,1106,Fergus,,Massey,Fergus Massey,SE,SE,University of Sussex,,,,UK,GBR,,,,,,,,576,JECOL,2008,96,1,155,Angela,,Moles,Angela Moles,SE,SE,University of New South Wales,,,,Australia,AUS,,,,,,,,577,JECOL,2008,96,1,3171,Ran,,Nathan,Ran Nathan,SE,SE,Hebrew University of Jerusalem,,,,Israel,ISR,,,,,,,,578,JECOL,2008,96,1,1785,Jonathan,A,Newman,Jonathan A Newman,SE,SE,University of Guelph,,,,Canada,CAN,,,,,,,,579,JECOL,2008,96,1,539,Christer,,Nilsson,Christer Nilsson,SE,SE,Umea University,,,,Sweden,SWE,,,,,,,,580,JECOL,2008,96,1,1794,Joop,,Ouborg,Joop Ouborg,SE,SE,Radboud University,,,,Netherlands,NLD,,,,,,,,581,JECOL,2008,96,1,1798,John,,Pannell,John Pannell,SE,SE,University of Oxford,,,,UK,GBR,,,,,,,,582,JECOL,2008,96,1,1349,Honor,C,Prentice,Honor C Prentice,SE,SE,Lund University,,,,Sweden,SWE,,,,,,,,583,JECOL,2008,96,1,557,Chris,,Preston,Chris Preston,SE,SE,Centre for Ecology and Hydrology,,,,UK,GBR,,,,,,,,584,JECOL,2008,96,1,2526,Michael,CF,Proctor,Michael CF Proctor,SE,SE,University of Exeter,,,,UK,GBR,,,,,,,,585,JECOL,2008,96,1,3466,Susan,,Schwinning,Susan Schwinning,SE,SE,Texas State University,,San Marcos,,USA,USA,,,,,,,,586,JECOL,2008,96,1,880,David,,Streeter,David Streeter,SE,SE,University of Sussex,,,,UK,GBR,,,,,,,,587,JECOL,2008,96,1,1370,Hanna,,Tuomisto,Hanna Tuomisto,SE,SE,University of Turku,,,,Finland,FIN,,,,,,,,588,JECOL,2008,96,1,3234,Roy,,Turkington,Roy Turkington,SE,SE,University of British Columbia,,,,Canada,CAN,,,,,,,,589,JECOL,2008,96,1,2579,Matthew,,Turnbull,Matthew Turnbull,SE,SE,University of Canterbury,,,,New Zealand,NZL,,,,,,,,590,JECOL,2008,96,1,2583,Michael,B,Usher,Michael B Usher,SE,SE,University of Stirling,,,,UK,GBR,,,,,,,,591,JECOL,2008,96,1,2586,Marcel,,VanDerHeijden,Marcel VanDerHeijden,SE,SE,Free University Amsterdam,,,,Netherlands,NLD,,,,,,,,592,JECOL,2008,96,1,3504,Scott,D,Wilson,Scott D Wilson,SE,SE,University of Regina,,,,Canada,CAN,,,,,,,,593,JECOL,2008,96,1,1279,Gerhard,,Zotz,Gerhard Zotz,SE,SE,University of Oldenburg,,,,Switzerland,CHE,,,,,,,,594,JECOL,2008,96,1,2960,Pieter,A,Zuidema,Pieter A Zuidema,SE,SE,University of Utrecht,,,,Netherlands,NLD,,,,,,,,595,JECOL,2009,97,1,2967,Rien,,Aerts,Rien Aerts,SE,SE,Free University Amsterdam,,,,Netherlands,NLD,,,,,,,,596,JECOL,2009,97,1,1434,Jon,,Agren,Jon Agren,SE,SE,Uppsala University,,,,Sweden,SWE,,,,,,,,597,JECOL,2009,97,1,2753,Peter,,Alpert,Peter Alpert,SE,SE,University of Massachusetts,,,,USA,USA,,,,,,,,598,JECOL,2009,97,1,2977,Richard,D,Bardgett,Richard D Bardgett,SE,SE,Lancaster University,,,,UK,GBR,,,,,,,,599,JECOL,2009,97,1,2765,Peter,J,Bellingham,Peter J Bellingham,SE,SE,Landcare Research,,,,New Zealand,NZL,,,,,,,,600,JECOL,2009,97,1,3285,Stephen,P,Bonser,Stephen P Bonser,AE,AE,University of New South Wales,,,,USA,USA,,,,,,,,601,JECOL,2009,97,1,2994,Richard,,Bradshaw,Richard Bradshaw,AE,AE,University of Liverpool,,,,UK,GBR,,,,,,,,602,JECOL,2009,97,1,2994,Richard,,Bradshaw,Richard Bradshaw,SE,SE,University of Liverpool,,,,UK,GBR,,,,,,,,603,JECOL,2009,97,1,2997,Rob,,Brooker,Rob Brooker,SE,SE,The Macaulay Institute,,,,UK,GBR,,,,,,,,604,JECOL,2009,97,1,1493,Jeremy,,Burdon,Jeremy Burdon,SE,SE,CSIRO,,,,Australia,AUS,,,,,,,,605,JECOL,2009,97,1,1496,James,,Cahill,James Cahill,SE,SE,University of Alberta,,,,Canada,CAN,,,,,,,,606,JECOL,2009,97,1,3009,Ragan,M,Callaway,Ragan M Callaway,SE,SE,University of Montana,,,,USA,USA,,,,,,,,607,JECOL,2009,97,1,416,Charles,D,Canham,Charles D Canham,SE,SE,Institute of Ecosystem Studies,,,,USA,USA,,,,,,,,608,JECOL,2009,97,1,1293,Hans,,Cornelissen,Hans Cornelissen,SE,SE,Free University Amsterdam,,,,Netherlands,NLD,,,,,,,,609,JECOL,2009,97,1,50,Anthony,J,Davy,Anthony J Davy,SE,SE,University of East Anglia,,,,UK,GBR,,,,,,,,610,JECOL,2009,97,1,1296,Hans,,DeKroon,Hans DeKroon,SE,SE,Radboud University,,,,Netherlands,NLD,,,,,,,,611,JECOL,2009,97,1,267,Bettina,,Engelbrecht,Bettina Engelbrecht,SE,SE,University of Kaiserslautern,,,,Germany,DEU,,,,,,,,612,JECOL,2009,97,1,273,Bryan,,Foster,Bryan Foster,SE,SE,University of Kansas,,,,USA,USA,,,,,,,,613,JECOL,2009,97,1,1582,Jason,,Fridley,Jason Fridley,SE,SE,Syracuse University,,,,USA,USA,,,,,,,,614,JECOL,2009,97,1,703,David,J,Gibson,David J Gibson,SE,SE,Southern Illinois University,,,,USA,USA,,,,,,,,615,JECOL,2009,97,1,1070,Frank,S,Gilliam,Frank S Gilliam,SE,SE,Marshall University,,,,USA,USA,,,,,,,,616,JECOL,2009,97,1,2013,Kyle,,Harms,Kyle Harms,SE,SE,Louisiana State Univeristy,,,,USA,USA,,,,,,,,617,JECOL,2009,97,1,2408,Martin,,Heil,Martin Heil,SE,SE,Max Planck University,,,,Germany,DEU,,,,,,,,618,JECOL,2009,97,1,2419,Michael,J,Hutchings,Michael J Hutchings,EIC,EIC,University of Sussex,,,,UK,GBR,,,,,,,,619,JECOL,2009,97,1,1318,Hans,,Jacquemyn,Hans Jacquemyn,SE,SE,Unniversity of Leuven,,,,Belgium,BEL,,,,,,,,620,JECOL,2009,97,1,3108,Robert,L,Jefferies,Robert L Jefferies,SE,SE,University of Toronto,,,,Canada,CAN,,,,,,,,621,JECOL,2009,97,1,3113,Robert,J,Jones,Robert J Jones,SE,SE,Virginia Polytechnic Institute and State University,,,,USA,USA,,,,,,,,622,JECOL,2009,97,1,2849,Peter,,Klinkhamer,Peter Klinkhamer,SE,SE,Leiden University,,,,Netherlands,NLD,,,,,,,,623,JECOL,2009,97,1,1704,John,A,Lee,John A Lee,SE,SE,University Sheffield,,,,UK,GBR,,,,,,,,624,JECOL,2009,97,1,513,Christopher,,Lorite,Christopher Lorite,SE,SE,York University,,,,Canada,CAN,,,,,,,,625,JECOL,2009,97,1,1101,Fernando,,Maestre,Fernando Maestre,SE,SE,University of Rey Juan Carlos,,,,Spain,ESP,,,,,,,,626,JECOL,2009,97,1,1106,Fergus,,Massey,Fergus Massey,SE,SE,University of Aberdeen,,,,UK,GBR,,,,,,,,627,JECOL,2009,97,1,155,Angela,,Moles,Angela Moles,SE,SE,University of New South Wales,,,,Australia,AUS,,,,,,,,628,JECOL,2009,97,1,3171,Ran,,Nathan,Ran Nathan,SE,SE,Hebrew University of Jerusalem,,,,Israel,ISR,,,,,,,,629,JECOL,2009,97,1,1785,Jonathan,A,Newman,Jonathan A Newman,SE,SE,Univeristy of Guelph,,,,Canada,CAN,,,,,,,,630,JECOL,2009,97,1,539,Christer,,Nilsson,Christer Nilsson,SE,SE,Umea University,,,,Sweden,SWE,,,,,,,,631,JECOL,2009,97,1,1794,Joop,,Ouborg,Joop Ouborg,SE,SE,Radboud University,,,,Netherlands,NLD,,,,,,,,632,JECOL,2009,97,1,1798,John,,Pannell,John Pannell,SE,SE,University of Oxford,,,,UK,GBR,,,,,,,,633,JECOL,2009,97,1,1349,Honor,C,Prentice,Honor C Prentice,SE,SE,Lund University,,,,Sweden,SWE,,,,,,,,634,JECOL,2009,97,1,557,Chris,,Preston,Chris Preston,SE,SE,Centre for Ecology and Hydrology,,,,UK,GBR,,,,,,,,635,JECOL,2009,97,1,2526,Michael,CF,Proctor,Michael CF Proctor,SE,SE,University of Exeter,,,,UK,GBR,,,,,,,,636,JECOL,2009,97,1,3466,Susan,,Schwinning,Susan Schwinning,SE,SE,Texas State University,,,,USA,USA,,,,,,,,637,JECOL,2009,97,1,880,David,,Streeter,David Streeter,SE,SE,University of Exeter,,,,UK,GBR,,,,,,,,638,JECOL,2009,97,1,1370,Hanna,,Tuomisto,Hanna Tuomisto,SE,SE,No one by this name,,,,Finland,FIN,,,,,,,,639,JECOL,2009,97,1,3234,Roy,,Turkington,Roy Turkington,SE,SE,University of British Columbia,,,,Canada,CAN,,,,,,,,640,JECOL,2009,97,1,2579,Matthew,,Turnbull,Matthew Turnbull,SE,SE,University of Canterbury,,,,New Zealand,NZL,,,,,,,,641,JECOL,2009,97,1,2583,Michael,B,Usher,Michael B Usher,SE,SE,University of Stirling,,,,UK,GBR,,,,,,,,642,JECOL,2009,97,1,2586,Marcel,,VanDerHeijden,Marcel VanDerHeijden,SE,SE,ART Research Stationn,,,Zurich,Netherlands,NLD,,,,,,,,643,JECOL,2009,97,1,3237,Rene,,VanDerWal,Rene VanDerWal,AE,AE,Centre for Ecology and Hydrology,,,,UK,GBR,,,,,,,,644,JECOL,2009,97,1,3504,Scott,D,Wilson,Scott D Wilson,SE,SE,University of Regina,,,,Canada,CAN,,,,,,,,645,JECOL,2009,97,1,1279,Gerhard,,Zotz,Gerhard Zotz,SE,SE,University of Oldenburg,,,,Switzerland,CHE,,,,,,,,646,JECOL,2009,97,1,2960,Pieter,A,Zuidema,Pieter A Zuidema,SE,SE,University of Utrecht,,,,Netherlands,NLD,,,,,,,,647,JECOL,2010,98,1,2967,Rien,,Aerts,Rien Aerts,SE,SE,Free University Amsterdam,,,,Netherlands,NLD,,,,,,,,648,JECOL,2010,98,1,2267,Marcelo,,Aizen,Marcelo Aizen,SE,SE,Universidad Nacional del Comahue,,,,Argentina,ARG,,,,,,,,649,JECOL,2010,98,1,2753,Peter,,Alpert,Peter Alpert,SE,SE,University of Massachusetts,,,,USA,USA,,,,,,,,650,JECOL,2010,98,1,2977,Richard,D,Bardgett,Richard D Bardgett,SE,SE,Lancaster University,,,,UK,GBR,,,,,,,,651,JECOL,2010,98,1,2765,Peter,J,Bellingham,Peter J Bellingham,SE,SE,Landcare Research,,,,New Zealand,NZL,,,,,,,,652,JECOL,2010,98,1,3285,Stephen,P,Bonser,Stephen P Bonser,AE,AE,University of New South Wales,,,,USA,USA,,,,,,,,653,JECOL,2010,98,1,2994,Richard,,Bradshaw,Richard Bradshaw,SE,SE,University of Liverpool,,,,UK,GBR,,,,,,,,654,JECOL,2010,98,1,2994,Richard,,Bradshaw,Richard Bradshaw,AE,AE,University of Liverpool,,,,UK,GBR,,,,,,,,655,JECOL,2010,98,1,1485,Judith,L,Bronstein,Judith L Bronstein,SE,SE,University of Arizona,,,,USA,USA,,,,,,,,656,JECOL,2010,98,1,2997,Rob,,Brooker,Rob Brooker,SE,SE,The Macaulay Institute,,,,UK,GBR,,,,,,,,657,JECOL,2010,98,1,1496,James,,Cahill,James Cahill,SE,SE,University of Alberta,,,,Canada,CAN,,,,,,,,658,JECOL,2010,98,1,3009,Ragan,M,Callaway,Ragan M Callaway,SE,SE,University of Montana,,,,USA,USA,,,,,,,,659,JECOL,2010,98,1,416,Charles,D,Canham,Charles D Canham,SE,SE,Institute of Ecosystem Studies,,,,USA,USA,,,,,,,,660,JECOL,2010,98,1,1293,Hans,,Cornelissen,Hans Cornelissen,SE,SE,Free University Amsterdam,,,,Netherlands,NLD,,,,,,,,661,JECOL,2010,98,1,955,Ellen,,Damschen,Ellen Damschen,SE,SE,No one by this name,,,,USA,USA,,,,,,,,662,JECOL,2010,98,1,50,Anthony,J,Davy,Anthony J Davy,SE,SE,University of East Anglia,,,,UK,GBR,,,,,,,,663,JECOL,2010,98,1,1296,Hans,,DeKroon,Hans DeKroon,SE,SE,Radboud University,,,,Netherlands,NLD,,,,,,,,664,JECOL,2010,98,1,1582,Jason,,Fridley,Jason Fridley,SE,SE,Syracuse University,,,,USA,USA,,,,,,,,665,JECOL,2010,98,1,703,David,J,Gibson,David J Gibson,SE,SE,Southern Illinois University,,,,USA,USA,,,,,,,,666,JECOL,2010,98,1,1070,Frank,S,Gilliam,Frank S Gilliam,SE,SE,Marshall University,,,,USA,USA,,,,,,,,667,JECOL,2010,98,1,2157,Lorena,,Gomez-Aparicio,Lorena Gomez-Aparicio,SE,SE,Instituto de Recursos Naturales& Agrobiologia,,,,Spain,ESP,,,,,,,,668,JECOL,2010,98,1,2013,Kyle,,Harms,Kyle Harms,SE,SE,Louisiana State Univeristy,,,,USA,USA,,,,,,,,669,JECOL,2010,98,1,2408,Martin,,Heil,Martin Heil,SE,SE,CINVESTAV,,,Irapuato/Mexico,Germany,DEU,,,,,,,,670,JECOL,2010,98,1,2419,Michael,J,Hutchings,Michael J Hutchings,EIC,EIC,University of Sussex,,,,UK,GBR,,,,,,,,671,JECOL,2010,98,1,1318,Hans,,Jacquemyn,Hans Jacquemyn,SE,SE,University of Leuvenn,,,,Belgium,BEL,,,,,,,,672,JECOL,2010,98,1,3113,Robert,J,Jones,Robert J Jones,SE,SE,Virginia Polytechnic Institute and State University,,,,USA,USA,,,,,,,,673,JECOL,2010,98,1,2849,Peter,,Klinkhamer,Peter Klinkhamer,SE,SE,Leiden University,,,,Netherlands,NLD,,,,,,,,674,JECOL,2010,98,1,1704,John,A,Lee,John A Lee,SE,SE,University of Sheffield,,,,UK,GBR,,,,,,,,675,JECOL,2010,98,1,513,Christopher,,Lorite,Christopher Lorite,SE,SE,York University,,,,Canada,CAN,,,,,,,,676,JECOL,2010,98,1,1101,Fernando,,Maestre,Fernando Maestre,SE,SE,University of Rey Juan Carlos,,,,Spain,ESP,,,,,,,,677,JECOL,2010,98,1,1106,Fergus,,Massey,Fergus Massey,SE,SE,University of Aberdeen,,,,UK,GBR,,,,,,,,678,JECOL,2010,98,1,155,Angela,,Moles,Angela Moles,SE,SE,University of New South Wales,,,,Australia,AUS,,,,,,,,679,JECOL,2010,98,1,1785,Jonathan,A,Newman,Jonathan A Newman,SE,SE,University of Guelph,,,,Canada,CAN,,,,,,,,680,JECOL,2010,98,1,539,Christer,,Nilsson,Christer Nilsson,SE,SE,Umea University,,,,Sweden,SWE,,,,,,,,681,JECOL,2010,98,1,1794,Joop,,Ouborg,Joop Ouborg,SE,SE,Radboud University,,,,Netherlands,NLD,,,,,,,,682,JECOL,2010,98,1,1349,Honor,C,Prentice,Honor C Prentice,SE,SE,Lund University,,,,Sweden,SWE,,,,,,,,683,JECOL,2010,98,1,557,Chris,,Preston,Chris Preston,SE,SE,Centre for Ecology and Hydrology,,,,UK,GBR,,,,,,,,684,JECOL,2010,98,1,2526,Michael,CF,Proctor,Michael CF Proctor,SE,SE,University of Exeter,,,,UK,GBR,,,,,,,,685,JECOL,2010,98,1,2534,Mark,,Rees,Mark Rees,AE,AE,University Sheffield,,,,UK,GBR,,,,,,,,686,JECOL,2010,98,1,3466,Susan,,Schwinning,Susan Schwinning,SE,SE,Texas State University,,,,USA,USA,,,,,,,,687,JECOL,2010,98,1,2558,Marina,,Semchenko,Marina Semchenko,SE,SE,University of Tartu,,,,Estonia,EST,,,,,,,,688,JECOL,2010,98,1,3474,Sedonia,,Sipes,Sedonia Sipes,SE,SE,Southern Illinois University,,,,USA,USA,,,,,,,,689,JECOL,2010,98,1,880,David,,Streeter,David Streeter,SE,SE,University of Sussex,,,,UK,GBR,,,,,,,,690,JECOL,2010,98,1,2938,Peter,,Thrall,Peter Thrall,SE,SE,No one by this name,,,,Australia,AUS,,,,,,,,691,JECOL,2010,98,1,1370,Hanna,,Tuomisto,Hanna Tuomisto,SE,SE,No one by this name,,,,Finland,FIN,,,,,,,,692,JECOL,2010,98,1,3234,Roy,,Turkington,Roy Turkington,SE,SE,University of British Columbia,,,,Canada,CAN,,,,,,,,693,JECOL,2010,98,1,2579,Matthew,,Turnbull,Matthew Turnbull,SE,SE,University of Canterbury,,,,New Zealand,NZL,,,,,,,,694,JECOL,2010,98,1,2583,Michael,B,Usher,Michael B Usher,SE,SE,University of Stirling,,,,UK,GBR,,,,,,,,695,JECOL,2010,98,1,2586,Marcel,,VanDerHeijden,Marcel VanDerHeijden,SE,SE,ART Research Station,,,,Netherlands,NLD,,,,,,,,696,JECOL,2010,98,1,3237,Rene,,VanDerWal,Rene VanDerWal,AE,AE,University of Aberdeen,,,,UK,GBR,,,,,,,,697,JECOL,2010,98,1,3504,Scott,D,Wilson,Scott D Wilson,SE,SE,University of Regina,,,,Canada,CAN,,,,,,,,698,JECOL,2010,98,1,1279,Gerhard,,Zotz,Gerhard Zotz,SE,SE,University of Oldenburg,,,,Switzerland,CHE,,,,,,,,699,JECOL,2010,98,1,2960,Pieter,A,Zuidema,Pieter A Zuidema,SE,SE,University of Utrecht,,,,Netherlands,NLD,,,,,,,,700,JECOL,2011,99,1,2967,Rien,,Aerts,Rien Aerts,SE,SE,Free University Amsterdam,,,,Netherlands,NLD,,,,,,,,701,JECOL,2011,99,1,2267,Marcelo,,Aizen,Marcelo Aizen,SE,SE,Universidad Nacional del Comahue,,,,Argentina,ARG,,,,,,,,702,JECOL,2011,99,1,2753,Peter,,Alpert,Peter Alpert,SE,SE,University of Massachusetts,,,,USA,USA,,,,,,,,703,JECOL,2011,99,1,9,Amy,T,Austin,Amy T Austin,SE,SE,University of Buenos Aires,,,,Argentina,ARG,,,,,,,,704,JECOL,2011,99,1,2977,Richard,D,Bardgett,Richard D Bardgett,SE,SE,Landcaster University,,,,UK,GBR,,,,,,,,705,JECOL,2011,99,1,2765,Peter,J,Bellingham,Peter J Bellingham,SE,SE,Landcare Research,,,,New Zealand,NZL,,,,,,,,706,JECOL,2011,99,1,3285,Stephen,P,Bonser,Stephen P Bonser,AE,AE,University of New South Wales,,,,USA,USA,,,,,,,,707,JECOL,2011,99,1,2994,Richard,,Bradshaw,Richard Bradshaw,AE,AE,University of Liverpool,,,,UK,GBR,,,,,,,,708,JECOL,2011,99,1,2994,Richard,,Bradshaw,Richard Bradshaw,SE,SE,University of Liverpool,,,,UK,GBR,,,,,,,,709,JECOL,2011,99,1,1485,Judith,L,Bronstein,Judith L Bronstein,SE,SE,University of Arizona,,,,USA,USA,,,,,,,,710,JECOL,2011,99,1,2997,Rob,,Brooker,Rob Brooker,SE,SE,The Macaulay Institute,,,,UK,GBR,,,,,,,,711,JECOL,2011,99,1,1496,James,,Cahill,James Cahill,SE,SE,University of Alberta,,,,Canada,CAN,,,,,,,,712,JECOL,2011,99,1,3009,Ragan,M,Callaway,Ragan M Callaway,SE,SE,University of Montana,,,,USA,USA,,,,,,,,713,JECOL,2011,99,1,416,Charles,D,Canham,Charles D Canham,SE,SE,Institute of Ecosystem Studies,,,,USA,USA,,,,,,,,714,JECOL,2011,99,1,655,David,,Coomes,David Coomes,SE,SE,University of Cambridge,,,,UK,GBR,,,,,,,,715,JECOL,2011,99,1,1293,Hans,,Cornelissen,Hans Cornelissen,SE,SE,Free University Amsterdam,,,,Netherlands,NLD,,,,,,,,716,JECOL,2011,99,1,955,Ellen,,Damschen,Ellen Damschen,SE,SE,University of Wisconsin,,,,USA,USA,,,,,,,,717,JECOL,2011,99,1,50,Anthony,J,Davy,Anthony J Davy,SE,SE,University of East Anglia,,,,UK,GBR,,,,,,,,718,JECOL,2011,99,1,1296,Hans,,DeKroon,Hans DeKroon,SE,SE,Radboud University,,,,Netherlands,NLD,,,,,,,,719,JECOL,2011,99,1,3850,Andy,,Dyer,Andy Dyer,SE,SE,University of Carolina Aiken,,,,USA,USA,,,,,,,,720,JECOL,2011,99,1,1582,Jason,,Fridley,Jason Fridley,SE,SE,Syracuse University,,,,USA,USA,,,,,,,,721,JECOL,2011,99,1,2150,Luis,Santamaria,Galdon,Luis Santamaria Galdon,SE,SE,Instituto Mediterraneo de Estudios Avanzados (IMEDEA),,,,USA,USA,,,,,,,,722,JECOL,2011,99,1,703,David,J,Gibson,David J Gibson,SE,SE,Southern Illinois University,,,,USA,USA,,,,,,,,723,JECOL,2011,99,1,1070,Frank,S,Gilliam,Frank S Gilliam,SE,SE,Marshall University,,,,USA,USA,,,,,,,,724,JECOL,2011,99,1,2157,Lorena,,Gomez-Aparicio,Lorena Gomez-Aparicio,SE,SE,Instituto de Recursos Naturales& Agrobiologia,,,,Spain,ESP,,,,,,,,725,JECOL,2011,99,1,714,Dali,,Guo,Dali Guo,SE,SE,Peking University,,,,China,CHN,,,,,,,,726,JECOL,2011,99,1,2013,Kyle,,Harms,Kyle Harms,SE,SE,Louisiana State Univeristy,,,,USA,USA,,,,,,,,727,JECOL,2011,99,1,2408,Martin,,Heil,Martin Heil,SE,SE,CINVESTAV,,Irapuato,Mexico,Germany,DEU,,,,,,,,728,JECOL,2011,99,1,2419,Michael,J,Hutchings,Michael J Hutchings,EIC,EIC,University of Sussex,,,,UK,GBR,,,,,,,,729,JECOL,2011,99,1,1318,Hans,,Jacquemyn,Hans Jacquemyn,SE,SE,University of Leuven,,,,Belgium,BEL,,,,,,,,730,JECOL,2011,99,1,3113,Robert,J,Jones,Robert J Jones,SE,SE,Virginia Polytechnic Institute and State University,,,,USA,USA,,,,,,,,731,JECOL,2011,99,1,3580,Thomas,,Kitzberger,Thomas Kitzberger,SE,SE,Universidad Nacional del Comahue,,,,Argentina,ARG,,,,,,,,732,JECOL,2011,99,1,2849,Peter,,Klinkhamer,Peter Klinkhamer,SE,SE,Leiden University,,,,Netherlands,NLD,,,,,,,,733,JECOL,2011,99,1,1704,John,A,Lee,John A Lee,SE,SE,University of Sheffield,,,,UK,GBR,,,,,,,,734,JECOL,2011,99,1,2446,Michelle,,Leishman,Michelle Leishman,SE,SE,Macquarie University,,,,Australia,AUS,,,,,,,,735,JECOL,2011,99,1,513,Christopher,,Lorite,Christopher Lorite,SE,SE,York University,,,,Canada,CAN,,,,,,,,736,JECOL,2011,99,1,1101,Fernando,,Maestre,Fernando Maestre,SE,SE,University of Rey Juan Carlos,,,,Spain,ESP,,,,,,,,737,JECOL,2011,99,1,155,Angela,,Moles,Angela Moles,SE,SE,University of New South Wales,,,,Australia,AUS,,,,,,,,738,JECOL,2011,99,1,1785,Jonathan,A,Newman,Jonathan A Newman,SE,SE,University of Guelph,,,,Canada,CAN,,,,,,,,739,JECOL,2011,99,1,539,Christer,,Nilsson,Christer Nilsson,SE,SE,Umea University,,,,Sweden,SWE,,,,,,,,740,JECOL,2011,99,1,1349,Honor,C,Prentice,Honor C Prentice,SE,SE,Lund University,,,,Sweden,SWE,,,,,,,,741,JECOL,2011,99,1,557,Chris,,Preston,Chris Preston,SE,SE,Centre for Ecology and Hydrology,,,,UK,GBR,,,,,,,,742,JECOL,2011,99,1,2526,Michael,CF,Proctor,Michael CF Proctor,SE,SE,University of Exeter,,,,UK,GBR,,,,,,,,743,JECOL,2011,99,1,2534,Mark,,Rees,Mark Rees,AE,AE,University of Sheffield,,,,UK,GBR,,,,,,,,744,JECOL,2011,99,1,3210,Roberto,,Salguero-Gomez,Roberto Salguero-Gomez,SE,SE,University of Pennsylvania,,,,Australia,AUS,,,,,,,,745,JECOL,2011,99,1,3466,Susan,,Schwinning,Susan Schwinning,SE,SE,Texas State University,,,,USA,USA,,,,,,,,746,JECOL,2011,99,1,2558,Marina,,Semchenko,Marina Semchenko,SE,SE,University of Tartu,,,,Estonia,EST,,,,,,,,747,JECOL,2011,99,1,357,Brian,,Silliman,Brian Silliman,SE,SE,University of Florida,,,,USA,USA,,,,,,,,748,JECOL,2011,99,1,3474,Sedonia,,Sipes,Sedonia Sipes,SE,SE,Southern Illinois University,,,,USA,USA,,,,,,,,749,JECOL,2011,99,1,880,David,,Streeter,David Streeter,SE,SE,University of Sussex,,,,UK,GBR,,,,,,,,750,JECOL,2011,99,1,2938,Peter,,Thrall,Peter Thrall,SE,SE,CSIRO Plant Industry,,,,Australia,AUS,,,,,,,,751,JECOL,2011,99,1,1370,Hanna,,Tuomisto,Hanna Tuomisto,SE,SE,no one by this name,,,,Finland,FIN,,,,,,,,752,JECOL,2011,99,1,3234,Roy,,Turkington,Roy Turkington,SE,SE,University of British Columbia,,,,Canada,CAN,,,,,,,,753,JECOL,2011,99,1,2579,Matthew,,Turnbull,Matthew Turnbull,SE,SE,University of Canterbury,,,,New Zealand,NZL,,,,,,,,754,JECOL,2011,99,1,2583,Michael,B,Usher,Michael B Usher,SE,SE,Unniversity of Stirling,,,,UK,GBR,,,,,,,,755,JECOL,2011,99,1,2586,Marcel,,VanDerHeijden,Marcel VanDerHeijden,SE,SE,ART Research Station,,,,Netherlands,NLD,,,,,,,,756,JECOL,2011,99,1,3504,Scott,D,Wilson,Scott D Wilson,SE,SE,University of Regina,,,,Canada,CAN,,,,,,,,757,JECOL,2011,99,1,1279,Gerhard,,Zotz,Gerhard Zotz,SE,SE,University of Oldenburg,,,,Switzerland,CHE,,,,,,,,758,JECOL,2011,99,1,2960,Pieter,A,Zuidema,Pieter A Zuidema,SE,SE,University of Utrecht,,,,Netherlands,NLD,,,,,,,,759,JECOL,2012,100,1,2967,Rien,,Aerts,Rien Aerts,SE,SE,Free University Amsterdam,,,,Netherlands,NLD,,,,,,,,760,JECOL,2012,100,1,2267,Marcelo,,Aizen,Marcelo Aizen,SE,SE,Universidad Nacional del Comahue,,,,Argentina,ARG,,,,,,,,761,JECOL,2012,100,1,2753,Peter,,Alpert,Peter Alpert,SE,SE,University of Massachusetts,,,,USA,USA,,,,,,,,762,JECOL,2012,100,1,9,Amy,T,Austin,Amy T Austin,SE,SE,University of Buenos Aires,,,,Argentina,ARG,,,,,,,,763,JECOL,2012,100,1,2977,Richard,D,Bardgett,Richard D Bardgett,SE,SE,Lancaster University,,,,UK,GBR,,,,,,,,764,JECOL,2012,100,1,2765,Peter,J,Bellingham,Peter J Bellingham,SE,SE,Landcare Research,,,,New Zealand,NZL,,,,,,,,765,JECOL,2012,100,1,3285,Stephen,P,Bonser,Stephen P Bonser,AE,AE,University of New South Wales,,,,USA,USA,,,,,,,,766,JECOL,2012,100,1,2994,Richard,,Bradshaw,Richard Bradshaw,SE,SE,No one by this name,,,,UK,GBR,,,,,,,,767,JECOL,2012,100,1,1485,Judith,L,Bronstein,Judith L Bronstein,SE,SE,University of Arizona,,,,USA,USA,,,,,,,,768,JECOL,2012,100,1,2997,Rob,,Brooker,Rob Brooker,SE,SE,The Macaulay Institute,,,,UK,GBR,,,,,,,,769,JECOL,2012,100,1,1496,James,,Cahill,James Cahill,SE,SE,University of Alberta,,,,Canada,CAN,,,,,,,,770,JECOL,2012,100,1,3009,Ragan,M,Callaway,Ragan M Callaway,SE,SE,University of Montanna,,,,USA,USA,,,,,,,,771,JECOL,2012,100,1,416,Charles,D,Canham,Charles D Canham,SE,SE,Institute of Ecosystem Studies,,,,USA,USA,,,,,,,,772,JECOL,2012,100,1,3297,Scott,,Chamberlain,Scott Chamberlain,SE,SE,Rice University,,,,Canada,CAN,,,,,,,,773,JECOL,2012,100,1,655,David,,Coomes,David Coomes,SE,SE,University of Cambridge,,,,UK,GBR,,,,,,,,774,JECOL,2012,100,1,1293,Hans,,Cornelissen,Hans Cornelissen,SE,SE,Free University Amsterdam,,,,Netherlands,NLD,,,,,,,,775,JECOL,2012,100,1,3726,Will,K,Cornwell,Will K Cornwell,SE,SE,Vrije Universiteit Amsterdam,,,,Australia,AUS,,,,,,,,776,JECOL,2012,100,1,50,Anthony,J,Davy,Anthony J Davy,SE,SE,University of East Anglia,,,,UK,GBR,,,,,,,,777,JECOL,2012,100,1,1296,Hans,,DeKroon,Hans DeKroon,SE,SE,Radboud University,,,,Netherlands,NLD,,,,,,,,778,JECOL,2012,100,1,3850,Andy,,Dyer,Andy Dyer,SE,SE,University of Carolina Aiken,,,,USA,USA,,,,,,,,779,JECOL,2012,100,1,1582,Jason,,Fridley,Jason Fridley,SE,SE,Syracuse University,,,,USA,USA,,,,,,,,780,JECOL,2012,100,1,2150,Luis,Santamaria,Galdon,Luis Santamaria Galdon,SE,SE,Instituto Mediterraneo de Estudios Avanzados (IMEDEA),,,,USA,USA,,,,,,,,781,JECOL,2012,100,1,703,David,J,Gibson,David J Gibson,SE,SE,Southern Illinois University,,,,USA,USA,,,,,,,,782,JECOL,2012,100,1,1070,Frank,S,Gilliam,Frank S Gilliam,SE,SE,Marshall University,,,,USA,USA,,,,,,,,783,JECOL,2012,100,1,2157,Lorena,,Gomez-Aparicio,Lorena Gomez-Aparicio,SE,SE,Instituto de Recursos Naturales& Agrobiologia,,,,Spain,ESP,,,,,,,,784,JECOL,2012,100,1,714,Dali,,Guo,Dali Guo,SE,SE,Peking University,,,,China,CHN,,,,,,,,785,JECOL,2012,100,1,2013,Kyle,,Harms,Kyle Harms,SE,SE,Louisiana State Univeristy,,,,USA,USA,,,,,,,,786,JECOL,2012,100,1,2408,Martin,,Heil,Martin Heil,SE,SE,CINVESTAV,,Iraputo,Mexico,Germany,DEU,,,,,,,,787,JECOL,2012,100,1,2419,Michael,J,Hutchings,Michael J Hutchings,EIC,EIC,University of Sussex,,,,UK,GBR,,,,,,,,788,JECOL,2012,100,1,1318,Hans,,Jacquemyn,Hans Jacquemyn,SE,SE,University of Leuven,,,,Belgium,BEL,,,,,,,,789,JECOL,2012,100,1,3113,Robert,J,Jones,Robert J Jones,SE,SE,Virginia Polytechnic Institute and State University,,,,USA,USA,,,,,,,,790,JECOL,2012,100,1,984,Eelke,,Jongejans,Eelke Jongejans,SE,SE,Radboud University Nijmegen,,,,Netherlands,NLD,,,,,,,,791,JECOL,2012,100,1,3580,Thomas,,Kitzberger,Thomas Kitzberger,SE,SE,Universidad Nacional del Comahue,,,,Argentina,ARG,,,,,,,,792,JECOL,2012,100,1,2849,Peter,,Klinkhamer,Peter Klinkhamer,SE,SE,Leiden University,,,,Netherlands,NLD,,,,,,,,793,JECOL,2012,100,1,1704,John,A,Lee,John A Lee,SE,SE,University of Sheffield,,,,UK,GBR,,,,,,,,794,JECOL,2012,100,1,2446,Michelle,,Leishman,Michelle Leishman,SE,SE,Macquarie University,,,,Australia,AUS,,,,,,,,795,JECOL,2012,100,1,2470,Matthew,,McGlone,Matthew McGlone,SE,SE,No one by this name,,,,New Zealand,NZL,,,,,,,,796,JECOL,2012,100,1,155,Angela,,Moles,Angela Moles,SE,SE,University of New South Wales,,,,Australia,AUS,,,,,,,,797,JECOL,2012,100,1,1785,Jonathan,A,Newman,Jonathan A Newman,SE,SE,University of Guelph,,,,Canada,CAN,,,,,,,,798,JECOL,2012,100,1,539,Christer,,Nilsson,Christer Nilsson,SE,SE,Umea University,,,,Sweden,SWE,,,,,,,,799,JECOL,2012,100,1,1349,Honor,C,Prentice,Honor C Prentice,SE,SE,Lund University,,,,Sweden,SWE,,,,,,,,800,JECOL,2012,100,1,557,Chris,,Preston,Chris Preston,SE,SE,Centre for Ecology and Hydrology,,,,UK,GBR,,,,,,,,801,JECOL,2012,100,1,2526,Michael,CF,Proctor,Michael CF Proctor,SE,SE,University of Exeter,,,,UK,GBR,,,,,,,,802,JECOL,2012,100,1,2534,Mark,,Rees,Mark Rees,AE,AE,No one by this name,,,,UK,GBR,,,,,,,,803,JECOL,2012,100,1,3210,Roberto,,Salguero-Gomez,Roberto Salguero-Gomez,SE,SE,Max Planck Institute for Demographic Research,,,,Australia,AUS,,,,,,,,804,JECOL,2012,100,1,3466,Susan,,Schwinning,Susan Schwinning,SE,SE,Texas State University,,,,USA,USA,,,,,,,,805,JECOL,2012,100,1,2558,Marina,,Semchenko,Marina Semchenko,SE,SE,University of Tartu,,,,Estonia,EST,,,,,,,,806,JECOL,2012,100,1,357,Brian,,Silliman,Brian Silliman,SE,SE,University of Florida,,,,USA,USA,,,,,,,,807,JECOL,2012,100,1,3474,Sedonia,,Sipes,Sedonia Sipes,SE,SE,Southern Illinois University,,,,USA,USA,,,,,,,,808,JECOL,2012,100,1,880,David,,Streeter,David Streeter,SE,SE,University of Sussex,,,,UK,GBR,,,,,,,,809,JECOL,2012,100,1,2938,Peter,,Thrall,Peter Thrall,SE,SE,CSIRO Plant Industry,,,,Australia,AUS,,,,,,,,810,JECOL,2012,100,1,1370,Hanna,,Tuomisto,Hanna Tuomisto,SE,SE,No one by this name,,,,Finland,FIN,,,,,,,,811,JECOL,2012,100,1,2579,Matthew,,Turnbull,Matthew Turnbull,SE,SE,University of Canterbury,,,,New Zealand,NZL,,,,,,,,812,JECOL,2012,100,1,2583,Michael,B,Usher,Michael B Usher,SE,SE,University of Stirlinng,,,,UK,GBR,,,,,,,,813,JECOL,2012,100,1,2586,Marcel,,VanDerHeijden,Marcel VanDerHeijden,SE,SE,ART Research Station,,Zurich,Switzerland,Netherlands,NLD,,,,,,,,814,JECOL,2012,100,1,2945,Peter,,Vesk,Peter Vesk,SE,SE,University of Melbourne,,,,Australia,AUS,,,,,,,,815,JECOL,2012,100,1,2109,Ken,,Whitney,Ken Whitney,SE,SE,Rice University,,,,USA,USA,,,,,,,,816,JECOL,2012,100,1,3504,Scott,D,Wilson,Scott D Wilson,SE,SE,University of Regina,,,,Canada,CAN,,,,,,,,817,JECOL,2012,100,1,2707,Nina,,Wurzburger,Nina Wurzburger,SE,SE,University of Georgia,,,,USA,USA,,,,,,,,818,JECOL,2012,100,1,1279,Gerhard,,Zotz,Gerhard Zotz,SE,SE,University of Oldenburg,,,,Switzerland,CHE,,,,,,,,819,JECOL,2012,100,1,2960,Pieter,A,Zuidema,Pieter A Zuidema,SE,SE,University of Utrecht,,,,Netherlands,NLD,,,,,,,,820,JECOL,2013,101,1,2967,Rien,,Aerts,Rien Aerts,SE,SE,Free University Amsterdam,,,,Netherlands,NLD,,,,,,,,821,JECOL,2013,101,1,2267,Marcelo,,Aizen,Marcelo Aizen,SE,SE,Universidad Nacional del Comahue,,,,Argentina,ARG,,,,,,,,822,JECOL,2013,101,1,2753,Peter,,Alpert,Peter Alpert,SE,SE,University of Massachusetts,,,,USA,USA,,,,,,,,823,JECOL,2013,101,1,9,Amy,T,Austin,Amy T Austin,SE,SE,University of Buenos Aires,,,,Argentina,ARG,,,,,,,,824,JECOL,2013,101,1,2977,Richard,D,Bardgett,Richard D Bardgett,SE,SE,Lancaster University,,,,UK,GBR,,,,,,,,825,JECOL,2013,101,1,2765,Peter,J,Bellingham,Peter J Bellingham,SE,SE,Landcare Research,,,,New Zealand,NZL,,,,,,,,826,JECOL,2013,101,1,3285,Stephen,P,Bonser,Stephen P Bonser,AE,AE,University of New South Wales,,,,USA,USA,,,,,,,,827,JECOL,2013,101,1,2994,Richard,,Bradshaw,Richard Bradshaw,SE,SE,No one by this name,,,,UK,GBR,,,,,,,,828,JECOL,2013,101,1,2997,Rob,,Brooker,Rob Brooker,SE,SE,The Macaulay Institute,,,,UK,GBR,,,,,,,,829,JECOL,2013,101,1,1496,James,,Cahill,James Cahill,SE,SE,University of Alberta,,,,Canada,CAN,,,,,,,,830,JECOL,2013,101,1,3009,Ragan,M,Callaway,Ragan M Callaway,SE,SE,University of Montana,,,,USA,USA,,,,,,,,831,JECOL,2013,101,1,416,Charles,D,Canham,Charles D Canham,SE,SE,Institute of Ecosystem Studies,,,,USA,USA,,,,,,,,832,JECOL,2013,101,1,3297,Scott,,Chamberlain,Scott Chamberlain,SE,SE,Rice University,,,,Canada,CAN,,,,,,,,833,JECOL,2013,101,1,655,David,,Coomes,David Coomes,SE,SE,University of Cambridge,,,,UK,GBR,,,,,,,,834,JECOL,2013,101,1,1293,Hans,,Cornelissen,Hans Cornelissen,SE,SE,Free University Amsterdam,,,,Netherlands,NLD,,,,,,,,835,JECOL,2013,101,1,3726,Will,K,Cornwell,Will K Cornwell,SE,SE,Vrije Universiteit Amsterdam,,,,Australia,AUS,,,,,,,,836,JECOL,2013,101,1,50,Anthony,J,Davy,Anthony J Davy,SE,SE,University of East Anglia,,,,UK,GBR,,,,,,,,837,JECOL,2013,101,1,1167,Gerlinde,,DeDeyn,Gerlinde DeDeyn,SE,SE,Wageningen University,,,,Netherlands,NLD,,,,,,,,838,JECOL,2013,101,1,1296,Hans,,DeKroon,Hans DeKroon,SE,SE,Radboud University,,,,Netherlands,NLD,,,,,,,,839,JECOL,2013,101,1,3850,Andy,,Dyer,Andy Dyer,SE,SE,University of Carolina Aiken,,,,USA,USA,,,,,,,,840,JECOL,2013,101,1,1582,Jason,,Fridley,Jason Fridley,SE,SE,Syracuse University,,,,USA,USA,,,,,,,,841,JECOL,2013,101,1,2150,Luis,Santamaria,Galdon,Luis Santamaria Galdon,SE,SE,Instituto mediterraneo de Estudios Avanzados (IMEDEA),,,Spain,USA,USA,,,,,,,,842,JECOL,2013,101,1,703,David,J,Gibson,David J Gibson,EIC,EIC,Southern Illinois University,,,,USA,USA,,,,,,,,843,JECOL,2013,101,1,1070,Frank,S,Gilliam,Frank S Gilliam,SE,SE,Marshall University,,,,USA,USA,,,,,,,,844,JECOL,2013,101,1,2157,Lorena,,Gomez-Aparicio,Lorena Gomez-Aparicio,SE,SE,Instituto de Recursos Naturales& Agrobiologia,,,,Spain,ESP,,,,,,,,845,JECOL,2013,101,1,714,Dali,,Guo,Dali Guo,SE,SE,Peking University,,,,China,CHN,,,,,,,,846,JECOL,2013,101,1,2408,Martin,,Heil,Martin Heil,SE,SE,CINVESTAV,,Irapuato,Mexico,Germany,DEU,,,,,,,,847,JECOL,2013,101,1,1318,Hans,,Jacquemyn,Hans Jacquemyn,SE,SE,University of Leuven,,,,Belgium,BEL,,,,,,,,848,JECOL,2013,101,1,3113,Robert,J,Jones,Robert J Jones,SE,SE,Virginia Polytechnic Institute and State University,,,,USA,USA,,,,,,,,849,JECOL,2013,101,1,984,Eelke,,Jongejans,Eelke Jongejans,SE,SE,Radboud University Nijmegen,,,,Netherlands,NLD,,,,,,,,850,JECOL,2013,101,1,3580,Thomas,,Kitzberger,Thomas Kitzberger,SE,SE,Universidad Nacional del Comahue,,,,Argentina,ARG,,,,,,,,851,JECOL,2013,101,1,2849,Peter,,Klinkhamer,Peter Klinkhamer,SE,SE,Leiden University,,,,Netherlands,NLD,,,,,,,,852,JECOL,2013,101,1,1704,John,A,Lee,John A Lee,SE,SE,University of Sheffield,,,,UK,GBR,,,,,,,,853,JECOL,2013,101,1,2446,Michelle,,Leishman,Michelle Leishman,SE,SE,Macquarie University,,,,Australia,AUS,,,,,,,,854,JECOL,2013,101,1,3140,Richard,N,Mack,Richard N Mack,SE,SE,Washington State University,,,,USA,USA,,,,,,,,855,JECOL,2013,101,1,1226,Glenn,R,Matlack,Glenn R Matlack,SE,SE,Ohio University,,,,USA,USA,,,,,,,,856,JECOL,2013,101,1,2470,Matthew,,McGlone,Matthew McGlone,SE,SE,Landcare Research,,,,New Zealand,NZL,,,,,,,,857,JECOL,2013,101,1,1785,Jonathan,A,Newman,Jonathan A Newman,SE,SE,University of Guelph,,,,Canada,CAN,,,,,,,,858,JECOL,2013,101,1,539,Christer,,Nilsson,Christer Nilsson,SE,SE,Umea University,,,,Sweden,SWE,,,,,,,,859,JECOL,2013,101,1,1349,Honor,C,Prentice,Honor C Prentice,SE,SE,Lund University,,,,Sweden,SWE,,,,,,,,860,JECOL,2013,101,1,557,Chris,,Preston,Chris Preston,SE,SE,Centre for Ecology and Hydrology,,,,UK,GBR,,,,,,,,861,JECOL,2013,101,1,2526,Michael,CF,Proctor,Michael CF Proctor,SE,SE,University of Exeter,,,,UK,GBR,,,,,,,,862,JECOL,2013,101,1,2534,Mark,,Rees,Mark Rees,AE,AE,University of Sheffield,,,,UK,GBR,,,,,,,,863,JECOL,2013,101,1,3210,Roberto,,Salguero-Gomez,Roberto Salguero-Gomez,SE,SE,Max Planck Institute for Demographic Research,,,,Australia,AUS,,,,,,,,864,JECOL,2013,101,1,3466,Susan,,Schwinning,Susan Schwinning,SE,SE,Texas State University,,,,USA,USA,,,,,,,,865,JECOL,2013,101,1,2558,Marina,,Semchenko,Marina Semchenko,SE,SE,University of Tartu,,,,Estonia,EST,,,,,,,,866,JECOL,2013,101,1,3219,Richard,P,Shefferson,Richard P Shefferson,SE,SE,University of Georgia,,,,USA,USA,,,,,,,,867,JECOL,2013,101,1,357,Brian,,Silliman,Brian Silliman,SE,SE,University of Florida,,,,USA,USA,,,,,,,,868,JECOL,2013,101,1,880,David,,Streeter,David Streeter,SE,SE,University of Sussex,,,,UK,GBR,,,,,,,,869,JECOL,2013,101,1,2938,Peter,,Thrall,Peter Thrall,SE,SE,CSIRO Plant Industry,,,,Australia,AUS,,,,,,,,870,JECOL,2013,101,1,1370,Hanna,,Tuomisto,Hanna Tuomisto,SE,SE,No one by this name,,,,Finland,FIN,,,,,,,,871,JECOL,2013,101,1,2579,Matthew,,Turnbull,Matthew Turnbull,SE,SE,University of Canterbury,,,,New Zealand,NZL,,,,,,,,872,JECOL,2013,101,1,2583,Michael,B,Usher,Michael B Usher,SE,SE,University of Stirling,,,,UK,GBR,,,,,,,,873,JECOL,2013,101,1,2586,Marcel,,VanDerHeijden,Marcel VanDerHeijden,SE,SE,ART Research Station,,,,Netherlands,NLD,,,,,,,,874,JECOL,2013,101,1,2945,Peter,,Vesk,Peter Vesk,SE,SE,University of Melbourne,,,,Australia,AUS,,,,,,,,875,JECOL,2013,101,1,2109,Ken,,Whitney,Ken Whitney,SE,SE,Rice University,,,,USA,USA,,,,,,,,876,JECOL,2013,101,1,3504,Scott,D,Wilson,Scott D Wilson,SE,SE,University of Regina,,,,Canada,CAN,,,,,,,,877,JECOL,2013,101,1,2707,Nina,,Wurzburger,Nina Wurzburger,SE,SE,University of Georgia,,,,USA,USA,,,,,,,,878,JECOL,2013,101,1,1279,Gerhard,,Zotz,Gerhard Zotz,SE,SE,University of Oldenburg,,,Germany,Switzerland,CHE,,,,,,,,879,JECOL,2013,101,1,2960,Pieter,A,Zuidema,Pieter A Zuidema,SE,SE,University of Utrecht,,,,Netherlands,NLD,,,,,,,,880,JECOL,2014,102,1,2967,Rien,,Aerts,Rien Aerts,SE,SE,Free University Amsterdam,,,,Netherlands,NLD,,,,,,,,881,JECOL,2014,102,1,2753,Peter,,Alpert,Peter Alpert,SE,SE,University of Massachusetts,,,,USA,USA,,,,,,,,882,JECOL,2014,102,1,9,Amy,T,Austin,Amy T Austin,AE,AE,University of Buenos Aires and IFEVA,,,,Argentina,ARG,,,,,,,,883,JECOL,2014,102,1,2977,Richard,D,Bardgett,Richard D Bardgett,AE,AE,University of Manchester,,,,UK,GBR,,,,,,,,884,JECOL,2014,102,1,1390,Ignasi,,Bartomeus,Ignasi Bartomeus,SE,SE,Swedish University of Agricultural Sciences,,,,Sweden,SWE,,,,,,,,885,JECOL,2014,102,1,2765,Peter,J,Bellingham,Peter J Bellingham,SE,SE,Landcare Research,,,,New Zealand,NZL,,,,,,,,886,JECOL,2014,102,1,3285,Stephen,P,Bonser,Stephen P Bonser,SE,SE,University of New South Wales,,,,Australia,AUS,,,,,,,,887,JECOL,2014,102,1,407,Caroline,,Brophy,Caroline Brophy,SE,SE,National University of Ireland,,,Maynooth,Ireland,IRL,,,,,,,,888,JECOL,2014,102,1,3829,Yvonne,,Buckley,Yvonne Buckley,SE,SE,University of Queensland,,,,Australia,AUS,,,,,,,,889,JECOL,2014,102,1,1496,James,,Cahill,James Cahill,SE,SE,University of Alberta,,,,Canada,CAN,,,,,,,,890,JECOL,2014,102,1,3009,Ragan,M,Callaway,Ragan M Callaway,SE,SE,University of Montana,,,,USA,USA,,,,,,,,891,JECOL,2014,102,1,416,Charles,D,Canham,Charles D Canham,SE,SE,Institute of Ecosystem Studies,,,,USA,USA,,,,,,,,892,JECOL,2014,102,1,3723,Walter,P,Carson,Walter P Carson,SE,SE,University of Pittsburg,,,,USA,USA,,,,,,,,893,JECOL,2014,102,1,3297,Scott,,Chamberlain,Scott Chamberlain,SE,SE,No one by this name,,,,Canada,CAN,,,,,,,,894,JECOL,2014,102,1,655,David,,Coomes,David Coomes,SE,SE,University of Cambridge,,,,UK,GBR,,,,,,,,895,JECOL,2014,102,1,1293,Hans,JHC,Cornelissen,Hans JHC Cornelissen,SE,SE,Free University Amsterdam,,,,Netherlands,NLD,,,,,,,,896,JECOL,2014,102,1,3726,Will,K,Cornwell,Will K Cornwell,SE,SE,VRije Universiteit Amsterdam,,,,Netherlands,NLD,,,,,,,,897,JECOL,2014,102,1,50,Anthony,J,Davy,Anthony J Davy,SE,SE,University of East Anglia,,,,UK,GBR,,,,,,,,898,JECOL,2014,102,1,1167,Gerlinde,Barbra,DeDeyn,Gerlinde Barbra DeDeyn,SE,SE,Wageningen University,,,,Netherlands,NLD,,,,,,,,899,JECOL,2014,102,1,1296,Hans,,DeKroon,Hans DeKroon,SE,SE,Radboud University,,,,Netherlands,NLD,,,,,,,,900,JECOL,2014,102,1,1065,Franciska,,DeVires,Franciska DeVires,SE,SE,The University of Manchester,,,,UK,GBR,,,,,,,,901,JECOL,2014,102,1,3849,Andrew,R,Dyer,Andrew R Dyer,SE,SE,University of Carolina Aiken,,,,USA,USA,,,,,,,,902,JECOL,2014,102,1,688,Dan,,Flynn,Dan Flynn,SE,SE,University of Zurich,,,,Switzerland,CHE,,,,,,,,903,JECOL,2014,102,1,1582,Jason,,Fridley,Jason Fridley,SE,SE,Syracuse University,,,,USA,USA,,,,,,,,904,JECOL,2014,102,1,703,David,J,Gibson,David J Gibson,EIC,EIC,Southern Illinois University,"Center for Ecology, Department of Plant Biology",Carbondale,IL 62901-6509,USA,USA,,,,,,,,905,JECOL,2014,102,1,1070,Frank,S,Gilliam,Frank S Gilliam,SE,SE,Marshall Unin,,,,USA,USA,,,,,,,,906,JECOL,2014,102,1,2157,Lorena,,Gomez-Aparicio,Lorena Gomez-Aparicio,SE,SE,Instituto de Recursos Naturales& Agrobiologia,,,,Spain,ESP,,,,,,,,907,JECOL,2014,102,1,714,Dali,,Guo,Dali Guo,SE,SE,Pekinn,,,,China,CHN,,,,,,,,908,JECOL,2014,102,1,2406,Matt,,Heard,Matt Heard,SE,SE,Centre for Ecology and Hydrology,,,,UK,GBR,,,,,,,,909,JECOL,2014,102,1,2408,Martin,,Heil,Martin Heil,SE,SE,CINVESTAV,,,,Mexico,MEX,,,,,,,,910,JECOL,2014,102,1,1318,Hans,,Jacquemyn,Hans Jacquemyn,SE,SE,University of Leuven,,,,Belgium,BEL,,,,,,,,911,JECOL,2014,102,1,3113,Robert,J,Jones,Robert J Jones,SE,SE,West Virginia University,,,,USA,USA,,,,,,,,912,JECOL,2014,102,1,984,Eelke,,Jongejans,Eelke Jongejans,SE,SE,Radboud University Nijmegen,,,,Netherlands,NLD,,,,,,,,913,JECOL,2014,102,1,1699,Jennifer,,Lau,Jennifer Lau,SE,SE,Machigan State University,,,,USA,USA,,,,,,,,914,JECOL,2014,102,1,3385,Sandra,,Lavorel,Sandra Lavorel,SE,SE,Universite Joseph Fourier,,,,France,FRA,,,,,,,,915,JECOL,2014,102,1,1704,John,,Lee,John Lee,SE,SE,University of Sheffield,,,,UK,GBR,,,,,,,,916,JECOL,2014,102,1,2446,Michelle,,Leishman,Michelle Leishman,SE,SE,Macquarie University,,,,Australia,AUS,,,,,,,,917,JECOL,2014,102,1,141,Andrew,,MacDougall,Andrew MacDougall,SE,SE,University of Guelph,,,,Canada,CAN,,,,,,,,918,JECOL,2014,102,1,3140,Richard,N,Mack,Richard N Mack,SE,SE,Washington State University,,,,USA,USA,,,,,,,,919,JECOL,2014,102,1,1226,Glenn,R,Matlack,Glenn R Matlack,SE,SE,Ohio University,,,,USA,USA,,,,,,,,920,JECOL,2014,102,1,2470,Matthew,,McGlone,Matthew McGlone,SE,SE,Landcare Research,,,,New Zealand,NZL,,,,,,,,921,JECOL,2014,102,1,1785,Jonathan,A,Newman,Jonathan A Newman,SE,SE,University of Guelph,,,,Canada,CAN,,,,,,,,922,JECOL,2014,102,1,539,Christer,,Nilsson,Christer Nilsson,SE,SE,Umea University,,,,Sweden,SWE,,,,,,,,923,JECOL,2014,102,1,3192,Ryan,,Phillips,Ryan Phillips,SE,SE,Kings Park and Botanic Gardens,,,,Australia,AUS,,,,,,,,924,JECOL,2014,102,1,1118,Frida,,Piper,Frida Piper,SE,SE,CIEP,,,,Chile,CHL,,,,,,,,925,JECOL,2014,102,1,1349,Honor,C,Prentice,Honor C Prentice,SE,SE,Lund University,,,,Sweden,SWE,,,,,,,,926,JECOL,2014,102,1,557,Chris,,Preston,Chris Preston,SE,SE,Centre for Ecology and Hydrology,,,,UK,GBR,,,,,,,,927,JECOL,2014,102,1,2526,Michael,CF,Proctor,Michael CF Proctor,SE,SE,University of Exeter,,,,UK,GBR,,,,,,,,928,JECOL,2014,102,1,2680,Nicole,,Rafferty,Nicole Rafferty,SE,SE,University of Arizona,,,,USA,USA,,,,,,,,929,JECOL,2014,102,1,2534,Mark,,Rees,Mark Rees,AE,AE,University of Sheffield,,,,UK,GBR,,,,,,,,930,JECOL,2014,102,1,3210,Roberto,,Salguero-Gomez,Roberto Salguero-Gomez,SE,SE,University of Queensland,,,,Australia,AUS,,,,,,,,931,JECOL,2014,102,1,3466,Susan,,Schwinning,Susan Schwinning,SE,SE,Texas State University,,,,USA,USA,,,,,,,,932,JECOL,2014,102,1,2558,Marina,,Semchenko,Marina Semchenko,SE,SE,University of Tartu,,,,Estonia,EST,,,,,,,,933,JECOL,2014,102,1,3219,Richard,P,Shefferson,Richard P Shefferson,SE,SE,University of Georgia,,,,USA,USA,,,,,,,,934,JECOL,2014,102,1,357,Brian,,Silliman,Brian Silliman,SE,SE,University of Florida,,,,USA,USA,,,,,,,,935,JECOL,2014,102,1,3922,Melinda,,Smith,Melinda Smith,SE,SE,Colorado State University,,,,USA,USA,,,,,,,,936,JECOL,2014,102,1,880,David,,Streeter,David Streeter,SE,SE,University of Sussex,,,,UK,GBR,,,,,,,,937,JECOL,2014,102,1,2696,Nathan,,Swenson,Nathan Swenson,SE,SE,Michigan State University,,,,USA,USA,,,,,,,,938,JECOL,2014,102,1,2579,Matthew,,Turnbull,Matthew Turnbull,SE,SE,University of Canterbury,,,,New Zealand,NZL,,,,,,,,939,JECOL,2014,102,1,2583,Michael,B,Usher,Michael B Usher,SE,SE,University of Stirling,,,,UK,GBR,,,,,,,,940,JECOL,2014,102,1,2586,Marcel,,VanDerHeijden,Marcel VanDerHeijden,SE,SE,ART Research Station,,,,Switzerland,CHE,,,,,,,,941,JECOL,2014,102,1,2945,Peter,,Vesk,Peter Vesk,SE,SE,University of Melbourne,,,,Australia,AUS,,,,,,,,942,JECOL,2014,102,1,904,David,A,Wardle,David A Wardle,SE,SE,Swedish University of Agricultural Sciences,,,,Sweden,SWE,,,,,,,,943,JECOL,2014,102,1,2109,Kenneth,D,Whitney,Kenneth D Whitney,SE,SE,Rice University,,,,USA,USA,,,,,,,,944,JECOL,2014,102,1,3504,Scott,D,Wilson,Scott D Wilson,SE,SE,University of Regina,,,,Canada,CAN,,,,,,,,945,JECOL,2014,102,1,2707,Nina,,Wurzburger,Nina Wurzburger,SE,SE,University of Georgia,,,,USA,USA,,,,,,,,946,JECOL,2014,102,1,1279,Gerhard,,Zotz,Gerhard Zotz,SE,SE,University of Oldenburg,,,,Germany,DEU,,,,,,,,947,JECOL,2014,102,1,2960,Pieter,A,Zuidema,Pieter A Zuidema,SE,SE,University of Utrecht,,,,Netherlands,NLD,,,,,,,,,,,,,,,,,,,,,,,,,,,,,,,,,,,,,,,,,,,,,,,,,,,,,,,,,,,,,,,,,,,,,,,,,,,,,,,,,,,,,,,,,,,,,,,,,,,,,,,,,,,,,,,,,,,,,,,,,,,,,,john etherington,,,,,,,