JOURNAL,YEAR,VOLUME,ISSUE,editor_id,FIRST_NAME,MIDDLE_NAME,LAST_NAME,NAME,TITLE.x,CATEGORY,INST,UNIT,CITY,STATE,COUNTRY,geo.code
NEWPHYT,1985,99,1,2760,Peter,,Ayers,Peter Ayers,Editor,SE,,,,,UK,GBR
NEWPHYT,1985,99,1,636,David,,Briggs,David Briggs,Editor,SE,,,,,UK,GBR
NEWPHYT,1985,99,1,1535,J,E,Dale,J E Dale,Editor,SE,,,,,UK,GBR
NEWPHYT,1985,99,1,1549,Jeff,Green,Duckett,Jeff Green Duckett,Editor,SE,,,,,UK,GBR
NEWPHYT,1985,99,1,762,D,H,Lewis,D H Lewis,Editor,SE,,,,,UK,GBR
NEWPHYT,1985,99,1,3596,T,A,Mansfield,T A Mansfield,Editor,SE,,,,,UK,GBR
NEWPHYT,1985,99,1,881,D,P,Stribley,D P Stribley,Editor,SE,,,,,UK,GBR
NEWPHYT,1985,99,1,2932,P,J,Syrett,P J Syrett,Editor,SE,,,,,UK,GBR
NEWPHYT,1985,99,1,3247,R,Green,West,R Green West,Editor,SE,,,,,UK,GBR
NEWPHYT,1985,99,1,2618,M,M,Yeoman,M M Yeoman,Editor,SE,,,,,UK,GBR
NEWPHYT,1986,102,1,2760,Peter,,Ayers,Peter Ayers,Editor,SE,,,,,UK,GBR
NEWPHYT,1986,102,1,636,David,,Briggs,David Briggs,Editor,SE,,,,,UK,GBR
NEWPHYT,1986,102,1,1535,J,E,Dale,J E Dale,Editor,SE,,,,,UK,GBR
NEWPHYT,1986,102,1,1549,Jeff,Green,Duckett,Jeff Green Duckett,Editor,SE,,,,,UK,GBR
NEWPHYT,1986,102,1,762,D,H,Lewis,D H Lewis,Editor,SE,,,,,UK,GBR
NEWPHYT,1986,102,1,3596,T,A,Mansfield,T A Mansfield,Editor,SE,,,,,UK,GBR
NEWPHYT,1986,102,1,881,D,P,Stribley,D P Stribley,Editor,SE,,,,,UK,GBR
NEWPHYT,1986,102,1,2932,P,J,Syrett,P J Syrett,Editor,SE,,,,,UK,GBR
NEWPHYT,1986,102,1,3247,R,Green,West,R Green West,Editor,SE,,,,,UK,GBR
NEWPHYT,1986,102,1,2618,M,M,Yeoman,M M Yeoman,Editor,SE,,,,,UK,GBR
NEWPHYT,1987,105,1,2760,Peter,,Ayers,Peter Ayers,Editor,SE,,,,,UK,GBR
NEWPHYT,1987,105,1,636,David,,Briggs,David Briggs,Editor,SE,,,,,UK,GBR
NEWPHYT,1987,105,1,1535,J,E,Dale,J E Dale,Editor,SE,,,,,UK,GBR
NEWPHYT,1987,105,1,1549,Jeff,Green,Duckett,Jeff Green Duckett,Editor,SE,,,,,UK,GBR
NEWPHYT,1987,105,1,1568,J,F,Farrar,J F Farrar,Editor,SE,,,,,UK,GBR
NEWPHYT,1987,105,1,762,D,H,Lewis,D H Lewis,Editor,SE,,,,,UK,GBR
NEWPHYT,1987,105,1,3596,T,A,Mansfield,T A Mansfield,Editor,SE,,,,,UK,GBR
NEWPHYT,1987,105,1,881,D,P,Stribley,D P Stribley,Editor,SE,,,,,UK,GBR
NEWPHYT,1987,105,1,2932,P,J,Syrett,P J Syrett,Editor,SE,,,,,UK,GBR
NEWPHYT,1987,105,1,3247,R,Green,West,R Green West,Editor,SE,,,,,UK,GBR
NEWPHYT,1987,105,1,2618,M,M,Yeoman,M M Yeoman,Editor,SE,,,,,UK,GBR
NEWPHYT,1988,108,1,2760,Peter,,Ayers,Peter Ayers,Editor,SE,,,,,UK,GBR
NEWPHYT,1988,108,1,636,David,,Briggs,David Briggs,Editor,SE,,,,,UK,GBR
NEWPHYT,1988,108,1,1535,J,E,Dale,J E Dale,Editor,SE,,,,,UK,GBR
NEWPHYT,1988,108,1,1549,Jeff,Green,Duckett,Jeff Green Duckett,Editor,SE,,,,,UK,GBR
NEWPHYT,1988,108,1,1568,J,F,Farrar,J F Farrar,Editor,SE,,,,,UK,GBR
NEWPHYT,1988,108,1,762,D,H,Lewis,D H Lewis,Editor,SE,,,,,UK,GBR
NEWPHYT,1988,108,1,3596,T,A,Mansfield,T A Mansfield,Editor,SE,,,,,UK,GBR
NEWPHYT,1988,108,1,881,D,P,Stribley,D P Stribley,Editor,SE,,,,,UK,GBR
NEWPHYT,1988,108,1,2932,P,J,Syrett,P J Syrett,Editor,SE,,,,,UK,GBR
NEWPHYT,1988,108,1,3247,R,Green,West,R Green West,Editor,SE,,,,,UK,GBR
NEWPHYT,1988,108,1,2618,M,M,Yeoman,M M Yeoman,Editor,SE,,,,,UK,GBR
NEWPHYT,1989,111,1,2760,Peter,,Ayers,Peter Ayers,Editor,SE,,,,,UK,GBR
NEWPHYT,1989,111,1,636,David,,Briggs,David Briggs,Editor,SE,,,,,UK,GBR
NEWPHYT,1989,111,1,1535,J,E,Dale,J E Dale,Editor,SE,,,,,UK,GBR
NEWPHYT,1989,111,1,1549,Jeff,Green,Duckett,Jeff Green Duckett,Editor,SE,,,,,UK,GBR
NEWPHYT,1989,111,1,1568,J,F,Farrar,J F Farrar,Editor,SE,,,,,UK,GBR
NEWPHYT,1989,111,1,762,D,H,Lewis,D H Lewis,Editor,SE,,,,,UK,GBR
NEWPHYT,1989,111,1,3596,T,A,Mansfield,T A Mansfield,Editor,SE,,,,,UK,GBR
NEWPHYT,1989,111,1,881,D,P,Stribley,D P Stribley,Editor,SE,,,,,UK,GBR
NEWPHYT,1989,111,1,2932,P,J,Syrett,P J Syrett,Editor,SE,,,,,UK,GBR
NEWPHYT,1989,111,1,3247,R,Green,West,R Green West,Editor,SE,,,,,UK,GBR
NEWPHYT,1989,111,1,2618,M,M,Yeoman,M M Yeoman,Editor,SE,,,,,UK,GBR
NEWPHYT,1990,114,1,2760,Peter,,Ayers,Peter Ayers,Editor,SE,,,,,UK,GBR
NEWPHYT,1990,114,1,636,David,,Briggs,David Briggs,Editor,SE,,,,,UK,GBR
NEWPHYT,1990,114,1,1535,J,E,Dale,J E Dale,Editor,SE,,,,,UK,GBR
NEWPHYT,1990,114,1,1549,Jeff,Green,Duckett,Jeff Green Duckett,Editor,SE,,,,,UK,GBR
NEWPHYT,1990,114,1,1568,J,F,Farrar,J F Farrar,Editor,SE,,,,,UK,GBR
NEWPHYT,1990,114,1,74,Alastair,H,Fitter,Alastair H Fitter,Editor,SE,,,,,UK,GBR
NEWPHYT,1990,114,1,1590,John,R,Gallon,John R Gallon,Editor,SE,,,,,UK,GBR
NEWPHYT,1990,114,1,762,D,H,Lewis,D H Lewis,Editor,SE,,,,,UK,GBR
NEWPHYT,1990,114,1,3596,T,A,Mansfield,T A Mansfield,Editor,SE,,,,,UK,GBR
NEWPHYT,1990,114,1,854,Dale,,Sanders,Dale Sanders,Editor,SE,,,,,UK,GBR
NEWPHYT,1990,114,1,881,D,P,Stribley,D P Stribley,Editor,SE,,,,,UK,GBR
NEWPHYT,1990,114,1,3247,R,Green,West,R Green West,Editor,SE,,,,,UK,GBR
NEWPHYT,1990,114,1,1963,J,,Wolfenden,J Wolfenden,Editor,SE,,,,,UK,GBR
NEWPHYT,1990,114,1,2618,M,M,Yeoman,M M Yeoman,Editor,SE,,,,,UK,GBR
NEWPHYT,1991,117,1,1386,Ian,J,Alexander,Ian J Alexander,Editor,SE,,,,,UK,GBR
NEWPHYT,1991,117,1,2760,Peter,,Ayers,Peter Ayers,Editor,SE,,,,,UK,GBR
NEWPHYT,1991,117,1,636,David,,Briggs,David Briggs,Editor,SE,,,,,UK,GBR
NEWPHYT,1991,117,1,1535,J,E,Dale,J E Dale,Editor,SE,,,,,UK,GBR
NEWPHYT,1991,117,1,1549,Jeff,Green,Duckett,Jeff Green Duckett,Editor,SE,,,,,UK,GBR
NEWPHYT,1991,117,1,1568,J,F,Farrar,J F Farrar,Editor,SE,,,,,UK,GBR
NEWPHYT,1991,117,1,74,Alastair,H,Fitter,Alastair H Fitter,Editor,SE,,,,,UK,GBR
NEWPHYT,1991,117,1,1590,John,R,Gallon,John R Gallon,Editor,SE,,,,,UK,GBR
NEWPHYT,1991,117,1,762,D,H,Lewis,D H Lewis,Editor,SE,,,,,UK,GBR
NEWPHYT,1991,117,1,3596,T,A,Mansfield,T A Mansfield,Editor,SE,,,,,UK,GBR
NEWPHYT,1991,117,1,854,Dale,,Sanders,Dale Sanders,Editor,SE,,,,,UK,GBR
NEWPHYT,1991,117,1,3247,R,Green,West,R Green West,Editor,SE,,,,,UK,GBR
NEWPHYT,1991,117,1,1963,J,,Wolfenden,J Wolfenden,Editor,SE,,,,,UK,GBR
NEWPHYT,1991,117,1,2618,M,M,Yeoman,M M Yeoman,Editor,SE,,,,,UK,GBR
NEWPHYT,1992,120,1,1386,Ian,J,Alexander,Ian J Alexander,Editor,SE,,,,,UK,GBR
NEWPHYT,1992,120,1,2760,Peter,,Ayers,Peter Ayers,Tansley.Review.Editor,SPECIAL,,,,,UK,GBR
NEWPHYT,1992,120,1,636,David,,Briggs,David Briggs,Editor,SE,,,,,UK,GBR
NEWPHYT,1992,120,1,1535,J,E,Dale,J E Dale,Editor,SE,,,,,UK,GBR
NEWPHYT,1992,120,1,1549,Jeff,Green,Duckett,Jeff Green Duckett,Editor,SE,,,,,UK,GBR
NEWPHYT,1992,120,1,1568,J,F,Farrar,J F Farrar,Editor,SE,,,,,UK,GBR
NEWPHYT,1992,120,1,74,Alastair,H,Fitter,Alastair H Fitter,Editor,SE,,,,,UK,GBR
NEWPHYT,1992,120,1,1590,John,R,Gallon,John R Gallon,Editor,SE,,,,,UK,GBR
NEWPHYT,1992,120,1,762,D,H,Lewis,D H Lewis,Executive.Editor,EIC,,,,,UK,GBR
NEWPHYT,1992,120,1,3596,T,A,Mansfield,T A Mansfield,Editor,SE,,,,,UK,GBR
NEWPHYT,1992,120,1,1105,Francis,,Martin,Francis Martin,Editor,SE,,,,,France,FRA
NEWPHYT,1992,120,1,854,Dale,,Sanders,Dale Sanders,Editor,SE,,,,,UK,GBR
NEWPHYT,1992,120,1,3877,Howard,,Thomas,Howard Thomas,Editor,SE,,,,,UK,GBR
NEWPHYT,1992,120,1,3247,R,Green,West,R Green West,Editor,SE,,,,,UK,GBR
NEWPHYT,1992,120,1,1963,J,,Wolfenden,J Wolfenden,Editor,SE,,,,,UK,GBR
NEWPHYT,1992,120,1,2618,M,M,Yeoman,M M Yeoman,Book.Review.Editor,SPECIAL,,,,,UK,GBR
NEWPHYT,1993,123,1,1386,Ian,J,Alexander,Ian J Alexander,Editor,SE,,,,,UK,GBR
NEWPHYT,1993,123,1,2760,Peter,,Ayers,Peter Ayers,Tansley.Review.Editor,SPECIAL,,,,,UK,GBR
NEWPHYT,1993,123,1,636,David,,Briggs,David Briggs,Editor,SE,,,,,UK,GBR
NEWPHYT,1993,123,1,1535,J,E,Dale,J E Dale,Editor,SE,,,,,UK,GBR
NEWPHYT,1993,123,1,1549,Jeff,Green,Duckett,Jeff Green Duckett,Editor,SE,,,,,UK,GBR
NEWPHYT,1993,123,1,1568,J,F,Farrar,J F Farrar,Editor,SE,,,,,UK,GBR
NEWPHYT,1993,123,1,74,Alastair,H,Fitter,Alastair H Fitter,Editor,SE,,,,,UK,GBR
NEWPHYT,1993,123,1,1590,John,R,Gallon,John R Gallon,Editor,SE,,,,,UK,GBR
NEWPHYT,1993,123,1,762,D,H,Lewis,D H Lewis,Executive.Editor,EIC,,,,,UK,GBR
NEWPHYT,1993,123,1,3596,T,A,Mansfield,T A Mansfield,Editor,SE,,,,,UK,GBR
NEWPHYT,1993,123,1,1105,Francis,,Martin,Francis Martin,Editor,SE,,,,,France,FRA
NEWPHYT,1993,123,1,854,Dale,,Sanders,Dale Sanders,Editor,SE,,,,,UK,GBR
NEWPHYT,1993,123,1,3877,Howard,,Thomas,Howard Thomas,Editor,SE,,,,,UK,GBR
NEWPHYT,1993,123,1,3247,R,Green,West,R Green West,Editor,SE,,,,,UK,GBR
NEWPHYT,1993,123,1,1963,J,,Wolfenden,J Wolfenden,Editor,SE,,,,,UK,GBR
NEWPHYT,1993,123,1,1144,F,Ian,Woodward,F Ian Woodward,Editor,SE,,,,,UK,GBR
NEWPHYT,1993,123,1,2618,M,M,Yeoman,M M Yeoman,Book.Review.Editor,SPECIAL,,,,,UK,GBR
NEWPHYT,1994,126,1,1386,Ian,J,Alexander,Ian J Alexander,Editor,SE,,,,,UK,GBR
NEWPHYT,1994,126,1,2760,Peter,,Ayers,Peter Ayers,Tansley.Review.Editor,SPECIAL,,,,,UK,GBR
NEWPHYT,1994,126,1,636,David,,Briggs,David Briggs,Editor,SE,,,,,UK,GBR
NEWPHYT,1994,126,1,1535,J,E,Dale,J E Dale,Editor,SE,,,,,UK,GBR
NEWPHYT,1994,126,1,1549,Jeff,Green,Duckett,Jeff Green Duckett,Editor,SE,,,,,UK,GBR
NEWPHYT,1994,126,1,1568,J,F,Farrar,J F Farrar,Editor,SE,,,,,UK,GBR
NEWPHYT,1994,126,1,74,Alastair,H,Fitter,Alastair H Fitter,Book.Review.Editor,SPECIAL,,,,,UK,GBR
NEWPHYT,1994,126,1,1590,John,R,Gallon,John R Gallon,Editor,SE,,,,,UK,GBR
NEWPHYT,1994,126,1,762,D,H,Lewis,D H Lewis,Executive.Editor,EIC,,,,,UK,GBR
NEWPHYT,1994,126,1,3596,T,A,Mansfield,T A Mansfield,Editor,SE,,,,,UK,GBR
NEWPHYT,1994,126,1,1105,Francis,,Martin,Francis Martin,Editor,SE,,,,,France,FRA
NEWPHYT,1994,126,1,854,Dale,,Sanders,Dale Sanders,Editor,SE,,,,,UK,GBR
NEWPHYT,1994,126,1,3877,Howard,,Thomas,Howard Thomas,Editor,SE,,,,,UK,GBR
NEWPHYT,1994,126,1,3247,Richard,Green,West,Richard Green West,Editor,SE,,,,,UK,GBR
NEWPHYT,1994,126,1,1963,J,,Wolfenden,J Wolfenden,Editor,SE,,,,,UK,GBR
NEWPHYT,1994,126,1,1144,F,Ian,Woodward,F Ian Woodward,Editor,SE,,,,,UK,GBR
NEWPHYT,1994,126,1,2618,M,M,Yeoman,M M Yeoman,Editor,SE,,,,,UK,GBR
NEWPHYT,1995,129,1,1386,Ian,J,Alexander,Ian J Alexander,Editor,SE,,,,,UK,GBR
NEWPHYT,1995,129,1,2760,Peter,,Ayers,Peter Ayers,Executive.and.Tansley.Review.Editor,EIC,,,,,UK,GBR
NEWPHYT,1995,129,1,636,David,,Briggs,David Briggs,Editor,SE,,,,,UK,GBR
NEWPHYT,1995,129,1,1535,Jim,E,Dale,Jim E Dale,Editor,SE,,,,,UK,GBR
NEWPHYT,1995,129,1,1549,Jeff,Green,Duckett,Jeff Green Duckett,Editor,SE,,,,,UK,GBR
NEWPHYT,1995,129,1,1568,J,F,Farrar,J F Farrar,Editor,SE,,,,,UK,GBR
NEWPHYT,1995,129,1,74,Alastair,H,Fitter,Alastair H Fitter,Book.Review.Editor,SPECIAL,,,,,UK,GBR
NEWPHYT,1995,129,1,1590,John,R,Gallon,John R Gallon,Editor,SE,,,,,UK,GBR
NEWPHYT,1995,129,1,3596,T,A,Mansfield,T A Mansfield,Editor,SE,,,,,UK,GBR
NEWPHYT,1995,129,1,1105,Francis,,Martin,Francis Martin,Editor,SE,,,,,France,FRA
NEWPHYT,1995,129,1,854,Dale,,Sanders,Dale Sanders,Editor,SE,,,,,UK,GBR
NEWPHYT,1995,129,1,3877,Howard,,Thomas,Howard Thomas,Editor,SE,,,,,UK,GBR
NEWPHYT,1995,129,1,1963,J,,Wolfenden,J Wolfenden,Editor,SE,,,,,UK,GBR
NEWPHYT,1995,129,1,1144,F,Ian,Woodward,F Ian Woodward,Editor,SE,,,,,UK,GBR
NEWPHYT,1995,129,1,2618,M,M,Yeoman,M M Yeoman,Editor,SE,,,,,UK,GBR
NEWPHYT,1996,132,1,1386,Ian,J,Alexander,Ian J Alexander,Editor,SE,,,,,UK,GBR
NEWPHYT,1996,132,1,2760,Peter,,Ayers,Peter Ayers,Executive.Editor,EIC,,,,,UK,GBR
NEWPHYT,1996,132,1,636,David,,Briggs,David Briggs,Editor,SE,,,,,UK,GBR
NEWPHYT,1996,132,1,1549,Jeff,Green,Duckett,Jeff Green Duckett,Editor,SE,,,,,UK,GBR
NEWPHYT,1996,132,1,1568,J,F,Farrar,J F Farrar,Editor,SE,,,,,UK,GBR
NEWPHYT,1996,132,1,74,Alastair,H,Fitter,Alastair H Fitter,Book.Review.Editor,SPECIAL,,,,,UK,GBR
NEWPHYT,1996,132,1,1590,John,R,Gallon,John R Gallon,Editor,SE,,,,,UK,GBR
NEWPHYT,1996,132,1,3596,T,A,Mansfield,T A Mansfield,Editor,SE,,,,,UK,GBR
NEWPHYT,1996,132,1,1105,Francis,,Martin,Francis Martin,Editor,SE,,,,,France,FRA
NEWPHYT,1996,132,1,854,Dale,,Sanders,Dale Sanders,Editor,SE,,,,,UK,GBR
NEWPHYT,1996,132,1,881,D,P,Stribley,D P Stribley,Tansley.Review.Editor,SPECIAL,,,,,UK,GBR
NEWPHYT,1996,132,1,3877,Howard,,Thomas,Howard Thomas,Editor,SE,,,,,UK,GBR
NEWPHYT,1996,132,1,1963,John,,Wolfenden,John Wolfenden,Editor,SE,,,,,UK,GBR
NEWPHYT,1996,132,1,1144,F,Ian,Woodward,F Ian Woodward,Editor,SE,,,,,UK,GBR
NEWPHYT,1997,135,1,1386,Ian,J,Alexander,Ian J Alexander,Editor,SE,,,,,UK,GBR
NEWPHYT,1997,135,1,2760,Peter,,Ayers,Peter Ayers,Executive.Editor,EIC,,,,,UK,GBR
NEWPHYT,1997,135,1,636,David,,Briggs,David Briggs,Editor,SE,,,,,UK,GBR
NEWPHYT,1997,135,1,1549,Jeff,Green,Duckett,Jeff Green Duckett,Editor,SE,,,,,UK,GBR
NEWPHYT,1997,135,1,1568,J,F,Farrar,J F Farrar,Editor,SE,,,,,UK,GBR
NEWPHYT,1997,135,1,74,Alastair,H,Fitter,Alastair H Fitter,Book.Review.Editor,SPECIAL,,,,,UK,GBR
NEWPHYT,1997,135,1,1590,John,R,Gallon,John R Gallon,Editor,SE,,,,,UK,GBR
NEWPHYT,1997,135,1,970,Eric,,Garnier,Eric Garnier,Editor,SE,,,,,France,FRA
NEWPHYT,1997,135,1,105,Alistair,M,Hetherington,Alistair M Hetherington,Tansley.Review.Editor,SPECIAL,,,,,UK,GBR
NEWPHYT,1997,135,1,3596,T,A,Mansfield,T A Mansfield,Editor,SE,,,,,UK,GBR
NEWPHYT,1997,135,1,1105,Francis,,Martin,Francis Martin,Editor,SE,,,,,France,FRA
NEWPHYT,1997,135,1,3174,Richard,J,Norby,Richard J Norby,Editor,SE,,,,,USA,USA
NEWPHYT,1997,135,1,854,Dale,,Sanders,Dale Sanders,Editor,SE,,,,,UK,GBR
NEWPHYT,1997,135,1,3877,Howard,,Thomas,Howard Thomas,Editor,SE,,,,,UK,GBR
NEWPHYT,1997,135,1,1144,F,Ian,Woodward,F Ian Woodward,Editor,SE,,,,,UK,GBR
NEWPHYT,1998,138,1,1386,Ian,J,Alexander,Ian J Alexander,Editor,SE,,,,,UK,GBR
NEWPHYT,1998,138,1,2760,Peter,,Ayers,Peter Ayers,Executive.Editor,EIC,,,,,UK,GBR
NEWPHYT,1998,138,1,636,David,,Briggs,David Briggs,Editor,SE,,,,,UK,GBR
NEWPHYT,1998,138,1,1549,Jeff,Green,Duckett,Jeff Green Duckett,Editor,SE,,,,,UK,GBR
NEWPHYT,1998,138,1,1568,J,F,Farrar,J F Farrar,Editor,SE,,,,,UK,GBR
NEWPHYT,1998,138,1,74,Alastair,H,Fitter,Alastair H Fitter,Book.Review.Editor,SPECIAL,,,,,UK,GBR
NEWPHYT,1998,138,1,1590,John,R,Gallon,John R Gallon,Editor,SE,,,,,UK,GBR
NEWPHYT,1998,138,1,970,Eric,,Garnier,Eric Garnier,Editor,SE,,,,,France,FRA
NEWPHYT,1998,138,1,105,Alistair,M,Hetherington,Alistair M Hetherington,Tansley.Review.Editor,SPECIAL,,,,,UK,GBR
NEWPHYT,1998,138,1,3596,T,A,Mansfield,T A Mansfield,Editor,SE,,,,,UK,GBR
NEWPHYT,1998,138,1,1105,Francis,,Martin,Francis Martin,Editor,SE,,,,,France,FRA
NEWPHYT,1998,138,1,3174,Richard,J,Norby,Richard J Norby,Editor,SE,,,,,USA,USA
NEWPHYT,1998,138,1,854,Dale,,Sanders,Dale Sanders,Editor,SE,,,,,UK,GBR
NEWPHYT,1998,138,1,3877,Howard,,Thomas,Howard Thomas,Editor,SE,,,,,UK,GBR
NEWPHYT,1998,138,1,1144,F,Ian,Woodward,F Ian Woodward,Editor,SE,,,,,UK,GBR
NEWPHYT,1999,141,1,1386,Ian,J,Alexander,Ian J Alexander,Editor,SE,,,,,UK,GBR
NEWPHYT,1999,141,1,2760,Peter,,Ayers,Peter Ayers,Executive.Editor,EIC,,,,,UK,GBR
NEWPHYT,1999,141,1,636,David,,Briggs,David Briggs,Editor,SE,,,,,UK,GBR
NEWPHYT,1999,141,1,1549,Jeff,Green,Duckett,Jeff Green Duckett,Editor,SE,,,,,UK,GBR
NEWPHYT,1999,141,1,1568,J,F,Farrar,J F Farrar,Editor,SE,,,,,UK,GBR
NEWPHYT,1999,141,1,74,Alastair,H,Fitter,Alastair H Fitter,Book.Review.Editor,SPECIAL,,,,,UK,GBR
NEWPHYT,1999,141,1,1590,John,R,Gallon,John R Gallon,Editor,SE,,,,,UK,GBR
NEWPHYT,1999,141,1,970,Eric,,Garnier,Eric Garnier,Editor,SE,,,,,France,FRA
NEWPHYT,1999,141,1,105,Alistair,M,Hetherington,Alistair M Hetherington,Tansley.Review.Editor,SPECIAL,,,,,UK,GBR
NEWPHYT,1999,141,1,1105,Francis,,Martin,Francis Martin,Editor,SE,,,,,France,FRA
NEWPHYT,1999,141,1,3174,Richard,J,Norby,Richard J Norby,Editor,SE,,,,,USA,USA
NEWPHYT,1999,141,1,854,Dale,,Sanders,Dale Sanders,Editor,SE,,,,,UK,GBR
NEWPHYT,1999,141,1,2697,Nicholas,J,Talbot,Nicholas J Talbot,Editor,SE,,,,,UK,GBR
NEWPHYT,1999,141,1,3877,Howard,,Thomas,Howard Thomas,Editor,SE,,,,,UK,GBR
NEWPHYT,1999,141,1,1144,F,Ian,Woodward,F Ian Woodward,Editor,SE,,,,,UK,GBR
NEWPHYT,2000,145,1,1386,Ian,J,Alexander,Ian J Alexander,Editor,SE,,,,,UK,GBR
NEWPHYT,2000,145,1,2760,Peter,,Ayers,Peter Ayers,Executive.Editor,EIC,,,,,UK,GBR
NEWPHYT,2000,145,1,636,David,,Briggs,David Briggs,Editor,SE,,,,,UK,GBR
NEWPHYT,2000,145,1,1549,Jeff,Green,Duckett,Jeff Green Duckett,Editor,SE,,,,,UK,GBR
NEWPHYT,2000,145,1,1568,Julian,F,Farrar,Julian F Farrar,Editor,SE,,,,,UK,GBR
NEWPHYT,2000,145,1,74,Alastair,H,Fitter,Alastair H Fitter,Book.Review.Editor,SPECIAL,,,,,UK,GBR
NEWPHYT,2000,145,1,1590,John,R,Gallon,John R Gallon,Editor,SE,,,,,UK,GBR
NEWPHYT,2000,145,1,970,Eric,,Garnier,Eric Garnier,Editor,SE,,,,,France,FRA
NEWPHYT,2000,145,1,2398,Maria,J,Harrison,Maria J Harrison,Editor,SE,,,,,USA,USA
NEWPHYT,2000,145,1,105,Alistair,M,Hetherington,Alistair M Hetherington,Tansley.Review.Editor,SPECIAL,,,,,UK,GBR
NEWPHYT,2000,145,1,1105,Francis,,Martin,Francis Martin,Editor,SE,,,,,France,FRA
NEWPHYT,2000,145,1,3174,Richard,J,Norby,Richard J Norby,Editor,SE,,,,,USA,USA
NEWPHYT,2000,145,1,854,Dale,,Sanders,Dale Sanders,Editor,SE,,,,,UK,GBR
NEWPHYT,2000,145,1,2697,Nicholas,J,Talbot,Nicholas J Talbot,Editor,SE,,,,,UK,GBR
NEWPHYT,2000,145,1,3877,Howard,,Thomas,Howard Thomas,Editor,SE,,,,,UK,GBR
NEWPHYT,2000,145,1,1144,F,Ian,Woodward,F Ian Woodward,Editor,SE,,,,,UK,GBR
NEWPHYT,2001,149,1,1386,Ian,J,Alexander,Ian J Alexander,Editor,SE,,,,,UK,GBR
NEWPHYT,2001,149,1,2760,Peter,,Ayers,Peter Ayers,Executive.Editor,EIC,,,,,UK,GBR
NEWPHYT,2001,149,1,2789,Peter,S,Curtis,Peter S Curtis,Editor,SE,,,,,USA,USA
NEWPHYT,2001,149,1,1549,Jeff,Green,Duckett,Jeff Green Duckett,Editor,SE,,,,,UK,GBR
NEWPHYT,2001,149,1,74,Alastair,H,Fitter,Alastair H Fitter,Editor,SE,,,,,UK,GBR
NEWPHYT,2001,149,1,1590,John,R,Gallon,John R Gallon,Editor,SE,,,,,UK,GBR
NEWPHYT,2001,149,1,970,Eric,,Garnier,Eric Garnier,Editor,SE,,,,,France,FRA
NEWPHYT,2001,149,1,2398,Maria,J,Harrison,Maria J Harrison,Editor,SE,,,,,USA,USA
NEWPHYT,2001,149,1,105,Alistair,M,Hetherington,Alistair M Hetherington,Tansley.Review.Editor,SPECIAL,,,,,UK,GBR
NEWPHYT,2001,149,1,3596,Terry,A,Mansfield,Terry A Mansfield,Editor,SE,,,,,UK,GBR
NEWPHYT,2001,149,1,1105,Francis,,Martin,Francis Martin,Section.Editors.Interaction,SE,,,,,France,FRA
NEWPHYT,2001,149,1,3174,Richard,J,Norby,Richard J Norby,Section.Editors.Environment,SE,,,,,USA,USA
NEWPHYT,2001,149,1,2229,Loren,,Rieseberg,Loren Rieseberg,Editor,SE,,,,,USA,USA
NEWPHYT,2001,149,1,854,Dale,,Sanders,Dale Sanders,Section.Editors.Function,SE,,,,,UK,GBR
NEWPHYT,2001,149,1,2697,Nicholas,J,Talbot,Nicholas J Talbot,Editor,SE,,,,,UK,GBR
NEWPHYT,2001,149,1,3877,Howard,,Thomas,Howard Thomas,Book.Review.Editor,SPECIAL,,,,,UK,GBR
NEWPHYT,2001,149,1,1144,F,Ian,Woodward,F Ian Woodward,Editor,SE,,,,,UK,GBR
NEWPHYT,2002,153,1,1386,Ian,J,Alexander,Ian J Alexander,Editor,SE,,,,,UK,GBR
NEWPHYT,2002,153,1,2760,Peter,,Ayers,Peter Ayers,Executive.Editor,EIC,,,,,UK,GBR
NEWPHYT,2002,153,1,2789,Peter,S,Curtis,Peter S Curtis,Editor,SE,,,,,USA,USA
NEWPHYT,2002,153,1,1549,Jeff,Green,Duckett,Jeff Green Duckett,Editor,SE,,,,,UK,GBR
NEWPHYT,2002,153,1,74,Alastair,H,Fitter,Alastair H Fitter,Editor,SE,,,,,UK,GBR
NEWPHYT,2002,153,1,1590,John,R,Gallon,John R Gallon,Editor,SE,,,,,UK,GBR
NEWPHYT,2002,153,1,970,Eric,,Garnier,Eric Garnier,Editor,SE,,,,,France,FRA
NEWPHYT,2002,153,1,2398,Maria,J,Harrison,Maria J Harrison,Editor,SE,,,,,USA,USA
NEWPHYT,2002,153,1,105,Alistair,M,Hetherington,Alistair M Hetherington,Tansley.Review.Editor,SPECIAL,,,,,UK,GBR
NEWPHYT,2002,153,1,3596,Terry,A,Mansfield,Terry A Mansfield,Editor,SE,,,,,UK,GBR
NEWPHYT,2002,153,1,1105,Francis,,Martin,Francis Martin,Section.Editors.Interaction,SE,,,,,France,FRA
NEWPHYT,2002,153,1,3174,Richard,J,Norby,Richard J Norby,Section.Editors.Environment,SE,,,,,USA,USA
NEWPHYT,2002,153,1,2229,Loren,,Rieseberg,Loren Rieseberg,Editor,SE,,,,,USA,USA
NEWPHYT,2002,153,1,854,Dale,,Sanders,Dale Sanders,Section.Editors.Function,SE,,,,,UK,GBR
NEWPHYT,2002,153,1,2697,Nicholas,J,Talbot,Nicholas J Talbot,Editor,SE,,,,,UK,GBR
NEWPHYT,2002,153,1,3877,Howard,,Thomas,Howard Thomas,Book.Review.Editor,SPECIAL,,,,,UK,GBR
NEWPHYT,2002,153,1,1144,F,Ian,Woodward,F Ian Woodward,Editor,SE,,,,,UK,GBR
NEWPHYT,2003,157,1,1386,Ian,J,Alexander,Ian J Alexander,Editor,SE,,,,,UK,GBR
NEWPHYT,2003,157,1,2789,Peter,S,Curtis,Peter S Curtis,Editor,SE,,,,,USA,USA
NEWPHYT,2003,157,1,1549,Jeff,Green,Duckett,Jeff Green Duckett,Editor,SE,,,,,UK,GBR
NEWPHYT,2003,157,1,74,Alastair,H,Fitter,Alastair H Fitter,Editor,SE,,,,,UK,GBR
NEWPHYT,2003,157,1,1590,John,R,Gallon,John R Gallon,Editor,SE,,,,,UK,GBR
NEWPHYT,2003,157,1,970,Eric,,Garnier,Eric Garnier,Editor,SE,,,,,France,FRA
NEWPHYT,2003,157,1,2398,Maria,J,Harrison,Maria J Harrison,Editor,SE,,,,,USA,USA
NEWPHYT,2003,157,1,105,Alistair,M,Hetherington,Alistair M Hetherington,Tansley.Review.Editor,SPECIAL,,,,,UK,GBR
NEWPHYT,2003,157,1,105,Alistair,M,Hetherington,Alistair M Hetherington,Tansley.Review.Editor,SPECIAL,,,,,UK,GBR
NEWPHYT,2003,157,1,105,Alistair,M,Hetherington,Alistair M Hetherington,Section.Editors.Function,SE,,,,,UK,GBR
NEWPHYT,2003,157,1,105,Alistair,M,Hetherington,Alistair M Hetherington,Section.Editors.Function,SE,,,,,UK,GBR
NEWPHYT,2003,157,1,2042,Keith,,Lindsey,Keith Lindsey,Editor,SE,,,,,UK,GBR
NEWPHYT,2003,157,1,1105,Francis,,Martin,Francis Martin,Section.Editors.Interaction,SE,,,,,France,FRA
NEWPHYT,2003,157,1,3174,Richard,J,Norby,Richard J Norby,Section.Editors.Environment,SE,,,,,USA,USA
NEWPHYT,2003,157,1,2532,Mark,D,Rausher,Mark D Rausher,Editor,SE,,,,,USA,USA
NEWPHYT,2003,157,1,2229,Loren,,Rieseberg,Loren Rieseberg,Editor,SE,,,,,USA,USA
NEWPHYT,2003,157,1,2697,Nicholas,J,Talbot,Nicholas J Talbot,Editor,SE,,,,,UK,GBR
NEWPHYT,2003,157,1,3877,Howard,,Thomas,Howard Thomas,Book.Review.Editor,SPECIAL,,,,,UK,GBR
NEWPHYT,2003,157,1,1144,F,Ian,Woodward,F Ian Woodward,EIC,EIC,,,,,UK,GBR
NEWPHYT,2004,161,1,1386,Ian,J,Alexander,Ian J Alexander,Editor,SE,,,,,UK,GBR
NEWPHYT,2004,161,1,425,Chris,,Cobbett,Chris Cobbett,Editor,SE,,,,,Australia,AUS
NEWPHYT,2004,161,1,2789,Peter,S,Curtis,Peter S Curtis,Editor,SE,,,,,USA,USA
NEWPHYT,2004,161,1,74,Alastair,H,Fitter,Alastair H Fitter,Editor,SE,,,,,UK,GBR
NEWPHYT,2004,161,1,970,Eric,,Garnier,Eric Garnier,Editor,SE,,,,,France,FRA
NEWPHYT,2004,161,1,2398,Maria,J,Harrison,Maria J Harrison,Editor,SE,,,,,USA,USA
NEWPHYT,2004,161,1,105,Alistair,M,Hetherington,Alistair M Hetherington,Tansley.Review.Editor,SPECIAL,,,,,UK,GBR
NEWPHYT,2004,161,1,105,Alistair,M,Hetherington,Alistair M Hetherington,Tansley.Review.Editor,SPECIAL,,,,,UK,GBR
NEWPHYT,2004,161,1,105,Alistair,M,Hetherington,Alistair M Hetherington,Section.Editors.Function,SE,,,,,UK,GBR
NEWPHYT,2004,161,1,105,Alistair,M,Hetherington,Alistair M Hetherington,Section.Editors.Function,SE,,,,,UK,GBR
NEWPHYT,2004,161,1,2042,Keith,,Lindsey,Keith Lindsey,Editor,SE,,,,,UK,GBR
NEWPHYT,2004,161,1,1105,Francis,,Martin,Francis Martin,Section.Editors.Interaction,SE,,,,,France,FRA
NEWPHYT,2004,161,1,3174,Richard,J,Norby,Richard J Norby,Section.Editors.Environment,SE,,,,,USA,USA
NEWPHYT,2004,161,1,2532,Mark,D,Rausher,Mark D Rausher,Section.Editors.Evolution,SE,,,,,USA,USA
NEWPHYT,2004,161,1,2229,Loren,,Rieseberg,Loren Rieseberg,Editor,SE,,,,,USA,USA
NEWPHYT,2004,161,1,3943,Steven,H,Strauss,Steven H Strauss,Editor,SE,,,,,USA,USA
NEWPHYT,2004,161,1,3483,Sonia,,Sultan,Sonia Sultan,Editor,SE,,,,,USA,USA
NEWPHYT,2004,161,1,2697,Nicholas,J,Talbot,Nicholas J Talbot,Editor,SE,,,,,UK,GBR
NEWPHYT,2004,161,1,3877,Howard,,Thomas,Howard Thomas,Editor,SE,,,,,UK,GBR
NEWPHYT,2004,161,1,1144,F,Ian,Woodward,F Ian Woodward,EIC,EIC,,,,,UK,GBR
NEWPHYT,2005,165,1,605,David,,Ackerly,David Ackerly,Editor,SE,,,,,USA,USA
NEWPHYT,2005,165,1,1386,Ian,J,Alexander,Ian J Alexander,Editor,SE,,,,,UK,GBR
NEWPHYT,2005,165,1,425,Chris,,Cobbett,Chris Cobbett,Editor,SE,,,,,Australia,AUS
NEWPHYT,2005,165,1,2789,Peter,S,Curtis,Peter S Curtis,Editor,SE,,,,,USA,USA
NEWPHYT,2005,165,1,74,Alastair,H,Fitter,Alastair H Fitter,Editor,SE,,,,,UK,GBR
NEWPHYT,2005,165,1,105,Alistair,M,Hetherington,Alistair M Hetherington,Tansley.Review.Editor,SPECIAL,,,,,UK,GBR
NEWPHYT,2005,165,1,105,Alistair,M,Hetherington,Alistair M Hetherington,Tansley.Review.Editor,SPECIAL,,,,,UK,GBR
NEWPHYT,2005,165,1,105,Alistair,M,Hetherington,Alistair M Hetherington,Section.Editors.Function,SE,,,,,UK,GBR
NEWPHYT,2005,165,1,105,Alistair,M,Hetherington,Alistair M Hetherington,Section.Editors.Function,SE,,,,,UK,GBR
NEWPHYT,2005,165,1,1401,Iver,,Jacobsen,Iver Jacobsen,Editor,SE,,,,,Denmark,DNK
NEWPHYT,2005,165,1,2042,Keith,,Lindsey,Keith Lindsey,Editor,SE,,,,,UK,GBR
NEWPHYT,2005,165,1,1105,Francis,,Martin,Francis Martin,Section.Editors.Interaction,SE,,,,,France,FRA
NEWPHYT,2005,165,1,3174,Richard,J,Norby,Richard J Norby,Section.Editors.Environment,SE,,,,,USA,USA
NEWPHYT,2005,165,1,2532,Mark,D,Rausher,Mark D Rausher,Section.Editors.Evolution,SE,,,,,USA,USA
NEWPHYT,2005,165,1,3218,Ruth,,Shaw,Ruth Shaw,Editor,SE,,,,,USA,USA
NEWPHYT,2005,165,1,3943,Steven,H,Strauss,Steven H Strauss,Editor,SE,,,,,USA,USA
NEWPHYT,2005,165,1,3483,Sonia,,Sultan,Sonia Sultan,Editor,SE,,,,,USA,USA
NEWPHYT,2005,165,1,2697,Nicholas,J,Talbot,Nicholas J Talbot,Editor,SE,,,,,UK,GBR
NEWPHYT,2005,165,1,3877,Howard,,Thomas,Howard Thomas,Editor,SE,,,,,UK,GBR
NEWPHYT,2005,165,1,1144,F,Ian,Woodward,F Ian Woodward,EIC,EIC,,,,,UK,GBR
NEWPHYT,2006,169,1,605,David,,Ackerly,David Ackerly,Editor,SE,,,,,USA,USA
NEWPHYT,2006,169,1,1386,Ian,J,Alexander,Ian J Alexander,Editor,SE,,,,,UK,GBR
NEWPHYT,2006,169,1,425,Chris,,Cobbett,Chris Cobbett,Editor,SE,,,,,Australia,AUS
NEWPHYT,2006,169,1,2789,Peter,S,Curtis,Peter S Curtis,Editor,SE,,,,,USA,USA
NEWPHYT,2006,169,1,74,Alastair,H,Fitter,Alastair H Fitter,Editor,SE,,,,,UK,GBR
NEWPHYT,2006,169,1,105,Alistair,M,Hetherington,Alistair M Hetherington,Tansley.Review.Editor,SPECIAL,,,,,UK,GBR
NEWPHYT,2006,169,1,105,Alistair,M,Hetherington,Alistair M Hetherington,Tansley.Review.Editor,SPECIAL,,,,,UK,GBR
NEWPHYT,2006,169,1,105,Alistair,M,Hetherington,Alistair M Hetherington,Section.Editors.Physiology.&.Development,SE,,,,,UK,GBR
NEWPHYT,2006,169,1,105,Alistair,M,Hetherington,Alistair M Hetherington,Section.Editors.Physiology.&.Development,SE,,,,,UK,GBR
NEWPHYT,2006,169,1,1401,Iver,,Jacobsen,Iver Jacobsen,Editor,SE,,,,,Denmark,DNK
NEWPHYT,2006,169,1,2042,Keith,,Lindsey,Keith Lindsey,Editor,SE,,,,,UK,GBR
NEWPHYT,2006,169,1,1105,Francis,,Martin,Francis Martin,Section.Editors.Interaction,SE,,,,,France,FRA
NEWPHYT,2006,169,1,3174,Richard,J,Norby,Richard J Norby,Section.Editors.Environment,SE,,,,,USA,USA
NEWPHYT,2006,169,1,168,Andrea,,Polle,Andrea Polle,Editor,SE,,,,,Germany,DEU
NEWPHYT,2006,169,1,2532,Mark,D,Rausher,Mark D Rausher,Section.Editors.Evolution,SE,,,,,USA,USA
NEWPHYT,2006,169,1,1357,Henk,,Schat,Henk Schat,Editor,SE,,,,,Netherlands,NLD
NEWPHYT,2006,169,1,3218,Ruth,,Shaw,Ruth Shaw,Editor,SE,,,,,USA,USA
NEWPHYT,2006,169,1,3943,Steven,H,Strauss,Steven H Strauss,Editor,SE,,,,,USA,USA
NEWPHYT,2006,169,1,3483,Sonia,,Sultan,Sonia Sultan,Editor,SE,,,,,USA,USA
NEWPHYT,2006,169,1,2697,Nicholas,J,Talbot,Nicholas J Talbot,Editor,SE,,,,,UK,GBR
NEWPHYT,2006,169,1,3877,Howard,,Thomas,Howard Thomas,Editor,SE,,,,,UK,GBR
NEWPHYT,2006,169,1,1144,F,Ian,Woodward,F Ian Woodward,EIC,EIC,,,,,UK,GBR
NEWPHYT,2007,173,1,605,David,,Ackerly,David Ackerly,Editor,SE,,,,,USA,USA
NEWPHYT,2007,173,1,1386,Ian,J,Alexander,Ian J Alexander,Editor,SE,,,,,UK,GBR
NEWPHYT,2007,173,1,2712,Owen,K,Atkin,Owen K Atkin,Editor,SE,,,,,Australia,AUS
NEWPHYT,2007,173,1,409,Colin,,Brownlee,Colin Brownlee,Editor,SE,,,,,UK,GBR
NEWPHYT,2007,173,1,425,Chris,,Cobbett,Chris Cobbett,Editor,SE,,,,,Australia,AUS
NEWPHYT,2007,173,1,2789,Peter,S,Curtis,Peter S Curtis,Editor,SE,,,,,USA,USA
NEWPHYT,2007,173,1,74,Alastair,H,Fitter,Alastair H Fitter,Editor,SE,,,,,UK,GBR
NEWPHYT,2007,173,1,105,Alistair,M,Hetherington,Alistair M Hetherington,Tansley.Review.Editor,SPECIAL,,,,,UK,GBR
NEWPHYT,2007,173,1,105,Alistair,M,Hetherington,Alistair M Hetherington,Tansley.Review.Editor,SPECIAL,,,,,UK,GBR
NEWPHYT,2007,173,1,105,Alistair,M,Hetherington,Alistair M Hetherington,Section.Editors.Physiology.&.Development,SE,,,,,UK,GBR
NEWPHYT,2007,173,1,105,Alistair,M,Hetherington,Alistair M Hetherington,Section.Editors.Physiology.&.Development,SE,,,,,UK,GBR
NEWPHYT,2007,173,1,1401,Iver,,Jacobsen,Iver Jacobsen,Editor,SE,,,,,Denmark,DNK
NEWPHYT,2007,173,1,2042,Keith,,Lindsey,Keith Lindsey,Editor,SE,,,,,UK,GBR
NEWPHYT,2007,173,1,1105,Francis,,Martin,Francis Martin,Section.Editors.Interaction,SE,,,,,France,FRA
NEWPHYT,2007,173,1,3174,Richard,J,Norby,Richard J Norby,Section.Editors.Environment,SE,,,,,USA,USA
NEWPHYT,2007,173,1,168,Andrea,,Polle,Andrea Polle,Editor,SE,,,,,Germany,DEU
NEWPHYT,2007,173,1,2532,Mark,D,Rausher,Mark D Rausher,Section.Editors.Evolution,SE,,,,,USA,USA
NEWPHYT,2007,173,1,1357,Henk,,Schat,Henk Schat,Editor,SE,,,,,Netherlands,NLD
NEWPHYT,2007,173,1,2557,Marc-Andre,,Selosse,Marc-Andre Selosse,Editor,SE,,,,,France,FRA
NEWPHYT,2007,173,1,3218,Ruth,,Shaw,Ruth Shaw,Editor,SE,,,,,USA,USA
NEWPHYT,2007,173,1,3943,Steven,H,Strauss,Steven H Strauss,Editor,SE,,,,,USA,USA
NEWPHYT,2007,173,1,3483,Sonia,,Sultan,Sonia Sultan,Editor,SE,,,,,USA,USA
NEWPHYT,2007,173,1,2697,Nicholas,J,Talbot,Nicholas J Talbot,Editor,SE,,,,,UK,GBR
NEWPHYT,2007,173,1,3877,Howard,,Thomas,Howard Thomas,Editor,SE,,,,,UK,GBR
NEWPHYT,2007,173,1,1144,F,Ian,Woodward,F Ian Woodward,EIC,EIC,,,,,UK,GBR
NEWPHYT,2008,177,1,605,David,,Ackerly,David Ackerly,Editor,SE,,,,,USA,USA
NEWPHYT,2008,177,1,1386,Ian,J,Alexander,Ian J Alexander,Editor,SE,,,,,UK,GBR
NEWPHYT,2008,177,1,2712,Owen,K,Atkin,Owen K Atkin,Editor,SE,,,,,Australia,AUS
NEWPHYT,2008,177,1,409,Colin,,Brownlee,Colin Brownlee,Editor,SE,,,,,UK,GBR
NEWPHYT,2008,177,1,425,Chris,,Cobbett,Chris Cobbett,Editor,SE,,,,,Australia,AUS
NEWPHYT,2008,177,1,2789,Peter,S,Curtis,Peter S Curtis,Editor,SE,,,,,USA,USA
NEWPHYT,2008,177,1,74,Alastair,H,Fitter,Alastair H Fitter,Editor,SE,,,,,UK,GBR
NEWPHYT,2008,177,1,105,Alistair,M,Hetherington,Alistair M Hetherington,Tansley.Review.Editor,SPECIAL,,,,,UK,GBR
NEWPHYT,2008,177,1,105,Alistair,M,Hetherington,Alistair M Hetherington,Tansley.Review.Editor,SPECIAL,,,,,UK,GBR
NEWPHYT,2008,177,1,105,Alistair,M,Hetherington,Alistair M Hetherington,Section.Editors.Physiology.&.Development,SE,,,,,UK,GBR
NEWPHYT,2008,177,1,105,Alistair,M,Hetherington,Alistair M Hetherington,Section.Editors.Physiology.&.Development,SE,,,,,UK,GBR
NEWPHYT,2008,177,1,2042,Keith,,Lindsey,Keith Lindsey,Editor,SE,,,,,UK,GBR
NEWPHYT,2008,177,1,1105,Francis,,Martin,Francis Martin,Section.Editors.Interaction,SE,,,,,France,FRA
NEWPHYT,2008,177,1,3174,Richard,J,Norby,Richard J Norby,Section.Editors.Environment,SE,,,,,USA,USA
NEWPHYT,2008,177,1,168,Andrea,,Polle,Andrea Polle,Editor,SE,,,,,Germany,DEU
NEWPHYT,2008,177,1,2532,Mark,D,Rausher,Mark D Rausher,Section.Editors.Evolution,SE,,,,,USA,USA
NEWPHYT,2008,177,1,2685,Natalia,,Requena,Natalia Requena,Editor,SE,,,,,Germany,DEU
NEWPHYT,2008,177,1,1357,Henk,,Schat,Henk Schat,Editor,SE,,,,,Netherlands,NLD
NEWPHYT,2008,177,1,2557,Marc-Andre,,Selosse,Marc-Andre Selosse,Editor,SE,,,,,France,FRA
NEWPHYT,2008,177,1,3218,Ruth,,Shaw,Ruth Shaw,Editor,SE,,,,,USA,USA
NEWPHYT,2008,177,1,3483,Sonia,,Sultan,Sonia Sultan,Editor,SE,,,,,USA,USA
NEWPHYT,2008,177,1,2697,Nicholas,J,Talbot,Nicholas J Talbot,Editor,SE,,,,,UK,GBR
NEWPHYT,2008,177,1,1144,F,Ian,Woodward,F Ian Woodward,EIC,EIC,,,,,UK,GBR
NEWPHYT,2009,181,1,605,David,,Ackerly,David Ackerly,Editor,SE,,,,,USA,USA
NEWPHYT,2009,181,1,1386,Ian,J,Alexander,Ian J Alexander,Editor,SE,,,,,UK,GBR
NEWPHYT,2009,181,1,2712,Owen,K,Atkin,Owen K Atkin,Editor,SE,,,,,Australia,AUS
NEWPHYT,2009,181,1,409,Colin,,Brownlee,Colin Brownlee,Editor,SE,,,,,UK,GBR
NEWPHYT,2009,181,1,425,Chris,,Cobbett,Chris Cobbett,Editor,SE,,,,,Australia,AUS
NEWPHYT,2009,181,1,2789,Peter,S,Curtis,Peter S Curtis,Editor,SE,,,,,USA,USA
NEWPHYT,2009,181,1,74,Alastair,H,Fitter,Alastair H Fitter,Editor,SE,,,,,UK,GBR
NEWPHYT,2009,181,1,105,Alistair,M,Hetherington,Alistair M Hetherington,Tansley.Review.Editor,SPECIAL,,,,,UK,GBR
NEWPHYT,2009,181,1,105,Alistair,M,Hetherington,Alistair M Hetherington,Tansley.Review.Editor,SPECIAL,,,,,UK,GBR
NEWPHYT,2009,181,1,105,Alistair,M,Hetherington,Alistair M Hetherington,Editor,SE,,,,,UK,GBR
NEWPHYT,2009,181,1,105,Alistair,M,Hetherington,Alistair M Hetherington,Editor,SE,,,,,UK,GBR
NEWPHYT,2009,181,1,119,Andre,,Kessler,Andre Kessler,Editor,SE,,,,,USA,USA
NEWPHYT,2009,181,1,2042,Keith,,Lindsey,Keith Lindsey,Editor,SE,,,,,UK,GBR
NEWPHYT,2009,181,1,1105,Francis,,Martin,Francis Martin,Section.Editors.Interaction,SE,,,,,France,FRA
NEWPHYT,2009,181,1,3174,Richard,J,Norby,Richard J Norby,Section.Editors.Environment,SE,,,,,USA,USA
NEWPHYT,2009,181,1,162,Anne,E,Osbourn,Anne E Osbourn,Editor,SE,,,,,UK,GBR
NEWPHYT,2009,181,1,168,Andrea,,Polle,Andrea Polle,Editor,SE,,,,,Germany,DEU
NEWPHYT,2009,181,1,2532,Mark,D,Rausher,Mark D Rausher,Section.Editors.Evolution,SE,,,,,USA,USA
NEWPHYT,2009,181,1,2685,Natalia,,Requena,Natalia Requena,Editor,SE,,,,,Germany,DEU
NEWPHYT,2009,181,1,1357,Henk,,Schat,Henk Schat,Editor,SE,,,,,Netherlands,NLD
NEWPHYT,2009,181,1,2557,Marc-Andre,,Selosse,Marc-Andre Selosse,Editor,SE,,,,,France,FRA
NEWPHYT,2009,181,1,3218,Ruth,,Shaw,Ruth Shaw,Editor,SE,,,,,USA,USA
NEWPHYT,2009,181,1,3943,Steven,H,Strauss,Steven H Strauss,Section.Editors.Physiology.&.Development,SE,,,,,USA,USA
NEWPHYT,2009,181,1,3483,Sonia,,Sultan,Sonia Sultan,Editor,SE,,,,,USA,USA
NEWPHYT,2009,181,1,2697,Nicholas,J,Talbot,Nicholas J Talbot,Editor,SE,,,,,UK,GBR
NEWPHYT,2009,181,1,1144,F,Ian,Woodward,F Ian Woodward,EIC,EIC,,,,,UK,GBR
NEWPHYT,2010,185,1,2966,Richard,J,Abbott,Richard J Abbott,Editor,SE,,,,,UK,GBR
NEWPHYT,2010,185,1,605,David,,Ackerly,David Ackerly,Editor,SE,,,,,USA,USA
NEWPHYT,2010,185,1,1386,Ian,J,Alexander,Ian J Alexander,Editor,SE,,,,,UK,GBR
NEWPHYT,2010,185,1,2712,Owen,K,Atkin,Owen K Atkin,Editor,SE,,,,,Australia,AUS
NEWPHYT,2010,185,1,9,Amy,T,Austin,Amy T Austin,Editor,SE,,,,,Argentina,ARG
NEWPHYT,2010,185,1,409,Colin,,Brownlee,Colin Brownlee,Editor,SE,,,,,UK,GBR
NEWPHYT,2010,185,1,74,Alastair,H,Fitter,Alastair H Fitter,Editor,SE,,,,,UK,GBR
NEWPHYT,2010,185,1,2151,Laura,F,Galloway,Laura F Galloway,Editor,SE,,,,,USA,USA
NEWPHYT,2010,185,1,105,Alistair,M,Hetherington,Alistair M Hetherington,Tansley.Review.Editor,SPECIAL,,,,,UK,GBR
NEWPHYT,2010,185,1,105,Alistair,M,Hetherington,Alistair M Hetherington,Tansley.Review.Editor,SPECIAL,,,,,UK,GBR
NEWPHYT,2010,185,1,105,Alistair,M,Hetherington,Alistair M Hetherington,Editor,SE,,,,,UK,GBR
NEWPHYT,2010,185,1,105,Alistair,M,Hetherington,Alistair M Hetherington,Editor,SE,,,,,UK,GBR
NEWPHYT,2010,185,1,119,Andre,,Kessler,Andre Kessler,Editor,SE,,,,,USA,USA
NEWPHYT,2010,185,1,2042,Keith,,Lindsey,Keith Lindsey,Editor,SE,,,,,UK,GBR
NEWPHYT,2010,185,1,1105,Francis,,Martin,Francis Martin,Section.Editors.Interaction,SE,,,,,France,FRA
NEWPHYT,2010,185,1,3174,Richard,J,Norby,Richard J Norby,Section.Editors.Environment,SE,,,,,USA,USA
NEWPHYT,2010,185,1,162,Anne,E,Osbourn,Anne E Osbourn,Editor,SE,,,,,UK,GBR
NEWPHYT,2010,185,1,3186,Ralph,,Panstruga,Ralph Panstruga,Editor,SE,,,,,Germany,DEU
NEWPHYT,2010,185,1,2515,Marinus,,Pilon,Marinus Pilon,Editor,SE,,,,,USA,USA
NEWPHYT,2010,185,1,168,Andrea,,Polle,Andrea Polle,Editor,SE,,,,,Germany,DEU
NEWPHYT,2010,185,1,2532,Mark,D,Rausher,Mark D Rausher,Section.Editors.Evolution,SE,,,,,USA,USA
NEWPHYT,2010,185,1,2685,Natalia,,Requena,Natalia Requena,Editor,SE,,,,,Germany,DEU
NEWPHYT,2010,185,1,1357,Henk,,Schat,Henk Schat,Editor,SE,,,,,Netherlands,NLD
NEWPHYT,2010,185,1,3943,Steven,H,Strauss,Steven H Strauss,Section.Editors.Physiology.&.Development,SE,,,,,USA,USA
NEWPHYT,2010,185,1,1144,F,Ian,Woodward,F Ian Woodward,EIC,EIC,,,,,UK,GBR
NEWPHYT,2011,189,1,2966,Richard,J,Abbott,Richard J Abbott,Editor,SE,,,,,UK,GBR
NEWPHYT,2011,189,1,605,David,,Ackerly,David Ackerly,Editor,SE,,,,,USA,USA
NEWPHYT,2011,189,1,1386,Ian,J,Alexander,Ian J Alexander,Editor,SE,,,,,UK,GBR
NEWPHYT,2011,189,1,2712,Owen,K,Atkin,Owen K Atkin,Editor,SE,,,,,Australia,AUS
NEWPHYT,2011,189,1,9,Amy,T,Austin,Amy T Austin,Editor,SE,,,,,Argentina,ARG
NEWPHYT,2011,189,1,3516,T,J,Brodribb,T J Brodribb,CoEditor,AE,,,,,Australia,AUS
NEWPHYT,2011,189,1,409,Colin,,Brownlee,Colin Brownlee,Editor,SE,,,,,UK,GBR
NEWPHYT,2011,189,1,3308,S,,Crafts-Brandner,S Crafts-Brandner,CoEditor,AE,,,,,USA,USA
NEWPHYT,2011,189,1,2140,Liam,,Dolan,Liam Dolan,Tansley.Review.Editor,SPECIAL,,,,,UK,GBR
NEWPHYT,2011,189,1,74,Alastair,H,Fitter,Alastair H Fitter,Editor,SE,,,,,UK,GBR
NEWPHYT,2011,189,1,2151,Laura,F,Galloway,Laura F Galloway,Editor,SE,,,,,USA,USA
NEWPHYT,2011,189,1,1605,J,H,Graham,J H Graham,CoEditor,AE,,,,,USA,USA
NEWPHYT,2011,189,1,105,Alistair,M,Hetherington,Alistair M Hetherington,Editor,SE,,,,,UK,GBR
NEWPHYT,2011,189,1,119,Andre,,Kessler,Andre Kessler,Editor,SE,,,,,USA,USA
NEWPHYT,2011,189,1,1322,Hongzhi,,Kong,Hongzhi Kong,Editor,SE,,,,,China,CHN
NEWPHYT,2011,189,1,2042,Keith,,Lindsey,Keith Lindsey,Editor,SE,,,,,UK,GBR
NEWPHYT,2011,189,1,1217,G,J,Loake,G J Loake,CoEditor,AE,,,,,UK,GBR
NEWPHYT,2011,189,1,1105,Francis,,Martin,Francis Martin,Section.Editor.Interaction,SE,,,,,France,FRA
NEWPHYT,2011,189,1,3174,Richard,J,Norby,Richard J Norby,Section.Editor.Environment,SE,,,,,USA,USA
NEWPHYT,2011,189,1,162,Anne,E,Osbourn,Anne E Osbourn,Editor,SE,,,,,UK,GBR
NEWPHYT,2011,189,1,1344,H,,Ougham,H Ougham,CoEditor,AE,,,,,UK,GBR
NEWPHYT,2011,189,1,3186,Ralph,,Panstruga,Ralph Panstruga,Editor,SE,,,,,Germany,DEU
NEWPHYT,2011,189,1,2515,Marinus,,Pilon,Marinus Pilon,Editor,SE,,,,,USA,USA
NEWPHYT,2011,189,1,168,Andrea,,Polle,Andrea Polle,Editor,SE,,,,,Germany,DEU
NEWPHYT,2011,189,1,2532,Mark,D,Rausher,Mark D Rausher,Section.Editor.Evolution,SE,,,,,USA,USA
NEWPHYT,2011,189,1,2685,Natalia,,Requena,Natalia Requena,Editor,SE,,,,,Germany,DEU
NEWPHYT,2011,189,1,1357,Henk,,Schat,Henk Schat,Editor,SE,,,,,Netherlands,NLD
NEWPHYT,2011,189,1,2557,Marc-Andre,,Selosse,Marc-Andre Selosse,Editor,SE,,,,,France,FRA
NEWPHYT,2011,189,1,201,A,Green,Smith,A Green Smith,CoEditor,AE,,,,,UK,GBR
NEWPHYT,2011,189,1,3943,Steven,H,Strauss,Steven H Strauss,Section.Editor.Physiology.Development,SE,,,,,USA,USA
NEWPHYT,2011,189,1,3923,M,Green,Tjoelker,M Green Tjoelker,CoEditor,AE,,,,,Australia,AUS
NEWPHYT,2011,189,1,1144,F,Ian,Woodward,F Ian Woodward,EIC,EIC,,,,,UK,GBR
NEWPHYT,2012,193,1,2966,Richard,J,Abbott,Richard J Abbott,Editor,SE,,,,,UK,GBR
NEWPHYT,2012,193,1,605,David,,Ackerly,David Ackerly,Editor,SE,,,,,USA,USA
NEWPHYT,2012,193,1,1386,Ian,J,Alexander,Ian J Alexander,Editor,SE,,,,,UK,GBR
NEWPHYT,2012,193,1,2712,Owen,K,Atkin,Owen K Atkin,Editor,SE,,,,,Australia,AUS
NEWPHYT,2012,193,1,9,Amy,T,Austin,Amy T Austin,Editor,SE,,,,,Argentina,ARG
NEWPHYT,2012,193,1,3516,T,J,Brodribb,T J Brodribb,CoEditor,AE,,,,,Australia,AUS
NEWPHYT,2012,193,1,409,Colin,,Brownlee,Colin Brownlee,Editor,SE,,,,,UK,GBR
NEWPHYT,2012,193,1,3308,S,,Crafts-Brandner,S Crafts-Brandner,CoEditor,AE,,,,,USA,USA
NEWPHYT,2012,193,1,2140,Liam,,Dolan,Liam Dolan,Tansley.Review.Editor,SPECIAL,,,,,UK,GBR
NEWPHYT,2012,193,1,74,Alastair,H,Fitter,Alastair H Fitter,Editor,SE,,,,,UK,GBR
NEWPHYT,2012,193,1,2151,Laura,F,Galloway,Laura F Galloway,Editor,SE,,,,,USA,USA
NEWPHYT,2012,193,1,1605,J,H,Graham,J H Graham,CoEditor,AE,,,,,USA,USA
NEWPHYT,2012,193,1,105,Alistair,M,Hetherington,Alistair M Hetherington,Editor,SE,,,,,UK,GBR
NEWPHYT,2012,193,1,119,Andre,,Kessler,Andre Kessler,Editor,SE,,,,,USA,USA
NEWPHYT,2012,193,1,1322,Hongzhi,,Kong,Hongzhi Kong,Editor,SE,,,,,China,CHN
NEWPHYT,2012,193,1,2042,Keith,,Lindsey,Keith Lindsey,Editor,SE,,,,,UK,GBR
NEWPHYT,2012,193,1,1217,G,J,Loake,G J Loake,CoEditor,AE,,,,,UK,GBR
NEWPHYT,2012,193,1,1105,Francis,,Martin,Francis Martin,Section.Editor.Interaction,SE,,,,,France,FRA
NEWPHYT,2012,193,1,2467,M,R,McAinsh,M R McAinsh,CoEditor,AE,,,,,UK,GBR
NEWPHYT,2012,193,1,3174,Richard,J,Norby,Richard J Norby,Section.Editor.Environment,SE,,,,,USA,USA
NEWPHYT,2012,193,1,162,Anne,E,Osbourn,Anne E Osbourn,Editor,SE,,,,,UK,GBR
NEWPHYT,2012,193,1,1344,H,,Ougham,H Ougham,CoEditor,AE,,,,,UK,GBR
NEWPHYT,2012,193,1,3186,Ralph,,Panstruga,Ralph Panstruga,Editor,SE,,,,,Germany,DEU
NEWPHYT,2012,193,1,2515,Marinus,,Pilon,Marinus Pilon,Editor,SE,,,,,USA,USA
NEWPHYT,2012,193,1,168,Andrea,,Polle,Andrea Polle,Editor,SE,,,,,Germany,DEU
NEWPHYT,2012,193,1,2532,Mark,D,Rausher,Mark D Rausher,Section.Editor.Evolution,SE,,,,,USA,USA
NEWPHYT,2012,193,1,2685,Natalia,,Requena,Natalia Requena,Editor,SE,,,,,Germany,DEU
NEWPHYT,2012,193,1,1357,Henk,,Schat,Henk Schat,Editor,SE,,,,,Netherlands,NLD
NEWPHYT,2012,193,1,2557,Marc-Andre,,Selosse,Marc-Andre Selosse,Editor,SE,,,,,France,FRA
NEWPHYT,2012,193,1,201,A,Green,Smith,A Green Smith,CoEditor,AE,,,,,UK,GBR
NEWPHYT,2012,193,1,3943,Steven,H,Strauss,Steven H Strauss,Section.Editor.Physiology.Development,SE,,,,,USA,USA
NEWPHYT,2012,193,1,3923,M,Green,Tjoelker,M Green Tjoelker,CoEditor,AE,,,,,Australia,AUS
NEWPHYT,2012,193,1,1144,F,Ian,Woodward,F Ian Woodward,EIC,EIC,,,,,UK,GBR
NEWPHYT,2013,197,2,2966,Richard,J,Abbott,Richard J Abbott,Editor,SE,,,,,UK,GBR
NEWPHYT,2013,197,2,605,David,,Ackerly,David Ackerly,Editor,SE,,,,,USA,USA
NEWPHYT,2013,197,2,2712,Owen,K,Atkin,Owen K Atkin,Editor,SE,,,,,Australia,AUS
NEWPHYT,2013,197,2,9,Amy,T,Austin,Amy T Austin,Editor,SE,,,,,Argentina,ARG
NEWPHYT,2013,197,2,3516,T,J,Brodribb,T J Brodribb,CoEditor,AE,,,,,Australia,AUS
NEWPHYT,2013,197,2,409,Colin,,Brownlee,Colin Brownlee,Editor,SE,,,,,UK,GBR
NEWPHYT,2013,197,2,1510,John,M,Christie,John M Christie,Editor,SE,,,,,UK,GBR
NEWPHYT,2013,197,2,1292,H,P,Comes,H P Comes,CoEditor,AE,,,,,Austria,AUT
NEWPHYT,2013,197,2,3308,S,,Crafts-Brandner,S Crafts-Brandner,CoEditor,AE,,,,,USA,USA
NEWPHYT,2013,197,2,2139,Lynda,F,Delph,Lynda F Delph,Editor,SE,,,,,USA,USA
NEWPHYT,2013,197,2,1395,Ian,A,Dickie,Ian A Dickie,Editor,SE,,,,,NewZealand,NZL
NEWPHYT,2013,197,2,2140,Liam,,Dolan,Liam Dolan,Tansley.Review.Editor,SPECIAL,,,,,UK,GBR
NEWPHYT,2013,197,2,2140,Liam,,Dolan,Liam Dolan,Section.Editor.Physiology.Development,SE,,,,,UK,GBR
NEWPHYT,2013,197,2,74,Alastair,H,Fitter,Alastair H Fitter,Editor,SE,,,,,UK,GBR
NEWPHYT,2013,197,2,1605,J,H,Graham,J H Graham,CoEditor,AE,,,,,USA,USA
NEWPHYT,2013,197,2,91,Andrew,,Groover,Andrew Groover,Editor,SE,,,,,USA,USA
NEWPHYT,2013,197,2,105,Alistair,M,Hetherington,Alistair M Hetherington,EIC,EIC,,,,,UK,GBR
NEWPHYT,2013,197,2,119,Andre,,Kessler,Andre Kessler,Editor,SE,,,,,USA,USA
NEWPHYT,2013,197,2,1322,Hongzhi,,Kong,Hongzhi Kong,Editor,SE,,,,,China,CHN
NEWPHYT,2013,197,2,990,Elena,M,Kramer,Elena M Kramer,Editor,SE,,,,,USA,USA
NEWPHYT,2013,197,2,2042,Keith,,Lindsey,Keith Lindsey,Editor,SE,,,,,UK,GBR
NEWPHYT,2013,197,2,1217,G,J,Loake,G J Loake,CoEditor,AE,,,,,UK,GBR
NEWPHYT,2013,197,2,1105,Francis,,Martin,Francis Martin,Section.Editor.Interaction,SE,,,,,France,FRA
NEWPHYT,2013,197,2,2467,M,R,McAinsh,M R McAinsh,CoEditor,AE,,,,,UK,GBR
NEWPHYT,2013,197,2,2667,Nathan,Green,McDowell,Nathan Green McDowell,Editor,SE,,,,,USA,USA
NEWPHYT,2013,197,2,3174,Richard,J,Norby,Richard J Norby,Section.Editor.Environment,SE,,,,,USA,USA
NEWPHYT,2013,197,2,162,Anne,E,Osbourn,Anne E Osbourn,Editor,SE,,,,,UK,GBR
NEWPHYT,2013,197,2,1344,H,,Ougham,H Ougham,CoEditor,AE,,,,,UK,GBR
NEWPHYT,2013,197,2,3186,Ralph,,Panstruga,Ralph Panstruga,Editor,SE,,,,,Germany,DEU
NEWPHYT,2013,197,2,2515,Marinus,,Pilon,Marinus Pilon,Editor,SE,,,,,USA,USA
NEWPHYT,2013,197,2,168,Andrea,,Polle,Andrea Polle,Editor,SE,,,,,Germany,DEU
NEWPHYT,2013,197,2,2532,Mark,D,Rausher,Mark D Rausher,Section.Editor.Evolution,SE,,,,,USA,USA
NEWPHYT,2013,197,2,2685,Natalia,,Requena,Natalia Requena,Editor,SE,,,,,Germany,DEU
NEWPHYT,2013,197,2,1357,Henk,,Schat,Henk Schat,Editor,SE,,,,,Netherlands,NLD
NEWPHYT,2013,197,2,2557,Marc-Andre,,Selosse,Marc-Andre Selosse,Editor,SE,,,,,France,FRA
NEWPHYT,2013,197,2,201,A,Green,Smith,A Green Smith,CoEditor,AE,,,,,UK,GBR
NEWPHYT,2013,197,2,1892,J,R,Stinchcombe,J R Stinchcombe,CoEditor,AE,,,,,Canada,CAN
NEWPHYT,2013,197,2,3923,M,Green,Tjoelker,M Green Tjoelker,CoEditor,AE,,,,,Australia,AUS
NEWPHYT,2014,201,1,2966,Richard,J,Abbott,Richard J Abbott,Editor,SE,,,,,UK,GBR
NEWPHYT,2014,201,1,605,David,,Ackerly,David Ackerly,Editor,SE,,,,,USA,USA
NEWPHYT,2014,201,1,2712,Owen,K,Atkin,Owen K Atkin,Section.Editor.Environment,SE,,,,,Australia,AUS
NEWPHYT,2014,201,1,9,Amy,T,Austin,Amy T Austin,Editor,SE,,,,,Argentina,ARG
NEWPHYT,2014,201,1,3516,T,J,Brodribb,T J Brodribb,CoEditor,AE,,,,,Australia,AUS
NEWPHYT,2014,201,1,409,Colin,,Brownlee,Colin Brownlee,Editor,SE,,,,,UK,GBR
NEWPHYT,2014,201,1,1510,John,M,Christie,John M Christie,Editor,SE,,,,,UK,GBR
NEWPHYT,2014,201,1,1292,H,P,Comes,H P Comes,CoEditor,AE,,,,,Austria,AUT
NEWPHYT,2014,201,1,3308,Steven,,Crafts-Brandner,Steven Crafts-Brandner,CoEditor,AE,,,,,USA,USA
NEWPHYT,2014,201,1,2139,Lynda,F,Delph,Lynda F Delph,Editor,SE,,,,,USA,USA
NEWPHYT,2014,201,1,1395,Ian,A,Dickie,Ian A Dickie,Editor,SE,,,,,New Zealand,NZL
NEWPHYT,2014,201,1,2140,Liam,,Dolan,Liam Dolan,Tansley.Review.Editor,SPECIAL,,,,,UK,GBR
NEWPHYT,2014,201,1,2140,Liam,,Dolan,Liam Dolan,Section.Editor.Physiology.Development,SE,,,,,UK,GBR
NEWPHYT,2014,201,1,1605,J,H,Graham,J H Graham,CoEditor,AE,,,,,USA,USA
NEWPHYT,2014,201,1,91,Andrew,,Groover,Andrew Groover,Editor,SE,,,,,USA,USA
NEWPHYT,2014,201,1,105,Alistair,M,Hetherington,Alistair M Hetherington,EIC,EIC,,,,,UK,GBR
NEWPHYT,2014,201,1,119,Andre,,Kessler,Andre Kessler,Editor,SE,,,,,USA,USA
NEWPHYT,2014,201,1,1322,Hongzhi,,Kong,Hongzhi Kong,Editor,SE,,,,,China,CHN
NEWPHYT,2014,201,1,990,Elena,M,Kramer,Elena M Kramer,Editor,SE,,,,,USA,USA
NEWPHYT,2014,201,1,2042,Keith,,Lindsey,Keith Lindsey,Editor,SE,,,,,UK,GBR
NEWPHYT,2014,201,1,1217,G,J,Loake,G J Loake,CoEditor,AE,,,,,UK,GBR
NEWPHYT,2014,201,1,1105,Francis,,Martin,Francis Martin,Section.Editor.Interaction,SE,,,,,France,FRA
NEWPHYT,2014,201,1,2467,M,R,McAinsh,M R McAinsh,CoEditor,AE,,,,,UK,GBR
NEWPHYT,2014,201,1,2667,Nathan,Green,McDowell,Nathan Green McDowell,Editor,SE,,,,,USA,USA
NEWPHYT,2014,201,1,3174,Richard,J,Norby,Richard J Norby,Editor,SE,,,,,USA,USA
NEWPHYT,2014,201,1,2500,Maarja,,Opik,Maarja Opik,Editor,SE,,,,,Estonia,EST
NEWPHYT,2014,201,1,162,Anne,E,Osbourn,Anne E Osbourn,Editor,SE,,,,,UK,GBR
NEWPHYT,2014,201,1,1344,H,,Ougham,H Ougham,CoEditor,AE,,,,,UK,GBR
NEWPHYT,2014,201,1,3186,Ralph,,Panstruga,Ralph Panstruga,Editor,SE,,,,,Germany,DEU
NEWPHYT,2014,201,1,2515,Marinus,,Pilon,Marinus Pilon,Editor,SE,,,,,USA,USA
NEWPHYT,2014,201,1,168,Andrea,,Polle,Andrea Polle,Editor,SE,,,,,Germany,DEU
NEWPHYT,2014,201,1,2532,Mark,D,Rausher,Mark D Rausher,Section.Editor.Evolution,SE,,,,,USA,USA
NEWPHYT,2014,201,1,2685,Natalia,,Requena,Natalia Requena,Editor,SE,,,,,Germany,DEU
NEWPHYT,2014,201,1,187,Ari,,Sadanandom,Ari Sadanandom,CoEditor,AE,,,,,UK,GBR
NEWPHYT,2014,201,1,1357,Henk,,Schat,Henk Schat,Editor,SE,,,,,Netherlands,NLD
NEWPHYT,2014,201,1,2557,Marc-Andre,,Selosse,Marc-Andre Selosse,Editor,SE,,,,,France,FRA
NEWPHYT,2014,201,1,201,A,Green,Smith,A Green Smith,CoEditor,AE,,,,,UK,GBR
NEWPHYT,2014,201,1,1892,John,R,Stinchcombe,John R Stinchcombe,CoEditor,AE,,,,,Canada,CAN
NEWPHYT,2014,201,1,2577,Mark,Green,Tjoelker,Mark Green Tjoelker,CoEditor,AE,,,,,Australia,AUS
NEWPHYT,2015,205,1,2966,Richard,J,Abbott,Richard J Abbott,Editor,SE,,,,,UK,GBR
NEWPHYT,2015,205,1,605,David,,Ackerly,David Ackerly,Editor,SE,,,,,USA,USA
NEWPHYT,2015,205,1,2712,Owen,K,Atkin,Owen K Atkin,Section.Editor.Environment,SE,,,,,Australia,AUS
NEWPHYT,2015,205,1,9,Amy,T,Austin,Amy T Austin,Editor,SE,,,,,Argentina,ARG
NEWPHYT,2015,205,1,3917,Margaret,M,Barbour,Margaret M Barbour,Editor,SE,,,,,Australia,AUS
NEWPHYT,2015,205,1,3516,Tim,J,Brodribb,Tim J Brodribb,CoEditor,AE,,,,,Australia,AUS
NEWPHYT,2015,205,1,409,Colin,,Brownlee,Colin Brownlee,Editor,SE,,,,,UK,GBR
NEWPHYT,2015,205,1,1510,John,M,Christie,John M Christie,Editor,SE,,,,,UK,GBR
NEWPHYT,2015,205,1,1292,Hans-Peter,P,Comes,Hans-Peter P Comes,CoEditor,AE,,,,,Austria,AUT
NEWPHYT,2015,205,1,3308,S,,Crafts-Brandner,S Crafts-Brandner,CoEditor,AE,,,,,USA,USA
NEWPHYT,2015,205,1,2139,Lynda,F,Delph,Lynda F Delph,Editor,SE,,,,,USA,USA
NEWPHYT,2015,205,1,1395,Ian,A,Dickie,Ian A Dickie,Editor,SE,,,,,New Zealand,NZL
NEWPHYT,2015,205,1,2140,Liam,,Dolan,Liam Dolan,Tansley.Review.Editor,SPECIAL,,,,,UK,GBR
NEWPHYT,2015,205,1,2140,Liam,,Dolan,Liam Dolan,Section.Editor.Physiology.Development,SE,,,,,UK,GBR
NEWPHYT,2015,205,1,1605,Jim,H,Graham,Jim H Graham,CoEditor,AE,,,,,USA,USA
NEWPHYT,2015,205,1,91,Andrew,,Groover,Andrew Groover,Editor,SE,,,,,USA,USA
NEWPHYT,2015,205,1,105,Alistair,M,Hetherington,Alistair M Hetherington,EIC,EIC,,,,,UK,GBR
NEWPHYT,2015,205,1,119,Andre,,Kessler,Andre Kessler,Editor,SE,,,,,USA,USA
NEWPHYT,2015,205,1,1322,Hongzhi,,Kong,Hongzhi Kong,Editor,SE,,,,,China,CHN
NEWPHYT,2015,205,1,990,Elena,M,Kramer,Elena M Kramer,Editor,SE,,,,,USA,USA
NEWPHYT,2015,205,1,1686,Jorg,,Kudla,Jorg Kudla,Editor,SE,,,,,Germany,DEU
NEWPHYT,2015,205,1,2042,Keith,,Lindsey,Keith Lindsey,Editor,SE,,,,,UK,GBR
NEWPHYT,2015,205,1,1217,G,J,Loake,G J Loake,CoEditor,AE,,,,,UK,GBR
NEWPHYT,2015,205,1,1105,Francis,,Martin,Francis Martin,Section.Editor.Interaction,SE,,,,,France,FRA
NEWPHYT,2015,205,1,2467,M,R,McAinsh,M R McAinsh,CoEditor,AE,,,,,UK,GBR
NEWPHYT,2015,205,1,2667,Nathan,Green,McDowell,Nathan Green McDowell,Editor,SE,,,,,USA,USA
NEWPHYT,2015,205,1,3174,Richard,J,Norby,Richard J Norby,Editor,SE,,,,,USA,USA
NEWPHYT,2015,205,1,2500,Maarja,,Opik,Maarja Opik,Editor,SE,,,,,Estonia,EST
NEWPHYT,2015,205,1,162,Anne,E,Osbourn,Anne E Osbourn,Editor,SE,,,,,UK,GBR
NEWPHYT,2015,205,1,1344,H,,Ougham,H Ougham,CoEditor,AE,,,,,UK,GBR
NEWPHYT,2015,205,1,3186,Ralph,,Panstruga,Ralph Panstruga,Editor,SE,,,,,Germany,DEU
NEWPHYT,2015,205,1,2515,Marinus,,Pilon,Marinus Pilon,Editor,SE,,,,,USA,USA
NEWPHYT,2015,205,1,168,Andrea,,Polle,Andrea Polle,Editor,SE,,,,,Germany,DEU
NEWPHYT,2015,205,1,2532,Mark,D,Rausher,Mark D Rausher,Section.Editor.Evolution,SE,,,,,USA,USA
NEWPHYT,2015,205,1,2685,Natalia,,Requena,Natalia Requena,Editor,SE,,,,,Germany,DEU
NEWPHYT,2015,205,1,187,Ari,,Sadanandom,Ari Sadanandom,CoEditor,AE,,,,,UK,GBR
NEWPHYT,2015,205,1,1357,Henk,,Schat,Henk Schat,Editor,SE,,,,,Netherlands,NLD
NEWPHYT,2015,205,1,2557,Marc-Andre,,Selosse,Marc-Andre Selosse,Editor,SE,,,,,France,FRA
NEWPHYT,2015,205,1,201,Alison,Green,Smith,Alison Green Smith,CoEditor,AE,,,,,UK,GBR
NEWPHYT,2015,205,1,1892,J,R,Stinchcombe,J R Stinchcombe,CoEditor,AE,,,,,Canada,CAN
NEWPHYT,2015,205,1,3923,M,Green,Tjoelker,M Green Tjoelker,CoEditor,AE,,,,,Australia,AUS
NEWPHYT,2015,205,1,1920,Jana,,Vamosi,Jana Vamosi,Editor,SE,,,,,Canada,CAN